schl_nr,stadium,gueltig_ab,datum_praezision,name,ist_urspruenglich
00001,1,1898,vor,Victoriastraße (tlw.),falsch
00001,2,1902-05-16,tag,Aachener Straße,falsch
00001,3,1909-03-05,tag,Aachener Straße (Verl.),falsch
00002,1,1959-02-18,tag,Abteistraße,falsch
00003,1,1902-05-16,tag,Achenbachstraße,falsch
00003,2,1922-09-13,tag,Achenbachhang,falsch
00004,1,1921-09-26,tag,Kreftenscheerstraße,falsch
00004,2,1937-11-20,tag,Achtermbergbredde,falsch
00005,1,1896-11-01,tag,Achternbergstraße,falsch
00005,2,1931-12-11,tag,Achtermbergstraße (Umb.),falsch
00005,3,1968-11-21,tag,Achternbergstraße (Umb.),falsch
00006,1,1937-11-20,tag,Achthausen,falsch
00007,1,1955-01-19,tag,Achtmorgenfeld,falsch
00008,1,1895-11-28,tag,Ackerstraße,falsch
00008,2,1897-01-22,tag,Bornstraße,falsch
00008,3,1915-07-09,tag,Ackerstraße (Verl),falsch
00009,1,1903-02-04,tag,Ludwigstraße,falsch
00009,2,1937-11-20,tag,Adelgundenweg,falsch
00009,3,1959-09-08,tag,Adelgundenweg (Verl.),falsch
00010,1,1874,vor,Adelkampstraße,falsch
03566,1,1925-03-24,tag,Adlerstraße,falsch
03566,2,1976-12-14,tag,Adierstraße,falsch
00012,1,1889-07-05,tag,Am Stadtgarten,falsch
00012,2,1933-05-08,tag,Admiral-Scheer-Straße,falsch
03556,1,1971-09-22,tag,Adolf-Hopmann-Straße,falsch
00013,1,1929-01-10,tag,Adolf- Rath-Straße,falsch
00014,1,1914-10-09,tag,Adolf-Schmidt-Straße,falsch
00015,1,1897-09-06,tag,Adolfstraße,falsch
00016,1,1890-11-18,tag,Knottenberg (tIw),falsch
00016,2,1890-11-18,tag,Eickenscheider Weg (tlw.),falsch
00016,3,1894-05-09,tag,Knottenbergstraße,falsch
00016,4,1905,jahr,Moitkestraße (tlw.),falsch
00016,5,1909-03-26,tag,Stoppenberger Straße,falsch
00016,6,1929-12-12,tag,Am Knottenberg (tlw.),falsch
00016,7,1937-11-20,tag,Äbtissinsteig,falsch
00017,1,1904-02-04,tag,Ägidiusstraße,falsch
00018,1,1957-12-12,tag,Agirstraße,falsch
00019,1,1909-11-26,tag,Agnesstraße,falsch
00020,1,1890-11-18,tag,Aastraße,falsch
00020,2,1937-11-20,tag,Ahestraße,falsch
00021,1,1903,vor,Heinrichstraße,falsch
00021,2,1903-03-12,tag,Ahnewinkelstraße,falsch
00021,3,1903-03-12,tag,Ahnewinkelstraße (Verl),falsch
00021,4,1922,vor,Friedhofsweg (Umb.),falsch
00021,5,1934-01-12,tag,Ahnewinkelstraße (Verl),falsch
00022,1,1904-02-04,tag,Bergisch-Märkische Straße,falsch
00022,2,1910-09-16,tag,Ahornstraße,falsch
00023,1,1935-06-03,tag,Ahornzweig,falsch
00024,1,1910-09-16,tag,Ahrfeldstraße,falsch
00029,1,1963-12-17,tag,Aisthang,falsch
03652,1,1937,jahr,Fichtestraße,falsch
03652,2,1978-04-07,tag,Akademiestraße,falsch
00025,1,1860,jahr,Akazienaltee,falsch
00026,1,1948-12-14,tag,Akstraße,falsch
00027,1,1896-08-14,tag,Aktienstraße,falsch
00028,1,1915-07-06,tag,Albermannstraße,falsch
02536,1,1993-11-09,tag,Albertine-Badenberg-Weg,falsch
01129,1,1995-11-28,tag,Albert-Schmidt- Weg,falsch
00058,1,1966-12-14,tag,Albert-Schweitzer-Straße,falsch
00030,1,1897-09-06,tag,Albrechtstraße,falsch
00031,1,,unbekannt,Schachtstraße,wahr
00031,2,1902-05-16,tag,Aldegreverstraße,falsch
00243,1,1965-01-21,tag,Aldenhofweg,falsch
00032,1,1897-09-06,tag,Alexanderstraße,falsch
01125,1,1965-02-17,tag,Waldthausenbrücke,falsch
01125,2,1994-08-17,tag,Alfred- Herrhausen-Brücke,falsch
00033,1,1868-01-17,tag,Alfredistraße (tiw.),falsch
00033,2,1940-06-10,tag,Alfrediquelle,falsch
00034,1,1868-01-17,tag,Alfredistraße,falsch
03269,1,1984-06-22,tag,Alfred-Neuse-Weg,falsch
00035,1,1958-07-02,tag,Alfred- Pott-Weg,falsch
00036,1,1897-09-06,tag,Alfredstraße,falsch
00530,1,1978-12-21,tag,Alfried-Krupp-Straße,falsch
00037,1,1922-06-02,tag,Hermannstraße,falsch
00037,2,1937-11-20,tag,Alinenhöhe,falsch
00038,1,1920-10-01,tag,Allbauweg,falsch
00039,1,1904-11-18,tag,Alleestraße,falsch
00040,1,1903-02-04,tag,Idastraße,falsch
00040,2,1910-09-16,tag,Allerstraße,falsch
00040,3,1937-11-20,tag,Weserstraße,falsch
00040,4,1945-05-15,tag,Allerstraße,falsch
00041,1,1897-09-06,tag,Amalienstraße,falsch
00041,2,1906-01-26,tag,Almastraße,falsch
00043,1,1938-10-21,tag,Alsenplatz,falsch
00569,1,1927-08-09,tag,Bottroper Straße (tlw.),falsch
00569,2,1980-08-20,tag,Alte Bottroper Straße,falsch
00044,1,1936-01-15,tag,Alte Eichen,falsch
00253,1,1911-11-21,tag,Haarzopfer Straße,falsch
00253,2,1915-07-09,tag,Hatzper Straße (tIw.),falsch
00253,3,1968-09-18,tag,Alte Hatzper Straße,falsch
01428,1,1911-06-16,tag,Hauptstraße,falsch
01428,2,1978-11-23,tag,Alte Hauptstraße,falsch
00045,1,1892-03-29,tag,Kirchstraße (tlw.),falsch
00045,2,1904-03-21,tag,Alte Kirchstraße,falsch
00045,3,1955-01-19,tag,Alte Kirchstraße (Verl.),falsch
00045,4,1995-09-20,tag,Alte Kirchstraße (Verl.),falsch
00046,1,1903-03-12,tag,Alte Landstraße,falsch
00252,1,1911-11-21,tag,Raadter Straße (tiw.),falsch
00252,2,1968-11-21,tag,Alte Raadter Straße,falsch
00054,1,1890-11-18,tag,Königstraße,falsch
00054,2,1908-02-27,tag,Königstraße (Verl.),falsch
00054,3,1937-11-20,tag,Alte Zeilen,falsch
00047,1,1929-07-26,tag,Altenau,falsch
00048,1,1953-03-03,tag,Altenbergmühle,falsch
00049,1,1895-01-04,tag,Altenbergstraße,falsch
00049,2,1898-03-11,tag,Yorckstraße,falsch
00049,3,1931-12-11,tag,Altenbergstraße (Verl.),falsch
00050,1,1883,jahr,Limbecker Chaussee,falsch
00050,2,1901-12-04,tag,Altendorfer Straße,falsch
00050,3,1933-05-08,tag,Thomaestraße (tiw,falsch
00050,4,1945-05-15,tag,Altendorfer Straße (tw,falsch
00050,5,1946-03-27,tag,Ernst-Thälmann-Straße (Umb.),falsch
00050,6,1950-10-19,tag,Altendorfer Straße (Verl),falsch
00051,1,1898,vor,Rathausplatz,falsch
00051,2,1902-05-16,tag,Altendorfplatz,falsch
00052,1,1922-09-13,tag,Langenhorster Platz,falsch
00052,2,1936-01-15,tag,Altenessener Markt,falsch
00053,1,,unbekannt,Viehofer Chausee,wahr
00053,2,1908-08-07,tag,Altenessener Straße,falsch
00053,3,,unbekannt,Essen-Horster- Straße,wahr
00053,4,1915-07-09,tag,Altenessener Straße (Verl.),falsch
00055,1,1954-02-23,tag,Altmeyerstraße,falsch
00056,1,1896-08-14,tag,Altstraße,falsch
01608,1,2001-07-10,tag,Aluminiumallee,falsch
00057,1,,unbekannt,Alfredshof (tlw.),wahr
00057,2,1914-10-09,tag,Alfredspark,falsch
00057,3,1959-12-11,tag,Am Alfredspark,falsch
01134,1,1996-01-30,tag,Am Alfredusbad,falsch
00059,1,1903-02-04,tag,Obere Marktstraße,falsch
00059,2,1903-02-04,tag,Untere Marktstraße,falsch
00059,3,1910-09-16,tag,Am Ardey,falsch
01555,1,2000-03-14,tag,Am Bahnhof Altenessen,falsch
00060,1,1904-05-27,tag,Am Bernewäldchen,falsch
01550,1,1999-08-03,tag,Am Bienenstock,falsch
03601,1,1924,jahr,Am Bilstein,falsch
03601,2,1897-11-04,tag,Lehmdreh,falsch
03601,3,1925-06-16,tag,Hochstraße (tiw.),falsch
03601,4,1978-04-07,tag,Am Bilstein (Verl.),falsch
03601,5,1950-12-11,tag,Waldsaum,falsch
03601,6,1978-04-07,tag,Am Bilstein (Verl.),falsch
00833,1,2008-02-26,tag,Am Blambeckpark,falsch
00061,1,1929-07-12,tag,Am Bocklerbaum,falsch
00061,2,1929-07-12,tag,Kiwittstraße,falsch
00061,3,1937-11-20,tag,Am Bocklerbuam (Verl.),falsch
03602,1,1927-10-25,tag,Am Bögelsknappen,falsch
00062,1,,unbekannt,Bosselstraße,wahr
00062,2,1925,vor,Am Bonnenberg,falsch
00063,1,1920-10-01,tag,Am Brachland,falsch
00064,1,1927-12-01,tag,Am Brandenbusch,falsch
00065,1,1897-01-22,tag,Gertrudstraße,falsch
00065,2,1915-07-09,tag,Am Brauhaus,falsch
00066,1,1953-03-03,tag,Am Broch,falsch
00067,1,1941-05-14,tag,Am Brönngen,falsch
01614,1,2002-09-10,tag,Am Bruchweiher,falsch
00068,1,1911-04-21,tag,Am Brückenkopf,falsch
00069,1,1909-01-07,tag,Am Brunnen,falsch
00112,1,1964-05-20,tag,Am Buchenhain,falsch
00070,1,1926,jahr,Am Buschgarten,falsch
00071,1,1890-11-18,tag,Am Deimelsberg,falsch
00072,1,1913-05-30,tag,Eyhof,falsch
00072,2,1931-12-11,tag,Am Dönhof,falsch
01543,1,2000-05-09,tag,Am Dolmen,falsch
00074,1,1935-09-30,tag,Lührmannstraße (tlw.),falsch
00074,2,1957-07-15,tag,Am Ehrenfriedhof,falsch
00164,1,1963-03-20,tag,Am Ehrenmal,falsch
00075,1,1891-04-30,tag,Kreuzstraße (tlw.),falsch
00075,2,1915-07-09,tag,Am Ellenbogen,falsch
00076,1,1908-07-10,tag,Elsenstraße,falsch
00076,2,1915-07-09,tag,Am Elsenbusch,falsch
01871,1,2012-07-17,tag,Am EUROPA-CENTER,falsch
00258,1,1970-01-21,tag,Am Fern- meldeamt,falsch
00703,1,2005-01-11,tag,Am Fichtenbusch,falsch
00251,1,1968-11-21,tag,Am Fliegenbusch,falsch
00077,1,1868-01-17,tag,Am Freistein,falsch
00077,2,1892-03-29,tag,Feldstraße,falsch
00077,3,1933-05-08,tag,Am Freistein (Verl.),falsch
00260,1,1911-07-16,tag,Am Fröhlinge,falsch
00247,1,1961-12-13,tag,Am Funkturm,falsch
00079,1,1914-10-09,tag,Am Gehölz,falsch
00080,1,1922-07-02,tag,Am Gellenberg,falsch
00170,1,1966-12-14,tag,Am Gemeindebusch,falsch
00182,1,1966-07-20,tag,Am Gerichtshaus,falsch
00081,1,1903-02-04,tag,Glockenbergstraße,falsch
00081,2,1903-02-04,tag,Kurzestraße,falsch
00081,3,1903-02-04,tag,Steinstraße,falsch
00081,4,1903-02-04,tag,Stiftsstraße,falsch
00081,5,1910-09-16,tag,Am Glockenberg,falsch
00081,6,1928-02-27,tag,Am Glockenberg (Verl),falsch
00082,1,1955-03-31,tag,Am Glockenspiel,falsch
00963,1,2009-12-01,tag,Am Grugapark,falsch
00083,1,1954-02-23,tag,Am Gutshof,falsch
00084,1,1927-06-30,tag,Am Hagenbusch,falsch
03603,1,1937,jahr,Dietrich-Eckart-Siedlung,falsch
03603,2,1945-03-03,tag,Icktener Siedlung (t!w.),falsch
03603,3,1952-09-05,tag,Am Hammershöfchen,falsch
00085,1,1868-01-17,tag,Bachstraße,falsch
00085,2,1913-05-30,tag,Am Handelshof,falsch
00085,3,1978-04-07,tag,Am Handelshof (Verl),falsch
02537,1,1993-11-18,tag,Am Handwerkerpark,falsch
00086,1,1964-02-25,tag,Am Hang,falsch
00087,1,1913-05-30,tag,Am Hauptbahnhof,falsch
00088,1,1955-09-21,tag,Am Haus Stein,falsch
03604,1,1952-10-21,tag,Am Hausberg,falsch
00089,1,1958-07-02,tag,Am Heimbusch,falsch
00090,1,1950-03-15,tag,Am Heissiwald,falsch
00091,1,1912,jahr,Sonnenstraße {tlw.),falsch
00091,2,1939-05-26,tag,Am Herrenbusch,falsch
00092,1,1914-05-10,tag,Am Hinsberg,falsch
03605,1,1936,jahr,Am Hofacker,falsch
03605,2,1958-02-25,tag,Am Hofacker (Verl.),falsch
00093,1,1922-06-02,tag,Am hohen Kreuz,falsch
00093,2,1957-07-15,tag,Am Hohen Kreuz,falsch
00699,1,2004-04-20,tag,Am Isinger Bach,falsch
00095,1,1959-12-11,tag,Am Jungborn,falsch
00096,1,,unbekannt,Bergstraße,wahr
00096,2,1929-07-12,tag,Am Kalverkämpchen,falsch
00097,1,1950-07-05,tag,Am Kampenbusch,falsch
03606,1,1950-12-11,tag,Am Kattenturm,falsch
01885,1,2013-08-30,tag,Am Kettwiger Ruhrbogen,falsch
00262,1,1961-12-18,tag,Am Kieskamp,falsch
00263,1,1911-06-16,tag,Am Kirchhof,falsch
01619,1,2003-12-23,tag,Am Knottenberg,falsch
00098,1,1954-10-18,tag,Am Kohlenkämpchen,falsch
00099,1,,unbekannt,Florastraße,wahr
00099,2,1937-11-20,tag,Tiergarten (tlw.),falsch
00099,3,1950-03-15,tag,Am Korintenberg,falsch
00100,1,1956-07-03,tag,Am Kornkamp,falsch
00101,1,1922-06-02,tag,Am Korstick,falsch
00264,1,1911-06-16,tag,Am Krählinge,falsch
00102,1,,unbekannt,Josefstraße,wahr
00102,2,1903-02-04,tag,Hovescheidtstraße ftlw.),falsch
00102,3,1910-09-16,tag,Am krausen Bäumchen (Verl),falsch
00102,4,1957-07-15,tag,Am Krausen Bäumchen,falsch
00103,1,1896-02-13,tag,Georgstraße,falsch
00103,2,1915-07-09,tag,Am Kreuz,falsch
00208,1,1896-10-08,tag,Rohrstraße,falsch
00208,2,1915-07-09,tag,Bedingrader Straße (tiw.),falsch
00208,3,1967-05-03,tag,Am Kreyenkrop,falsch
00104,1,1956-02-22,tag,Am Kringel,falsch
00105,1,,unbekannt,Baumstraße,wahr
00105,2,1937-11-20,tag,Am Krusen,falsch
00822,1,2006-08-15,tag,Am Kunstschacht,falsch
00239,1,1961-06-28,tag,Am Kunstwerk,falsch
00106,1,1927-06-30,tag,Am Langensiepen,falsch
00107,1,1920-08-04,tag,Lilienstraße,falsch
00107,2,1946-05-22,tag,Am Lehmberg,falsch
01130,1,1996-10-29,tag,Am Lichtbogen,falsch
02527,1,1991-02-21,tag,Am Lindenbruch,falsch
00108,1,,unbekannt,Hippenstraße,wahr
00108,2,1922-06-02,tag,Peterstraße,falsch
00108,3,1937-11-20,tag,Am Lünink,falsch
00241,1,1976-05-19,tag,Am Luftschacht,falsch
00109,1,1954-07-15,tag,Am Markuskreuz,falsch
02513,1,1988-09-13,tag,Am Mechtenberg,falsch
03607,1,1950-12-11,tag,Am Möhlenkamp,falsch
00110,1,1953-03-03,tag,Am Mörgeken,falsch
00111,1,1902-05-15,tag,Am Mühlenbach,falsch
03608,1,1875,vor,Ruhrstraße (tlw.),falsch
03608,2,1971-10-19,tag,Am Mühlengraben,falsch
03609,1,1930-01-28,tag,Am Muhrenberg,falsch
00113,1,1940-01-12,tag,Am Nachtigallental,falsch
00209,1,1898-03-11,tag,Metzer Straße (tiw.),falsch
00209,2,1967-06-29,tag,Am Ostpark,falsch
00114,1,1897-11-29,tag,Luegstraße (tlw.),falsch
00114,2,1936-01-15,tag,Am Parkfriedhof,falsch
00526,1,1978-09-19,tag,Am Porscheplatz,falsch
00115,1,1938-10-21,tag,Am Pothstück,falsch
00698,1,2003-07-08,tag,Am Pumpwerk,falsch
02510,1,1988-06-24,tag,Am Reiterhof,falsch
00116,1,1922-06-02,tag,Am Richrath,falsch
00238,1,1901-12-13,tag,Frohnhauser Straße (tIw.),falsch
00238,2,1963-09-04,tag,Am Richtenberg,falsch
00574,1,,unbekannt,Schultepäskenstraße,wahr
00574,2,1902-05-16,tag,Riehlstraße (tlw),falsch
00574,3,1981-07-10,tag,Am Riehlpark,falsch
00117,1,1959-09-08,tag,Am Ringofen,falsch
00246,1,1964-05-20,tag,Am Roten Haus,falsch
00246,2,1970-09-23,tag,Am Roten Haus (Verl) Name einer Flur,falsch
00248,1,1962-04-25,tag,Am Rüttenscheider Stern,falsch
00118,1,1936,vor,Am Ruhmbach (Rumbach),falsch
00119,1,1898,vor,Ruhrsteinstraße,falsch
00119,2,1915-07-09,tag,Am Ruhrstein,falsch
00120,1,1927,jahr,Am Ruhrufer,falsch
00121,1,1929-07-12,tag,Am Rundblick,falsch
03270,1,1984-06-12,tag,Am Schacht Hubert,falsch
00123,1,1933-08-14,tag,Am Scheidtbusch,falsch
00124,1,1896-02-13,tag,Bogenstraße,falsch
00124,2,1915-07-09,tag,Am Schlagbaum,falsch
00125,1,1957-01-23,tag,Am Schlangenberg,falsch
00126,1,1922-06-02,tag,Am Schmalscheid,falsch
00127,1,1955-03-31,tag,Am Schroer,falsch
01138,1,1997-09-16,tag,Am Schroerkotten,falsch
00128,1,1928-10-30,tag,Am Schultenhof,falsch
00129,1,1922-06-02,tag,Am Schwarzen,falsch
03565,1,1976-12-07,tag,Am Seeblick,falsch
01872,1,2012-07-17,tag,Am Seebogen,falsch
03559,1,1973-12-18,tag,Am Siepenhang,falsch
00266,1,1951-11-13,tag,Am Sonnenschein,falsch
00266,2,1978-10-03,tag,Am Sonnenhang,falsch
03732,1,1970-10-06,tag,Industriestraße,falsch
03732,2,1972-05-03,tag,Ohmstraße,falsch
03732,3,1978-04-07,tag,Am Stadtbad,falsch
00249,1,1966-12-14,tag,Am Stadthafen,falsch
03611,1,1926,jahr,Am Stadtwald,falsch
03612,1,1953-10-19,tag,Am Stammensberg,falsch
00267,1,1968-12-30,tag,Am Stern,falsch
00132,1,1904-02-04,tag,Turmstraße,falsch
00132,2,1910-10-16,tag,Am Stift,falsch
01615,1,2002-12-31,tag,Am Stoppenberger Bach,falsch
00259,1,1974-09-18,tag,Am Streifen,falsch
00133,1,1922-06-02,tag,Am Strötgen,falsch
00134,1,1927-12-01,tag,Eckbertstraße (tiw.),falsch
00134,2,1950-07-05,tag,Am Tann,falsch
00134,3,1950-07-05,tag,Am Hochbassin,falsch
00134,4,1951-03-05,tag,Am Tann (Verl.),falsch
01149,1,1999-05-18,tag,Am Technologiepark,falsch
00135,1,1959-12-11,tag,Am Teichstück,falsch
00217,1,1961-02-22,tag,Am Rheinstahlhaus,falsch
00136,1,1953-10-13,tag,Am Treppchen,falsch
00137,1,1922-06-02,tag,Am Turm,falsch
00138,1,1953-03-03,tag,Am U-Bogen,falsch
00255,1,1910-09-16,tag,Wittekindstraße (tiw.),falsch
00255,2,1969-04-15,tag,Am Uhlenkrug,falsch
00261,1,1951-11-13,tag,Dinnendahlweg,falsch
00261,2,1970-12-16,tag,Am Vattersberg,falsch
00257,1,1969-10-22,tag,Am Vierkotten,falsch
00139,1,1929-07-29,tag,Am Vogelherd,falsch
00140,1,1922-06-02,tag,Am Volkswald,falsch
00240,1,1963-06-25,tag,Am Wäldchen,falsch
00141,1,1866-04-06,tag,Hochstraße,falsch
00141,2,1937-02-25,tag,Am Waldthausenpark,falsch
00141,3,1958-07-02,tag,Am Waldthausenpark (Vert.),falsch
00268,1,1953-06-05,tag,Am Wasserturm,falsch
00143,1,1924-02-05,tag,Am Werthschemm,falsch
00144,1,1913-05-30,tag,Am Westbahnhof,falsch
03615,1,1950-02-11,tag,Am Wetzelsberg,falsch
00145,1,1951-07-04,tag,Am Weusthof,falsch
03552,1,1914-10-09,tag,Am Hang,falsch
03552,2,1970-12-16,tag,Am Wiedenfeld,falsch
01544,1,2000-05-09,tag,Am Wieselbach,falsch
00146,1,1907-08-06,tag,Wiesenstraße,falsch
00146,2,1915-07-09,tag,Am Wiesental,falsch
03689,1,1939,jahr,Im Siepen,falsch
03689,2,1978-04-07,tag,Am Wildbach,falsch
00147,1,1956-02-22,tag,Am Wittkop,falsch
00244,1,1964-05-20,tag,Am Wolfshof,falsch
01888,1,2013-08-30,tag,Am Wollboden,falsch
00148,1,1959-09-08,tag,Am Wünnesberg,falsch
01540,1,1999-08-03,tag,Am Wunschbrunnen,falsch
00149,1,1897-11-29,tag,Wisthoffstraße,falsch
00149,2,1933-05-08,tag,Am Zehnthof,falsch
00149,3,,unbekannt,Eickenscheidterstraße,wahr
00149,4,1937-11-20,tag,Am Zehnthof (Verl),falsch
03272,1,1985-02-26,tag,Am Ziegelteich,falsch
00094,1,1896,jahr,Amixstraße,falsch
00130,1,1903-02-04,tag,Kuhstraße,falsch
00130,2,1910-09-16,tag,Amselstraße,falsch
00265,1,1966-12-12,tag,Amselweg,falsch
00150,1,1926,jahr,An den Friedhöfen,falsch
00254,1,1969-03-19,tag,An den Quellen,falsch
00151,1,1922-06-02,tag,An der Altenburg,falsch
00152,1,1909-11-26,tag,Bonner Straße,falsch
00152,2,1929-07-24,tag,An der Apostelkirche,falsch
00153,1,1939-05-26,tag,An der Bergbrücke,falsch
03558,1,1973-11-20,tag,An der Bergkuhle,falsch
00154,1,1922-06-02,tag,An der Bläufabrik,falsch
01552,1,1999-12-14,tag,An der Blumenwiese,falsch
00155,1,1929-07-29,tag,An der Braut,falsch
03564,1,1953-07-31,tag,Aufm Rolland {tlw.),falsch
03564,2,1976-09-15,tag,An der Düsterbeck,falsch
00156,1,1950-07-05,tag,An der Fliehburg,falsch
00250,1,1966-12-14,tag,An der Hütung,falsch
00157,1,1909-01-07,tag,An der Kluse,falsch
00158,1,1922-06-02,tag,An der Kuhl,falsch
03554,1,1971-03-17,tag,An der Lanterbeck,falsch
00159,1,1909-01-07,tag,An der Meisenburg,falsch
03616,1,1946-04-04,tag,Schmachtenbergstraße (tlw.),falsch
03616,2,1950-10-03,tag,An der Nittlau,falsch
03617,1,1909-01-07,tag,An der Pierburg (Essen),falsch
03617,2,1950-12-01,tag,An der Pierburg (Kettwig),falsch
00161,1,1887-06-10,tag,Neustraße,falsch
00161,2,1915-07-09,tag,An der Reichsbank,falsch
00242,1,1962-04-25,tag,An der Schlaghecke,falsch
03560,1,1916-02-18,tag,Schacht-Kronprinz-Straße (tiw.),falsch
01559,1,2000-10-17,tag,An der Seilbahn,falsch
03625,1,1904,vor,Kaiser-Wilhelm-Platz und 21. Dezember 1899: Thalstraße,falsch
02605,1,1898-05-10,tag,Ringstraße,falsch
02605,2,1978-04-07,tag,An der Stadtmauer,falsch
00163,1,1915-07-09,tag,An der Walkmühle,falsch
00256,1,1966-12-14,tag,An der Wickenburg,falsch
00269,1,1911-06-16,tag,An der Windmühle,falsch
00269,2,1953-06-05,tag,An der Windmühle (Verl.),falsch
03563,1,1976-06-23,tag,An der Zeche Heinrich,falsch
00165,1,1949-08-31,tag,An der Ziegelei,falsch
00167,1,1953-03-03,tag,An Lindemanns Kreuz,falsch
01137,1,1997-09-16,tag,An Römerskotten,falsch
00171,1,1956-04-09,tag,An St. Albertus Magnus,falsch
00172,1,1936-08-05,tag,An St. Hedwig,falsch
00173,1,1898-03-11,tag,Freiligrathstraße,falsch
00173,2,1946-05-22,tag,An St. Ignatius,falsch
00174,1,1956-02-23,tag,An St. Immakulata,falsch
00175,1,1868-01-17,tag,Niederstraße (tlw.),falsch
00175,2,1958-07-02,tag,An St. Marien,falsch
00176,1,1923-09-24,tag,An St. Quintin,falsch
00177,1,1930-05-31,tag,An St. Stephan,falsch
00178,1,1953-10-13,tag,An St. Thomas,falsch
03562,1,1975-12-16,tag,Anemonenweg,falsch
03551,1,1897-09-16,tag,Laurastraße,falsch
03551,2,1970-12-16,tag,Angelikastraße,falsch
00166,1,1914-10-09,tag,Angerstraße,falsch
00168,1,1930,jahr,Anna-Linder-Weg,falsch
00169,1,1897-11-06,tag,Annastraße,falsch
00179,1,1900-11-06,tag,Schulstraße,falsch
00179,2,1937-11-20,tag,Anstockstraße,falsch
00180,1,1919-05-28,tag,Antonienallee,falsch
00245,1,1963-09-04,tag,Antoniushang,falsch
00181,1,1897-01-22,tag,Antoniusstraße,falsch
00183,1,1905,jahr,Antropstraße,falsch
02504,1,1987-12-09,tag,Antwerpenweg,falsch
00184,1,,unbekannt,Stolzestraße,wahr
00184,2,1902-05-16,tag,Archenholzstraße,falsch
00185,1,1896-08-14,tag,Bonnstraße,falsch
00185,2,1915-07-09,tag,Ardelhütte,falsch
00186,1,1903-02-04,tag,Marktplatz,falsch
00186,2,1910-09-16,tag,Ardeyplatz,falsch
00187,1,1903-02-04,tag,Schellenbergstraße (tiw.),falsch
00187,2,1910-09-16,tag,Unterstraße,falsch
00187,3,1915-07-09,tag,Ardeystraße,falsch
00188,1,1903,vor,Bottroper Straße,falsch
00188,2,1934-01-12,tag,Arenbergstraße,falsch
03555,1,1971-04-21,tag,Arendahls Hang,falsch
00189,1,1892-03-29,tag,Lohstraße (tiw.),falsch
00189,2,1937-11-20,tag,Arendahls Wiese,falsch
00189,3,1937-09-20,tag,Katern-berger Straße,falsch
00189,4,1963-12-17,tag,Arendahls Wiese (Verl.),falsch
00190,1,1923-03-26,tag,Freiheitstraße,falsch
00190,2,1934-06-05,tag,Arminiusgarten,falsch
00191,1,1897-01-22,tag,Armstraße,falsch
03618,1,,unbekannt,Gartenstraße,wahr
03618,2,1930-10-07,tag,Arndtstraße,falsch
00193,1,1927-12-01,tag,Arnoldstraße,falsch
02509,1,1988-06-14,tag,Aronweg,falsch
00194,1,,unbekannt,Asbachtalweg,wahr
00194,2,1937-11-20,tag,Asbachtal,falsch
00195,1,1924-09-17,tag,Milendonkweg (tlw.),falsch
00195,2,1938-10-21,tag,Asbeckstraße,falsch
00195,3,1972-05-17,tag,Asbeckstraße (Verl.),falsch
00196,1,1938-10-21,tag,Ascherfeldweg,falsch
00197,1,1954-02-23,tag,Aseyweg,falsch
00198,1,1939-05-26,tag,Askaristraße,falsch
02522,1,1990-04-24,tag,Assmannweg,falsch
00199,1,1957-01-23,tag,Asthöwerstraße,falsch
03619,1,1963-04-05,tag,Auer Höhe,falsch
00200,1,1920-11-30,tag,Auf dem Bretzberg,falsch
00202,1,1896-08-14,tag,Freistraße,falsch
00202,2,1915-07-09,tag,Auf dem Eichholz,falsch
03620,1,1956-10-11,tag,Auf dem Eigen,falsch
02520,1,1990-01-26,tag,Auf dem Erdwinkel,falsch
00203,1,1949-12-22,tag,Auf dem Felde,falsch
00204,1,1929-07-06,tag,Auf dem Holleter,falsch
00205,1,1910-06-27,tag,Auf dem Kolfen,falsch
03550,1,1911-06-16,tag,Auf dem Loh,falsch
03550,2,1958,jahr,Schulstraße,falsch
03550,3,1978-10-03,tag,Auf dem Loh (Ver!.),falsch
00206,1,1922-07-14,tag,Auf dem Stapel,falsch
00207,1,1915-07-06,tag,Barkhofenstraße,falsch
00207,2,1934-06-28,tag,Barkhovenstraße,falsch
00207,3,1957-07-15,tag,Auf dem Sutan,falsch
00210,1,1921-08-01,tag,Auf der Bredde,falsch
00211,1,1957-07-15,tag,Auf der Bucht,falsch
00212,1,1953-03-03,tag,Auf der Burg,falsch
00213,1,1950-03-15,tag,Auf der Delle,falsch
00214,1,1868-01-17,tag,Auf der Donau,falsch
03621,1,1908-06-11,tag,Auf der Forst,falsch
00215,1,1959-12-11,tag,Auf der Fuchskaul,falsch
00201,1,1970-06-24,tag,Auf der Gathe,falsch
00216,1,1956-07-03,tag,Auf der Gehre,falsch
00824,1,2006-09-12,tag,Auf der Heide,falsch
00218,1,1955-09-21,tag,Auf der Höhe,falsch
00219,1,1959-09-08,tag,Auf der Horst,falsch
00220,1,1958-07-02,tag,Auf der Knappe,falsch
00221,1,1897-11-29,tag,Terbovenstraße,falsch
00221,2,1946-05-22,tag,Auf der Litten,falsch
00222,1,1892-03-29,tag,Rotthausener Straße,falsch
00222,2,1896-10-27,tag,Sevenarstraße,falsch
00222,3,1896-10-27,tag,Auf der Reihe,falsch
00222,4,1936-01-15,tag,Auf der Reihe (Verl.),falsch
03622,1,1934,jahr,Auf der Rötsch,falsch
00823,1,2006-11-28,tag,Auf der Ruhrhöhe,falsch
00223,1,1953-03-03,tag,Auf der Union,falsch
00224,1,1953-03-03,tag,Aufhau,falsch
00225,1,1953-03-03,tag,Auf'm Berg,falsch
00226,1,1931-12-11,tag,Auf'm Bögel,falsch
00227,1,1907-12-23,tag,Böndgenstraße,falsch
00227,2,1937-11-20,tag,Auf'm Böntchen,falsch
00228,1,1957-01-23,tag,Auf'm Bruch,falsch
00229,1,1931-02-12,tag,Auf'm Dörnchen,falsch
00230,1,1923-09-24,tag,Auf'm Gartenstück,falsch
00231,1,1922-06-02,tag,Auf'm Kahr,falsch
03557,1,1971-10-20,tag,Auf'm Keller,falsch
00232,1,1959-02-02,tag,Auf'm Kirchentand,falsch
00233,1,1953-07-31,tag,Auf'm Rolland,falsch
00234,1,1907-08-06,tag,Helmesberg,falsch
00234,2,1950-03-15,tag,Auf'm Steinacker,falsch
03553,1,1974-12-11,tag,Auf'm Stöcken,falsch
00235,1,1958-07-02,tag,Auf'm Uhlenbroich,falsch
00236,1,,unbekannt,Prozessionsweg,wahr
00236,2,1933-08-14,tag,Augenerstraße,falsch
00237,1,1922-06-02,tag,Augustaweg,falsch
01249,1,1922-02-09,tag,Heinestraße,falsch
01249,2,1934-06-05,tag,Schladebach,falsch
01249,3,1945-05-15,tag,Heinestraße,falsch
01249,4,1978-04-27,tag,August-Schmidt- Straße,falsch
03624,1,,unbekannt,Mintarder Straße,wahr
03624,2,1922-05-16,tag,August-Thyssen-Straße,falsch
00270,1,1897-01-22,tag,Baasstraße,falsch
03627,1,1884-12-17,tag,Bachstraße,falsch
00272,1,1896-12-13,tag,Hügelstraße,falsch
00272,2,1915-07-09,tag,Backwinkelstraße,falsch
00273,1,1903,jahr,Friedrichstraße,falsch
00273,2,1903,jahr,Sternstraße,falsch
00273,3,1934-06-05,tag,Baderweg,falsch
00274,1,1885-07-31,tag,Huyssenstraße,falsch
00274,2,1920-10-01,tag,Baedekerstraße,falsch
00275,1,1913-05-30,tag,Bärendelle,falsch
00276,1,1880,vor,Segerothstraße,falsch
00276,2,1915-07-09,tag,Bäuminghausstraße,falsch
00277,1,1877-03-19,tag,Bahnhofstraße,falsch
00278,1,1901-01-30,tag,Bahnstraße,falsch
00279,1,1954-07-15,tag,Bahrenbergring,falsch
00280,1,1907-08-06,tag,Baldeney,falsch
00514,1,1962-11-12,tag,Baltrumweg,falsch
00281,1,1898-05-18,tag,Kleine Hammerstraße,falsch
00281,2,1927-08-28,tag,Bamlerstraße,falsch
00281,3,2013-04-16,tag,Berthold-Beitz-Boulevard (tlw,falsch
00282,1,1914-10-09,tag,Bandelstraße,falsch
00283,1,1896-10-08,tag,Bandstraße,falsch
00283,2,1959-02-02,tag,Bandstraße (Verl.),falsch
00284,1,1903-12-18,tag,Barbarastraße,falsch
00284,2,1922-09-13,tag,Barbarakirchgang,falsch
00285,1,1894-05-09,tag,Barbarastaße,falsch
00286,1,1900,jahr,Marktplatz,falsch
00512,1,1965-12-02,tag,Barchemhöhe,falsch
00287,1,1910-09-16,tag,Bardelebenstraße,falsch
00967,1,2011-11-01,tag,Bargmannstraße,falsch
00289,1,1934-06-05,tag,Barkhorstrücken,falsch
00289,2,1951-07-04,tag,Barkhorstrücken (Verl),falsch
00290,1,1922-06-02,tag,Barkhofenallee,falsch
00290,2,1934-06-28,tag,Barkhovenallee,falsch
00524,1,1975-04-16,tag,Barkhovenhöhe,falsch
00288,1,1960-06-08,tag,Barnscheidstraße,falsch
00291,1,,unbekannt,Augustinusstraße,wahr
00291,2,1902-05-16,tag,Barthel-Bruyn- Straße,falsch
00292,1,1901-01-02,tag,Bartlingstraße,falsch
00293,1,,unbekannt,Am Hochbassin,wahr
00293,2,1868-01-17,tag,Bassinstraße,falsch
00294,1,1953-03-03,tag,Basunestraße,falsch
00295,1,1903-03-12,tag,Gerhardstraße,falsch
00295,2,1937-11-20,tag,Batenbrocker Straße,falsch
02046,1,2013-12-17,tag,Bauer-Knühl- Weg,falsch
03629,1,1875,vor,Bauerschaft (Nummerierungsbezirk),falsch
03629,2,1950-12-11,tag,Bauerschaft (Straßenname),falsch
00296,1,1907-08-06,tag,Schubertstraße,falsch
00296,2,1915-07-09,tag,Baumblüte,falsch
00521,1,1973-11-20,tag,Baumertweg,falsch
00300,1,1868-01-17,tag,Baumstraße,falsch
00301,1,1941-02-01,tag,Bausemshorst,falsch
00302,1,1896-10-08,tag,Baustraße,falsch
00303,1,1904-02-04,tag,Bauvereinstraße,falsch
00304,1,,unbekannt,Beckerskamp,wahr
00304,2,1969-01-15,tag,Beckerskamp (Vert.),falsch
00305,1,1907-08-06,tag,Helmesberg,falsch
00305,2,1951-12-05,tag,Beckhansweg,falsch
00306,1,1907-08-06,tag,Adelskamp,falsch
00306,2,1915-07-09,tag,Beckmannsbusch,falsch
00306,3,1970-02-24,tag,Beckmannsbusch (Verl.),falsch
00297,1,1965-06-03,tag,Beckmesserstraße,falsch
00307,1,1903-05-08,tag,Becksiepenstraße,falsch
00308,1,1900-04-10,tag,Koloniestraße,falsch
00308,2,1915-07-09,tag,Beckstädtstraße,falsch
00309,1,1939-05-26,tag,Beckstraße,falsch
00310,1,1905,jahr,Gustavstraße,falsch
00310,2,1934-06-05,tag,Beckumsfeld,falsch
00311,1,1899,jahr,Bedastraße,falsch
00312,1,1895-11-28,tag,Thalstraße,falsch
00312,2,1896-10-08,tag,Rohrstraße,falsch
00312,3,1915-07-09,tag,Bedingrader Straße,falsch
00313,1,1899,jahr,E-Straße,falsch
00313,2,1937-11-20,tag,Beekerwerth,falsch
00314,1,,unbekannt,Bismarckstraße,wahr
00314,2,1910-09-16,tag,Beekmannstraße,falsch
00315,1,,unbekannt,Gottfriedstraße,wahr
00315,2,1900-05-04,tag,Beethovenstraße,falsch
00315,3,1915-07-09,tag,Beethovenstraße (Verl),falsch
03631,1,1880,vor,Beetstraße,falsch
00298,1,1965-06-03,tag,Behaimring,falsch
00523,1,1974-12-11,tag,Beisemannshang,falsch
00318,1,1892-03-29,tag,Beisenstraße (tlw.),falsch
00318,2,1937-11-20,tag,Alfred- Schröer-Straße,falsch
00318,3,1945-05-15,tag,Beisenstraße (Verl),falsch
00319,1,1868-01-17,tag,Beiseweg,falsch
00320,1,1891-07-01,tag,Beisingstraße,falsch
00321,1,1901-03-01,tag,Belfortstraße,falsch
00322,1,1936-08-05,tag,Bellenbergsteig,falsch
00323,1,1910-09-16,tag,Bendemannstraße,falsch
00323,2,1938-10-21,tag,Hildebrandtstraße,falsch
00323,3,1945-05-15,tag,Bendemannstraße,falsch
00324,1,1900-11-13,tag,Mittelstraße,falsch
00324,2,1935-11-14,tag,Benderstraße,falsch
00515,1,1902-05-16,tag,Kruppstraße (tiw.),falsch
00515,2,1969-03-19,tag,Benno-Strauß-Straße,falsch
00325,1,1906-03-10,tag,Bentheimer Straße,falsch
00326,1,1929-07-24,tag,Rausenbergerstraße (tlw.),falsch
00326,2,1939-05-26,tag,Benzstraße,falsch
03632,1,1955-03-25,tag,Berchemer Weg,falsch
00327,1,1909-01-07,tag,An der Kluse (tiw.),falsch
00327,2,1915-07-09,tag,Markenweg,falsch
00327,3,1936-01-15,tag,Berenberger Mark,falsch
00328,1,1892-03-29,tag,Rosenstraße,falsch
00328,2,1892-03-29,tag,Viktoriastraße (tlw.),falsch
00328,3,1933-11-27,tag,Bergbaustraße,falsch
00328,4,1965-01-21,tag,Meerkamp (tlw.),falsch
00328,5,1973-11-20,tag,Bergbaustraße (Verl.),falsch
00328,6,1979-09-27,tag,Bergbaustraße (Verl.),falsch
00329,1,1927-08-25,tag,Bergebuschstraße,falsch
00330,1,1904-02-04,tag,Morsestraße,falsch
00330,2,1910-09-15,tag,Herwarthstraße,falsch
00330,3,1914-10-09,tag,Hellweg,falsch
00330,4,1935-11-14,tag,Bergerhauser Straße,falsch
00471,1,1974-12-11,tag,Berghausbusch,falsch
00458,1,1974-09-18,tag,Berghausweg,falsch
00331,1,1896-08-14,tag,Fallstraße (tiw.),falsch
00331,2,1937-11-20,tag,Bergheimer Steig,falsch
00509,1,1895-11-28,tag,Dornstraße,falsch
00509,2,1896-10-08,tag,Grafenweg,falsch
00509,3,1915-07-09,tag,Graffweg,falsch
00509,4,1937-11-20,tag,Ripshorster Straße (Verl),falsch
00509,5,1970-06-24,tag,Bergheimer Straße,falsch
00332,1,1922-06-02,tag,Bergische Landstraße,falsch
00333,1,1896-10-08,tag,Südstraße,falsch
00333,2,1915-07-09,tag,Bergkamp,falsch
00334,1,1890-11-18,tag,Ill,falsch
00334,2,1909-03-26,tag,Knappenstraße,falsch
00334,3,1937-11-20,tag,Bergknappenweg,falsch
00335,1,1949-12-22,tag,Bergmannsglück,falsch
00336,1,1891-04-30,tag,Hügelstraße,falsch
00336,2,1896-10-08,tag,Edelstraße,falsch
00336,3,1915-07-09,tag,Bergmühle,falsch
00337,1,1922-03-08,tag,Bergmühlenwehr,falsch
03633,1,1889-10-16,tag,Bergstraße,falsch
00339,1,1901,vor,Hubertstraße,falsch
00339,2,1935-11-14,tag,Berkenberg,falsch
00340,1,1894-08-07,tag,Zechenstraße,falsch
00340,2,1937-11-20,tag,Berkenhölzken,falsch
00532,1,1894-08-07,tag,Mühlenstraße,falsch
00532,2,1937-02-25,tag,Berkenkampmühle,falsch
00532,3,1979-07-06,tag,Berkenkampmühle (parallel verlaufende neue Straßenführung),falsch
00299,1,1964-03-18,tag,Berliner Platz,falsch
00342,1,1898,vor,Falkensteinstraße (tiw.),falsch
00342,2,1902-05-16,tag,Berliner Straße,falsch
00343,1,1866-04-06,tag,Bernestraße,falsch
00344,1,1922-06-02,tag,Bernhardstraße,falsch
00316,1,1967-05-03,tag,Bersonstraße,falsch
00345,1,1903-03-12,tag,Wörthstraße,falsch
00345,2,1934-06-05,tag,Berswortschanze,falsch
02766,1,1868-01-17,tag,Schillerstraße,falsch
02766,2,1978-04-07,tag,Bert-Brecht- Straße,falsch
00828,1,2007-05-15,tag,Berthold-Beitz-Boulevard,falsch
00828,2,2013-04-16,tag,Berthold-Beitz-Boulevard (Verl.),falsch
00346,1,1897-09-06,tag,Bertoldstraße,falsch
00347,1,1903-03-12,tag,Bertramstraße,falsch
00348,1,1901-12-13,tag,Frohnhauser Straße (tlw.),falsch
00348,2,1961-02-22,tag,Berzeliusstraße,falsch
00349,1,,unbekannt,Martinstraße,wahr
00349,2,1906-12-07,tag,Besselstraße,falsch
00350,1,1929-01-10,tag,Schraeplerstraße (tiw.),falsch
00350,2,1957-07-15,tag,Bessemerstraße,falsch
00352,1,1900,vor,Hofstraße,falsch
00352,2,1937-02-25,tag,Beulenhof,falsch
00353,1,1904,vor,Feldstraße,falsch
00353,2,1919-05-28,tag,Beulestraße,falsch
00353,3,1977-03-08,tag,Beulestraße (Verl.),falsch
00354,1,1868-01-17,tag,Beuststraße,falsch
00355,1,1901-10-20,tag,Viktoriastraße,falsch
00355,2,1937-11-20,tag,Bewerungestraße,falsch
00356,1,1920-10-01,tag,Beyweg,falsch
00357,1,1938-10-21,tag,Bieberweg,falsch
00358,1,1958-07-02,tag,Biegonstraße,falsch
00359,1,1897-08-30,tag,Eisenstraße,falsch
00359,2,1937-11-20,tag,Bielenhöhe,falsch
00360,1,1959-02-18,tag,Bienenweg,falsch
03639,1,1974-12-17,tag,Biesgenweg,falsch
00361,1,1924-09-17,tag,Billebrinkhöhe,falsch
00362,1,1910-09-16,tag,Billrothstraße,falsch
00363,1,1931-03-12,tag,Billsteinweg,falsch
00365,1,1904-02-04,tag,Bachstraße,falsch
00365,2,1910-09-16,tag,Birkenstraße,falsch
00366,1,1914-05-10,tag,Birkmannsweg,falsch
01647,1,1933-05-29,tag,Karl- Peters-Straße,falsch
01647,2,2003-06-14,tag,Bischof-Franz-Wolf-Straße,falsch
00367,1,1899-02-10,tag,Ackerstraße,falsch
00367,2,1900,vor,Bahnstraße,falsch
00367,3,1915-07-09,tag,Bischoffstraße,falsch
00368,1,1887,jahr,Bismarckplatz,falsch
00369,1,1887,jahr,Bismarckstraße,falsch
00370,1,1910,jahr,Siepenweg,falsch
00370,2,1937-11-20,tag,Bissenkamp,falsch
00511,1,1965-02-17,tag,Bläulingweg,falsch
00371,1,1937-11-20,tag,Kaisershofstraße,falsch
00371,2,1946-03-27,tag,Bleckerkamp,falsch
00372,1,1897-11-03,tag,Theodorstraße,falsch
00372,2,1937-11-20,tag,Blittersdorfweg,falsch
00373,1,1896-10-08,tag,Moorstraße,falsch
00373,2,1915-07-09,tag,Blitzstraße,falsch
00374,1,1922,jahr,Blockstraße,falsch
00374,2,1953-02-02,tag,Blockstraße (verl.),falsch
00375,1,1906-05-11,tag,Nürnberger Straße,falsch
00375,2,1916-02-18,tag,Blücherstraße,falsch
00376,1,1895-11-15,tag,Körnerstraße,falsch
00376,2,1902-05-27,tag,Blumenfeldstraße,falsch
00376,3,1934-06-05,tag,Herbert-Norkus-Straße rien (Umb.),falsch
00376,4,1945-05-15,tag,Blumenfeldstraße (Umb.),falsch
00377,1,1907-08-06,tag,Kampstraße,falsch
00377,2,1915-07-09,tag,Blumenkamp,falsch
00378,1,1900-05-04,tag,Blumenthalstraße,falsch
00379,1,,unbekannt,Bocholder Landstraße,wahr
00379,2,1891-04-30,tag,Hochstraße,falsch
00379,3,1915-07-09,tag,Bocholder Straße,falsch
00565,1,1890,jahr,Chausseestraße,falsch
00565,2,1909,jahr,Bahnhofstraße,falsch
00565,3,1926-05-19,tag,Bochumer Straße {tlw.),falsch
00380,1,1875,vor,Berliner Straße,falsch
00380,2,1890-11-18,tag,Chausseestraße,falsch
00380,3,1909-03-26,tag,Bahnhofstraße,falsch
00380,4,1926-05-19,tag,Bochumer Straße,falsch
00380,5,1936-01-15,tag,Bochumer Straße (Verl.),falsch
00380,6,1979-08-22,tag,Bochumer Straße (Verl.),falsch
00381,1,1920-10-01,tag,Bockmühlenweg,falsch
00382,1,1904-02-04,tag,Ludgerusstraße,falsch
00382,2,1910-09-16,tag,Bodelschwinghstraße,falsch
00383,1,1931-02-12,tag,Böcklinstraße,falsch
00384,1,1896-02-13,tag,Friedrichstraße,falsch
00384,2,1915-07-09,tag,Böhmerheide,falsch
00385,1,,unbekannt,Mariusstraße,wahr
00385,2,1902-05-16,tag,Böhmerstraße,falsch
00386,1,1954-07-15,tag,Bökensiepen,falsch
00387,1,,unbekannt,Bischoffstraße,wahr
00387,2,1915-07-09,tag,Boettgerstraße,falsch
00388,1,1922,jahr,Bogenstraße,falsch
00390,1,1903-02-04,tag,Kreuzstraße,falsch
00390,2,1910-09-16,tag,Willenbergstraße,falsch
00390,3,1937-02-25,tag,Bohrmühlental,falsch
00391,1,1922-03-08,tag,Bolckendyck,falsch
00392,1,1892-03-29,tag,Emscherstraße (tlw.),falsch
00392,2,1896-02-13,tag,Grenzstraße,falsch
00392,3,1915-07-09,tag,Am Bolsterbaum,falsch
00392,4,1934-01-12,tag,Bolsterbaum,falsch
00392,5,1934-01-12,tag,Bolsterbaum (Verl.),falsch
00393,1,1937-02-25,tag,Bongerbank,falsch
00520,1,1973-11-20,tag,Bonhoefferweg,falsch
03276,1,1986-05-13,tag,Bonifaciusring,falsch
00394,1,1894-05-09,tag,Bonifaciusstraße,falsch
00394,2,1894-08-07,tag,Hellweg,falsch
00394,3,1936-01-15,tag,Bonifaciusstraße (Verl.),falsch
00435,1,1892-03-29,tag,Katernberger Straße,falsch
00435,2,1924-04-02,tag,Bonnekampstraße (tlw.),falsch
00435,3,1966-12-14,tag,Bonnekamphöhe,falsch
00395,1,1892-03-29,tag,Katernberger Straße,falsch
00395,2,1924-04-02,tag,Bonnekampstraße,falsch
00395,3,1892-03-29,tag,Beisenstraße (tiw.),falsch
00395,4,1937-11-20,tag,Bonnekampstraße (Verl),falsch
00396,1,1891-04-30,tag,Mülheimer Straße,falsch
00396,2,1915-07-09,tag,Bonnemannstraße,falsch
00397,1,1903,jahr,Bonnenbergstraße,falsch
00398,1,1875,vor,Bonnscheidter Straße,falsch
02515,1,1989-05-18,tag,Bonsiepen,falsch
00399,1,1896-10-08,tag,Marktplatz,falsch
00399,2,1915-07-09,tag,Borbecker Platz,falsch
00400,1,1891-04-30,tag,Oberstraße (tlw.),falsch
00400,2,1915-07-09,tag,Borbecker Straße,falsch
00400,3,1977-11-11,tag,Borbecker Straße (Verl.),falsch
00401,1,1953-03-03,tag,Borgemeisterstraße,falsch
00513,1,1962-11-12,tag,Borkumstraße,falsch
00402,1,1934-11-12,tag,Bornickswiese,falsch
00403,1,1891-07-01,tag,Bornstraße,falsch
00404,1,1902-05-16,tag,Borsigstraße,falsch
00405,1,1903-03-12,tag,Querstraße,falsch
00405,2,1903-03-12,tag,Viktorstraße,falsch
00405,3,1937-11-20,tag,Boshamerweg,falsch
00406,1,1936-08-05,tag,Bosselberg,falsch
00407,1,1904-02-04,tag,Bottlenbergstraße,falsch
00407,2,1915-07-09,tag,Bottlenberg,falsch
00408,1,1868-07-06,tag,Segerothstraße,falsch
00408,2,1891-04-30,tag,Blechstraße,falsch
00408,3,1891-04-30,tag,Phönixstraße,falsch
00408,4,1895-11-28,tag,Bruchstraße,falsch
00408,5,1896-10-08,tag,Franzstraße,falsch
00408,6,1915-07-09,tag,Auf dem Bleek,falsch
00408,7,1915-07-09,tag,Haus-Horl- Straße,falsch
00408,8,1915-07-09,tag,Im Hesselbruch am 29. August 1927 zusammengefasst unter der gemeinsamen Bezeichn,falsch
00409,1,1900-11-13,tag,Lindenstraße,falsch
00409,2,1937-11-20,tag,Bovermanns Kamp,falsch
00410,1,,unbekannt,Marienberg,wahr
00410,2,1909,jahr,Bovermanns Weg,falsch
00411,1,1903-03-12,tag,Boyer Straße,falsch
00411,2,1906-05-11,tag,Bahnhofstraße,falsch
00411,3,1935-11-14,tag,Boyer Straße (Verl.),falsch
00412,1,1907-08-06,tag,Brachtstraße,falsch
00529,1,1979-03-16,tag,Brackmannhang,falsch
00425,1,1903-03-12,tag,Waldstraße,falsch
00425,2,1937-11-20,tag,Bräukerwald,falsch
00413,1,1906-12-07,tag,Brahmsstraße,falsch
00414,1,1938-10-21,tag,Brakeler Wald,falsch
00415,1,1936-01-15,tag,Brahmkamphof,falsch
00415,2,1938-10-21,tag,Bramkamphof,falsch
00416,1,1874,jahr,Brahmkampstraße,falsch
00416,2,1938-10-21,tag,Bramkampstraße,falsch
00518,1,1970-02-24,tag,Bramsfeld,falsch
00417,1,1900,vor,Breilmannstraße,falsch
00417,2,1902-05-16,tag,Brandenburger Straße,falsch
02050,1,2014-12-24,tag,Brandgassenstiege,falsch
00419,1,1920-11-30,tag,Brandstraße,falsch
00419,2,1936-11-14,tag,Brandhövel,falsch
00418,1,1953-03-03,tag,Brandhoffs Delle,falsch
00420,1,,unbekannt,Brandstorgasse,wahr
00420,2,,unbekannt,Josephsgasse,wahr
00420,3,1937-11-20,tag,Brandstorgasse (Verl),falsch
00421,1,1937-11-20,tag,Brandstorstraße,falsch
00422,1,,unbekannt,(16. Jh.): opme Brand,wahr
00422,2,1860,jahr,Brandstraße,falsch
00423,1,1897-09-06,tag,Clementinenstraße,falsch
00423,2,1936-08-05,tag,Brassertstraße,falsch
00424,1,1895-01-15,tag,Brauerstraße,falsch
00426,1,1921-09-26,tag,Girondellenstraße,falsch
00426,2,1937-02-25,tag,Braukloh,falsch
00427,1,1932,jahr,Waterfohrplatz (tlw.),falsch
00427,2,1937-11-20,tag,Braunsberg,falsch
00428,1,,unbekannt,Güntherstraße,wahr
00428,2,1902-05-16,tag,Braunschweiger Straße,falsch
00429,1,1896-10-08,tag,Ringstraße,falsch
00429,2,1937-11-20,tag,Brausewindhang,falsch
00430,1,,unbekannt,Marienberg (tlw.),wahr
00430,2,1938-10-21,tag,Breddebuschhang,falsch
00431,1,1937-11-20,tag,Breddemannweg,falsch
00432,1,1962-03-11,tag,Breddestraße,falsch
00516,1,1907-08-06,tag,Rellinghauser Straße,falsch
00516,2,1915-07-09,tag,Frankenstraße (tiw.),falsch
00516,3,1969-03-19,tag,Bredeneyer Kreuz,falsch
00433,1,1907-08-06,tag,Werdener Straße,falsch
00433,2,1907-08-06,tag,Essener Straße,falsch
00433,3,1915-07-09,tag,Bredeneyer Straße,falsch
00433,4,1933-07-13,tag,Hermann-Göring-Straße,falsch
00433,5,1945-06-18,tag,Bredeneyer Straße,falsch
00433,6,1934-01-12,tag,Im Löwental,falsch
00433,7,1968-11-21,tag,Bredeneyer Straße (Verl.),falsch
03636,1,1891,vor,Brederbachstraße,falsch
03635,1,1936,jahr,Brederscheid,falsch
00434,1,1900-05-04,tag,Bredowstraße,falsch
00436,1,1894,jahr,Altenhof,falsch
00436,2,1910-09-16,tag,Altenhof Il (tiw.),falsch
00436,3,1935-10-14,tag,Breidbachweg,falsch
00437,1,1902-05-16,tag,Breilsort,falsch
00438,1,1916-10-16,tag,Breilsrand,falsch
00439,1,1919-05-28,tag,Bruchstraße,falsch
00439,2,1935-11-14,tag,Breloher Steig,falsch
00440,1,1903,vor,Brembergstraße,falsch
00441,1,1922-06-02,tag,Bremerstraße,falsch
00442,1,1922-06-02,tag,Brenscheidtstraße,falsch
00443,1,1902-09-26,tag,Breslauer Straße,falsch
00444,1,1955-03-31,tag,Breukelfeld,falsch
00364,1,1977-03-11,tag,Breukelmannhang,falsch
00445,1,1896-08-14,tag,Hofstraße,falsch
00445,2,1937-11-20,tag,Breukelmannhof,falsch
00446,1,1884,vor,Neustraße,falsch
00446,2,1919-04-01,tag,Poststraße,falsch
00446,3,1937-11-20,tag,Briefzeile,falsch
00447,1,1897-09-06,tag,Barbarastraße,falsch
00447,2,1906-01-26,tag,Brigittastraße,falsch
00448,1,1890-11-18,tag,Brinkerplatz,falsch
02524,1,1990-08-07,tag,Brinkmannsbusch,falsch
00449,1,1959-02-02,tag,Brinkmannstraße,falsch
00450,1,1895-11-28,tag,Brinkstraße,falsch
00452,1,1903-11-27,tag,Friedhofstraße,falsch
00452,2,1915-07-09,tag,Brockhoffstraße,falsch
00453,1,,unbekannt,St.- Anna-Straße,wahr
00453,2,1910-09-16,tag,Saalestraße,falsch
00453,3,1937-11-20,tag,Bröhmkenweg,falsch
00454,1,1957-07-15,tag,Brökelwende,falsch
00455,1,1922-06-02,tag,Brosweg,falsch
00456,1,1951-07-04,tag,Bruchland,falsch
00457,1,1892-03-29,tag,Bruchstraße,falsch
00459,1,1923-07-06,tag,Brucker Holt,falsch
00508,1,1968-11-21,tag,Bruckmannstraße,falsch
00461,1,1822,vor,Ruhrstraße,falsch
00461,2,1937-11-20,tag,Brückstraße,falsch
00462,1,1959-02-02,tag,Brüggemannstraße,falsch
03288,1,1987-12-09,tag,Brüggeweg,falsch
00463,1,1901-01-21,tag,Wilhelmstraße,falsch
00463,2,1903-05-11,tag,Brüningstraße,falsch
00463,3,1920-09-19,tag,Alfredstraße,falsch
00463,4,1936-01-15,tag,Brüninghofer Weg,falsch
00463,5,1936-01-15,tag,Brüninghofer Weg (Verl),falsch
00464,1,1892-07-08,tag,Brüningstraße,falsch
00836,1,2001-05-08,tag,Brüsseler Straße,falsch
00836,2,2008-08-26,tag,Brüsseler Platz,falsch
00460,1,1966-12-14,tag,Bruktererhang,falsch
00466,1,1891-07-01,tag,Brunnenstraße,falsch
00466,2,1933-05-08,tag,Mackensenstraße,falsch
00466,3,1945-06-18,tag,Brunnenstraße,falsch
00467,1,,unbekannt,Brunnenstraße,wahr
00467,2,1946-05-22,tag,Brunnensiepen,falsch
00468,1,1897-09-06,tag,Brunostraße,falsch
00469,1,1929-07-29,tag,August-Brust-Straße,falsch
00469,2,1934-06-05,tag,Spillheide,falsch
00469,3,1945-05-15,tag,Bruststraße,falsch
00470,1,1921,jahr,Buchenkamp,falsch
00472,1,1913-05-30,tag,Buddestraße,falsch
00473,1,,unbekannt,Ludwigstraße,wahr
00473,2,1937-11-20,tag,Buderusstraße,falsch
00474,1,1909-01-25,tag,Humboldtstraße,falsch
00474,2,1909-01-25,tag,Kantstraße,falsch
00474,3,1937-11-20,tag,Büchelsloh,falsch
00474,4,1978-04-07,tag,Büchelsloh (Verl.),falsch
00475,1,1933-08-14,tag,Bückerheide,falsch
00476,1,1916-10-16,tag,Bückmannshof,falsch
00477,1,1951-12-05,tag,Bückmannsmühle,falsch
00478,1,1915,vor,Drosselstraße,falsch
00478,2,1936-01-15,tag,Bühne,falsch
00479,1,1898-03-11,tag,Bülowstraße,falsch
00480,1,,unbekannt,Beckstraße,wahr
00480,2,1915-07-09,tag,Bülsebeckstraße,falsch
00534,1,1979-10-26,tag,Bürgermeister-Fiedler-Platz,falsch
00481,1,1896-02-13,tag,Kleine Straße,falsch
00481,2,1915-07-09,tag,Bürgerstraße,falsch
00482,1,1938-10-21,tag,Büringweg,falsch
00483,1,1957-01-23,tag,Bürkenweg,falsch
00485,1,1959-09-08,tag,Büschenweg,falsch
00484,1,,unbekannt,Weyerstraße,wahr
00484,2,1913-04-04,tag,Büscherstraße,falsch
00486,1,1926-05-19,tag,Büssemstraße,falsch
00487,1,1894,jahr,Altenhof,falsch
00487,2,1910-09-16,tag,Altenhof Il (tiw.),falsch
00487,3,1935-10-14,tag,Büttnerstraße,falsch
00488,1,,unbekannt,Bützgenweg,wahr
00489,1,,unbekannt,Mühlenstraße,wahr
00489,2,1937-11-20,tag,Buikersteig,falsch
00490,1,,unbekannt,Zechenstraße,wahr
00490,2,1935-11-14,tag,Bullmannaue,falsch
00491,1,1501,jahrhundert,Bungertstraße,falsch
00492,1,,unbekannt,Philippstraße,wahr
00492,2,1902-05-16,tag,Bunsenstraße,falsch
00493,1,,unbekannt,Seydtlitzstraße,wahr
00493,2,1902-05-16,tag,Burckhardtstraße,falsch
00494,1,1868-01-17,tag,Burgfeldstraße,falsch
00495,1,1896-03-11,tag,Burggrafenstraße,falsch
00496,1,1860,jahr,Burgplatz,falsch
00496,2,1933-04-20,tag,Adolf-Hitler-Platz,falsch
00496,3,1945-05-15,tag,Burgplatz,falsch
00519,1,1911-06-16,tag,Dahl- Burgstraße - Burg Altendorf hauser Straße,falsch
00519,2,1970-12-16,tag,Burgstraße,falsch
00497,1,1938-10-21,tag,Im Geld,falsch
00497,2,1957-01-23,tag,Burgundenweg,falsch
00498,1,1928,jahr,Fichtestraße,falsch
00498,2,1937-11-20,tag,Burhofer Brauk,falsch
00499,1,1938-10-21,tag,Buschfeldweg,falsch
00500,1,1909-02-05,tag,Buschhauser Straße,falsch
00501,1,1912,vor,Buschkampstraße,falsch
00502,1,1938-10-21,tag,I. Buschlandweg,falsch
00503,1,1938-10-21,tag,Il,falsch
00504,1,1912,jahr,Buschstraße,falsch
00505,1,1907-09-27,tag,Dunckerstraße,falsch
00505,2,1937-11-20,tag,Busehofstraße,falsch
00522,1,1974-04-24,tag,Bussardweg,falsch
00506,1,1912,vor,Hermannstraße,falsch
00506,2,1912,vor,Lindenstraße,falsch
00506,3,1937-02-25,tag,Butenbergs Kamp,falsch
00517,1,1972-09-20,tag,Butzweg,falsch
00507,1,1901-01-30,tag,Oststraße (tiw.),falsch
00507,2,1911,jahr,Wiesenstraße,falsch
00507,3,1933-11-27,tag,Byfanger Straße,falsch
00507,4,1933-11-27,tag,Byfanger Straße (Verl),falsch
00540,1,1897-09-06,tag,Cäcilienstraße,falsch
00546,1,1899-01-09,tag,Cäsarstraße,falsch
00541,1,1909-11-26,tag,Moltkeplatz,falsch
00541,2,1910-09-16,tag,Camillo- Sitte-Platz,falsch
00542,1,1906-12-07,tag,Camphausenstraße,falsch
00543,1,1901-03-16,tag,Kart-Funke-Straße,falsch
00543,2,1957-07-15,tag,Carl-Funke- Straße,falsch
00588,1,1896,jahr,Edelstraße,falsch
00588,2,1915-07-09,tag,Bergmühle (tlw.),falsch
00588,3,1983-03-09,tag,Carl-Kruft-Straße,falsch
01607,1,2001-07-10,tag,Carl-Schmitz-Weg,falsch
00563,1,1973-11-20,tag,Carl-Wolf-Straße,falsch
00544,1,,unbekannt,Steinforthstraße,wahr
00544,2,1902-05-16,tag,Carmerstraße,falsch
00707,1,2004-09-21,tag,Carnaperhof,falsch
00707,2,2010-07-06,tag,Carnaperhof (Verl.),falsch
00545,1,1891-04-30,tag,Karlstraße,falsch
00545,2,1915-07-09,tag,Carolus-Magnus-Straße,falsch
00545,3,1979-03-16,tag,Carolus- Magnus-Straße (Verl.),falsch
00558,1,1966-06-13,tag,Cathostraße,falsch
00573,1,1980-11-07,tag,Schacht Centrum,falsch
00573,2,1981-07-10,tag,Centrumstraße,falsch
00559,1,1911-06-16,tag,Charlottenberg,falsch
00561,1,1911-06-16,tag,Holteyerberg (tiw.),falsch
00561,2,1970-12-16,tag,Charlottenhöhe,falsch
03640,1,1934-10-02,tag,Charlottenhofstraße,falsch
00560,1,1911-06-16,tag,Charlottenstraße,falsch
00562,1,1911-06-16,tag,Holteyerberg (tlw.),falsch
00562,2,1970-12-16,tag,Charlottenweg,falsch
00547,1,1899-03-22,tag,Christinenstraße,falsch
00548,1,1897-09-06,tag,Clemensstraße,falsch
00548,2,1911-04-21,tag,Christophstraße,falsch
00549,1,,unbekannt,Münhlenstraße (tlw.),wahr
00549,2,1902-05-16,tag,Clausiusstraße,falsch
00550,1,1906-03-10,tag,Clausthaler Straße,falsch
03281,1,1986-09-17,tag,Clemens- Schmeck-Straße,falsch
00551,1,1900-11-06,tag,Kanalstraße,falsch
00551,2,1937-11-20,tag,Colsmannstraße,falsch
01596,1,2000-11-07,tag,Conrad-Engels-Weg,falsch
00552,1,1902-05-16,tag,Corlißstraße,falsch
00552,2,1933-06-17,tag,Garthestraße (Umb.),falsch
00552,3,1933-08-05,tag,Erich-Garthe-Straße (Umb.),falsch
00552,4,1945-05-15,tag,Corlißstraße (Umb.),falsch
00553,1,1899-03-22,tag,Corneliastraße,falsch
03641,1,1875,vor,Augustastraße,falsch
03641,2,1889-10-16,tag,Essener Straße (tlw.),falsch
03641,3,1902-11-04,tag,Corneliusstraße,falsch
03641,4,1977-11-29,tag,Corneliusstraße (Verl.),falsch
00555,1,1930-05-31,tag,Corveystraße,falsch
00556,1,1902-05-16,tag,Cranachstraße,falsch
00589,1,1983-03-22,tag,Cremers Heide,falsch
00557,1,,unbekannt,Gneisenaustraße,wahr
00557,2,1902-12-17,tag,Curtiusstraße,falsch
00590,1,1922-09-13,tag,Dachsfeld,falsch
00591,1,1896-08-14,tag,Dachstraße,falsch
00592,1,1910-09-16,tag,Dagobertstraße,falsch
00593,1,1914-10-09,tag,Daheim,falsch
00594,1,1932,vor,Höhenweg,falsch
00594,2,1937-11-20,tag,Dahler Höhe,falsch
00595,1,1874,vor,Schottländerweg,falsch
00595,2,1874,vor,Steeler Straße,falsch
00595,3,1925-04-16,tag,Dahlhauser Straße,falsch
00596,1,1957-01-13,tag,Dahlienhof,falsch
00665,1,1902-05-16,tag,Breilsort (tIw.),falsch
00665,2,1963-09-04,tag,Dahlmannstraße,falsch
00597,1,,unbekannt,Wedelstraße,wahr
00597,2,1902-05-16,tag,Dahnstraße,falsch
00598,1,1929-01-10,tag,Daimlerstraße,falsch
00599,1,1868-01-17,tag,Ruhrstraße,falsch
00599,2,1934-06-05,tag,Dammannstraße,falsch
00600,1,1896-02-13,tag,Dammstraße,falsch
00601,1,1924-09-17,tag,Dandermannsteg,falsch
00571,1,1981-04-03,tag,Daniel- Eckhardt-Straße,falsch
00571,2,1990-06-08,tag,Daniel-Eckhardt-Straße (Verl.),falsch
00602,1,1898,vor,Ludwigstraße,falsch
00602,2,1902-05-16,tag,Danziger Straße,falsch
00603,1,1900-11-13,tag,Dattenberg,falsch
00604,1,,unbekannt,Karlstraße,wahr
00604,2,1902-05-16,tag,Dechenstraße,falsch
00605,1,,unbekannt,Waitzstaße,wahr
00605,2,1905-06-16,tag,Defreggerstraße,falsch
00825,1,2006-12-19,tag,Deichmannweg,falsch
00606,1,1901-01-29,tag,Brückstraße,falsch
00606,2,1934-06-05,tag,Deilbachbrücke,falsch
00607,1,1907-06-06,tag,Friedrichstraße,falsch
00607,2,1937-11-20,tag,Deilbachtal,falsch
00608,1,1900-11-13,tag,Uferstraße,falsch
00608,2,1934-06-05,tag,Deilbachufer,falsch
00609,1,1900-11-13,tag,Deile,falsch
00666,1,1965-06-03,tag,Frisches Glück,falsch
00666,2,1965-12-02,tag,Deilmannshof,falsch
00610,1,1936-08-05,tag,Deinghaushöhe,falsch
00691,1,1911-06-16,tag,Deipenbecke,falsch
00611,1,1897,vor,Deipenbeckstalweg,falsch
00611,2,1911-06-16,tag,Kupferdreher Straße,falsch
00611,3,1970-12-16,tag,Deipenbecktal,falsch
00611,4,1970-12-16,tag,Deipenbecktal (Verl.),falsch
00612,1,,unbekannt,Dellberg,wahr
00613,1,1860,jahr,1. Dellbrügge,falsch
00614,1,1860,jahr,Il,falsch
00615,1,1955-11-02,tag,Dellmannsfeld,falsch
00616,1,1927,vor,Dellmannsweg,falsch
00617,1,1891-04-30,tag,Bahnhofstraße,falsch
00617,2,1915-07-09,tag,Dellwiger Straße,falsch
00618,1,1897-09-06,tag,Bernhardstraße,falsch
00618,2,1937-11-20,tag,Demrathkamp,falsch
00620,1,1905-10-20,tag,Devensstraße,falsch
00621,1,1906-05-11,tag,Albertstraße,falsch
00621,2,1915-07-09,tag,De-Wolff-Straße,falsch
00622,1,1953-03-03,tag,Dickebank,falsch
00623,1,,unbekannt,Hasenkampstraße,wahr
00623,2,1902-05-16,tag,Dickmannstraße,falsch
00623,3,1902,jahr,Barkhofstraße,falsch
00623,4,1937-11-20,tag,Vesterstraße,falsch
00623,5,1970-12-16,tag,Dickmannstraße (Verl),falsch
00624,1,1909-06-08,tag,Dickstraße,falsch
00625,1,1938-10-21,tag,Diechmannplatz,falsch
02523,1,1990-08-07,tag,Diekmannsbusch,falsch
00627,1,1920-10-01,tag,Diemelstraße,falsch
00628,1,,unbekannt,Parkstraße (tlw.),wahr
00628,2,1902-05-16,tag,Diergardtstraße,falsch
02505,1,1987-12-09,tag,Diestweg,falsch
00689,1,1966-07-20,tag,Dietherichweg,falsch
00976,1,2011-11-01,tag,Diether-Krebs-Platz,falsch
00714,1,2005-09-13,tag,Dietrich-Oppenberg-Platz,falsch
01548,1,2000-05-09,tag,Dilldorfer Allee,falsch
00629,1,1914,jahr,Velberter Straße (tlw.),falsch
00629,2,1937-11-20,tag,Dilldorfer Straße,falsch
00630,1,1903-03-12,tag,Dinastraße,falsch
00695,1,1973-11-20,tag,Dingerkusweg,falsch
00631,1,,unbekannt,Kurtstraße,wahr
00631,2,1902-05-16,tag,Dinglerstraße,falsch
00632,1,1897-11-29,tag,Löbbertstraße,falsch
00632,2,1920-10-01,tag,Dinnendahlstraße,falsch
00633,1,1972-09-20,tag,Dinslaker Straße,falsch
00634,1,1896-08-14,tag,Kirchplatz,falsch
00634,2,1915-07-09,tag,Dionysiuskirchplatz,falsch
00635,1,1929-02-05,tag,Ernst-Toller-Straße,falsch
00635,2,1930-05-31,tag,Dirschaustraße,falsch
00636,1,1952-03-25,tag,Dischstraße,falsch
00637,1,1892-03-29,tag,Emscherstraße {tlw.),falsch
00637,2,1922-02-09,tag,Goethestraße,falsch
00637,3,1934-01-12,tag,Distelbeckhof,falsch
00638,1,1906-07-20,tag,Distelkamp,falsch
00639,1,1906-12-21,tag,Dittmarstraße,falsch
00640,1,1901-01-30,tag,Hügelstraße,falsch
00640,2,1937-11-20,tag,Dixbäume,falsch
00641,1,1922-06-22,tag,Dodelle,falsch
00643,1,1910-04-18,tag,Döppelhahn,falsch
00644,1,1897-09-06,tag,Charlottenstraße,falsch
00644,2,1937-11-20,tag,Dohmanns Kamp,falsch
00645,1,1894-08-29,tag,Kerckhoffstraße (tlw.),falsch
00645,2,1951-05-10,tag,Kleine Kerckhoffstraße,falsch
00645,3,1957-12-12,tag,Dollendorfstraße,falsch
00646,1,1949-12-22,tag,Donatweg,falsch
00647,1,1895-11-28,tag,Hoffnungstraße,falsch
00647,2,1915-07-09,tag,Donnerberg,falsch
00648,1,1891-04-30,tag,Donnerstraße,falsch
00649,1,1912,vor,Mittelstraße,falsch
00649,2,1937-11-20,tag,Dorflinde,falsch
00650,1,1903-08-21,tag,Schellbergstraße,falsch
00650,2,1937-11-20,tag,Dornbuschhegge,falsch
00690,1,1972-09-20,tag,Dornebergweg,falsch
00651,1,1927-08-09,tag,Dornemannplatz,falsch
00652,1,1897-09-06,tag,Dorotheenstraße,falsch
00653,1,1909-11-26,tag,Dorstener Straße,falsch
00686,1,1931-02-10,tag,Dortmunder Straße (tiw.),falsch
00686,2,1953-06-25,tag,Dorstfelder Straße,falsch
00654,1,1891,jahr,Borgmannstraße,falsch
00654,2,1934-06-05,tag,Dortmannhof,falsch
00656,1,1934-06-05,tag,Dreesweg,falsch
00657,1,1911,vor,Charlotterweg,falsch
00657,2,1936-01-15,tag,Drehscheibe,falsch
00658,1,1891-04-30,tag,Frohnhauser Straße,falsch
00658,2,1915-07-09,tag,Gartenkamp (tlw.),falsch
00658,3,1937-11-20,tag,Dreigarbenfeld,falsch
00659,1,1868-01-17,tag,Dreilindenstraße,falsch
00692,1,1974-09-18,tag,Dreiringplatz,falsch
00661,1,1875-04-28,tag,Friedrichstraße,falsch
00661,2,1937-11-20,tag,Dreiringstraße,falsch
00662,1,,unbekannt,Emilienstraße,wahr
00662,2,1898,vor,Augustastraße,falsch
00662,3,1902-05-16,tag,Dresdener Straße,falsch
00687,1,1966-07-20,tag,Drimbornweg,falsch
00663,1,1938-10-21,tag,Drogandstraße,falsch
00664,1,1904,vor,Buschstraße,falsch
00664,2,1937-11-20,tag,Drokamp,falsch
00667,1,1949-12-22,tag,Drosselanger,falsch
00668,1,1904-02-04,tag,Hochstraße,falsch
00668,2,1910-09-16,tag,Drosselstraße,falsch
00668,3,1929-07-06,tag,Drosselstraße (Verl.),falsch
00693,1,1966-12-12,tag,Drosselweg,falsch
03645,1,1973-11-20,tag,Droste-Hülshoff-Weg,falsch
00669,1,1894-08-07,tag,Buschstraße,falsch
00669,2,1935-11-14,tag,Drostenbusch,falsch
00688,1,1966-07-20,tag,Drostenhof,falsch
00670,1,,unbekannt,Scharnhorststraße,wahr
00670,2,1902-05-16,tag,Droysenstraße,falsch
00671,1,1905-10-20,tag,Bungertstraße,falsch
00671,2,1936-08-05,tag,Drügeshofstraße,falsch
00672,1,1909-09-26,tag,Drumannstraße,falsch
00673,1,1894,jahr,Altenhof,falsch
00673,2,1910-09-16,tag,Altenhof II (tiw.),falsch
00673,3,1935-10-14,tag,Druschelpfad,falsch
00674,1,1501,jahrhundert,Schützenbahn,falsch
00674,2,1937-11-20,tag,Dudenstraße,falsch
00675,1,1883-11-17,tag,Friedrichstraße,falsch
00675,2,1937-11-20,tag,Dückerstraße,falsch
00676,1,1895-11-28,tag,Dümptener Straße,falsch
00677,1,1957-07-15,tag,Dünkelbergstraße,falsch
00678,1,1911-04-21,tag,Düppelstraße,falsch
00679,1,1891-04-30,tag,Steinstraße,falsch
00679,2,1915-07-09,tag,Düppenberg,falsch
00680,1,,unbekannt,Klementzstraße,wahr
00680,2,1902-05-16,tag,Dürerstraße,falsch
00681,1,1929,vor,Düschenweg,falsch
00681,2,1937-11-20,tag,Düschenhofer Wald,falsch
00682,1,1898,vor,Nikolausstraße,falsch
00682,2,1902-05-16,tag,Düsseldorfer Straße,falsch
00683,1,1905-03-10,tag,Duisburger Straße,falsch
00694,1,1911-06-16,tag,Dumberger Straße,falsch
00694,2,1911-06-16,tag,Burgstraße,falsch
00694,3,1970-12-16,tag,Dumberger Straße (Verl),falsch
00684,1,1901-05-23,tag,Eisenstraße,falsch
00684,2,1937-11-20,tag,Dutzendriege,falsch
00579,1,1982-01-20,tag,Duvenkamp,falsch
00720,1,1922,jahr,Eberhardstraße,falsch
00818,1,1973-12-18,tag,Echstenkämperweg,falsch
00721,1,1927-12-01,tag,Eckbertstraße,falsch
00722,1,,unbekannt,Friedrichstraße (tiw.),wahr
00722,2,1937-02-25,tag,Eckenbergstraße,falsch
00723,1,1896-10-08,tag,Eckstraße,falsch
01146,1,1999-02-24,tag,Econova-Allee. „econova” ist der Name für das über 152 ha große Industrie- und G,falsch
00724,1,1912-01-26,tag,Ederstraße,falsch
00838,1,2008-12-30,tag,Edmund-Körner Platz,falsch
00725,1,1906-05-25,tag,Wolfgangstraße,falsch
00725,2,1937-11-20,tag,Eduard-Lucas-Straße,falsch
00726,1,1911-04-21,tag,Eduardstraße,falsch
00784,1,1966-07-20,tag,Effertweg,falsch
00727,1,,unbekannt,Königgrätzer Straße,wahr
00727,2,1937-11-20,tag,Effmannstraße,falsch
00811,1,1965-12-02,tag,Eggebrechthang,falsch
00728,1,1896-10-08,tag,Brechtstraße,falsch
00728,2,1915-07-07,tag,Eggebrechtstraße,falsch
00728,3,1961-12-13,tag,Eggebrechtstraße (Verl.),falsch
00729,1,1936-08-05,tag,Eginhardhöhe,falsch
00730,1,1934-06-05,tag,Ehrenaue,falsch
00731,1,1902-05-16,tag,Ehrenzeller Platz,falsch
00732,1,1902-05-16,tag,Ehrenzeller Straße,falsch
00733,1,1919-04-01,tag,Eibergweg,falsch
03767,1,1902-12-08,tag,Wiesenstraße,falsch
03767,2,1978-04-07,tag,Eichendorffstraße,falsch
00734,1,1904-02-04,tag,Ringstraße,falsch
00734,2,1910-09-16,tag,Eichenstraße,falsch
00735,1,1938-10-21,tag,Eichhoffweg,falsch
00717,1,2005-12-20,tag,Eichholzhof,falsch
00736,1,1936-08-05,tag,Rolländchen,falsch
00736,2,1938-10-21,tag,Eickelbecktal,falsch
00737,1,1890-11-18,tag,Elisenstraße,falsch
00737,2,1937-02-25,tag,Eickelkamp,falsch
00738,1,1860,jahr,Eickenscheidter Fuhr,falsch
00739,1,1903-11-27,tag,Grabenstraße,falsch
00739,2,1915-07-09,tag,Eickwinkelstraße,falsch
00740,1,1899,vor,Eiergasse,falsch
00809,1,1961-12-13,tag,Eifelhang,falsch
00741,1,1922-09-13,tag,Eigene Scholle,falsch
00742,1,1950-07-05,tag,Eigene Tat,falsch
00743,1,1921-03-31,tag,Eigenstraße,falsch
00744,1,1920-10-01,tag,Eiland,falsch
00815,1,1970-02-24,tag,Eilpeweg,falsch
00745,1,1895-11-28,tag,Einbleckstraße,falsch
00746,1,1907-08-06,tag,Prumendorfer Eisenhammerweg - Deilbachhammer Straße,falsch
00746,2,1915-07-09,tag,Einigkeitsstraße,falsch
00747,1,1905-06-16,tag,Eintrachtstraße,falsch
00748,1,1903-02-04,tag,Bahnhofstraße,falsch
00748,2,1910-09-16,tag,Eisenbahnstraße,falsch
00749,1,1935-09-30,tag,Eisenhammerweg,falsch
00750,1,1892-03-29,tag,Eisenstraße,falsch
00751,1,1887-06-10,tag,Eiserne Hand,falsch
00751,2,1887-06-10,tag,Feldstraße,falsch
00751,3,1915-07-09,tag,Eiserne Hand (Verl.),falsch
00799,1,1965-06-03,tag,Eißlingerhang,falsch
00752,1,1903-02-04,tag,Theodorstraße,falsch
00752,2,1910-09-16,tag,Elbestraße,falsch
00752,3,1933-05-08,tag,Georgsstraße (Umb.),falsch
00752,4,1945-06-18,tag,Elbestraße (Umb.),falsch
00753,1,1937-02-25,tag,Elbinger Knie,falsch
00754,1,1897-09-06,tag,Elonorastraße,falsch
00755,1,1901-06-28,tag,Elfriedenstraße,falsch
00756,1,1932-10-03,tag,Eligiushöhe,falsch
00757,1,1957-12-12,tag,Eligiusweg,falsch
03279,1,1986-07-22,tag,Elisabeth-Selbert-Straße,falsch
00758,1,1897-11-29,tag,Elisabethstraße,falsch
00759,1,1895-01-04,tag,Elisenplatz,falsch
00760,1,1868-01-17,tag,Elisenstraße,falsch
00761,1,1948-12-14,tag,Ellernmühle,falsch
00762,1,1915-07-09,tag,Ellernplatz,falsch
00763,1,1896-02-13,tag,Südstraße,falsch
00763,2,1906-05-11,tag,Allertstraße,falsch
00763,3,1915-07-09,tag,Ellernstraße,falsch
00764,1,1937-11-20,tag,Ellingradeweg,falsch
00765,1,1927-02-27,tag,Engelsbecke (tlw.),falsch
00765,2,1927-02-27,tag,Vedderstraße,falsch
00765,3,1933-05-08,tag,Elsa-Brändström-Platz,falsch
00766,1,1927-02-27,tag,Engelsbecke (tlw.),falsch
00766,2,1946-05-22,tag,Elsa- Brändströmstraße,falsch
00767,1,1928,jahr,Waldstraße,falsch
00767,2,1933-06-17,tag,Elsaßstraße,falsch
00768,1,1903-05-11,tag,Elsterbuschstraße,falsch
00769,1,1895-11-15,tag,Hermannplatz,falsch
00769,2,1937-11-20,tag,Eltingplatz,falsch
00770,1,1887-06-10,tag,Hermannstraße,falsch
00770,2,1937-11-20,tag,Eltingstraße,falsch
00814,1,1911-06-16,tag,Elvenholzfeld,falsch
02226,1,1903-02-04,tag,Alte Ruhrstraße,falsch
02226,2,1910-09-16,tag,Neckarstraße,falsch
02226,3,1977-02-24,tag,Elzstraße,falsch
00771,1,1907-08-06,tag,Bergstraße,falsch
00771,2,1915-07-09,tag,Emdenstraße,falsch
00586,1,1982-03-10,tag,Emil-Bredt-Weg,falsch
00772,1,1887-06-10,tag,Emilienstraße,falsch
03647,1,1902-11-04,tag,Feldstraße,falsch
03647,2,1932-08-16,tag,Schlageterstraße,falsch
03647,3,1945-04-26,tag,Feldstraße,falsch
03647,4,1946-04-04,tag,Emil-Kemper-Straße,falsch
02519,1,1989-11-28,tag,Emma-Grasse-Weg,falsch
00773,1,1897-08-06,tag,Emmastraße,falsch
00774,1,1956-02-22,tag,Emscherblick,falsch
01147,1,1999-02-24,tag,Emscherbruchallee,falsch
00775,1,1895-09-17,tag,Horster Straße,falsch
00775,2,1896-02-13,tag,Emscherstraße,falsch
00775,3,1933-11-27,tag,Emscherstraße (Verl.),falsch
00776,1,1957-01-23,tag,Endemannhöhe,falsch
00527,1,1978-09-26,tag,Endepoet,falsch
00777,1,1896-08-14,tag,Endstraße,falsch
00778,1,1889-08-05,tag,Engelbertstraße,falsch
00779,1,1897-11-29,tag,Siepenstraße (tlw.),falsch
00779,2,1927-02-27,tag,Engelsbecke,falsch
00779,3,1937-02-25,tag,Engelsbecke (Verl.),falsch
00779,4,1954-10-18,tag,Engelsbecke (Verl.),falsch
00780,1,1949-08-31,tag,Engelsruh,falsch
00781,1,,unbekannt,Marienberg,wahr
00781,2,1922,jahr,Engelssiepen,falsch
00782,1,1938-10-21,tag,Engersgau,falsch
00783,1,,unbekannt,Borgerstraße,wahr
00783,2,1902-05-16,tag,Eppinghofer Straße,falsch
00812,1,1966-12-14,tag,Erasmusstraße,falsch
00785,1,1931-02-10,tag,Erbenbank,falsch
00786,1,1929-01-10,tag,Erbstöhstraße,falsch
00813,1,1974-09-18,tag,Erdpohlweg,falsch
00787,1,1899-07-17,tag,Klosterstraße,falsch
00787,2,1915-07-09,tag,Erdwegstraße,falsch
03648,1,1970-10-06,tag,Erftstraße,falsch
00788,1,1922-09-13,tag,Erikapfad,falsch
00789,1,1881,jahr,B-Straße,falsch
00789,2,1937-11-20,tag,Erinweg,falsch
00790,1,1896-10-08,tag,Haffstraße,falsch
00790,2,1915-07-09,tag,Erlenhagen,falsch
00791,1,1904-02-04,tag,Winkelstraße,falsch
00791,2,1904-02-22,tag,Wasserstraße,falsch
00791,3,1928-10-30,tag,Erlenkampsweg,falsch
00791,4,1961-12-13,tag,Erlenkampsweg (Verl.),falsch
00792,1,1897-09-06,tag,Elisenstraße,falsch
00792,2,1906-03-10,tag,Ernastraße,falsch
00793,1,1892-03-29,tag,Ernestinenstraße,falsch
00819,1,1976-02-18,tag,Ernst-Barlach-Straße,falsch
00962,1,2010-12-28,tag,Ernst-Schmidt-Platz,falsch
00794,1,1897-09-06,tag,Ernststraße,falsch
00810,1,1960-06-08,tag,Ernst- Tengelmann-Ring,falsch
00795,1,1939-05-26,tag,Erntedankweg,falsch
03265,1,1983-02-08,tag,Erzstraße,falsch
00797,1,1957-12-12,tag,Eschenburg,falsch
00798,1,1904-02-04,tag,Markenstraße,falsch
00798,2,1910-09-16,tag,Eschenstraße,falsch
00816,1,1970-02-24,tag,Eskensfeld,falsch
00817,1,1973-06-13,tag,Eskenshof,falsch
00800,1,1910-09-16,tag,Esmarchstraße,falsch
00801,1,1892-03-29,tag,Essener Straße,falsch
00802,1,1900,jahr,Wallstraße,falsch
00802,2,1931-02-12,tag,Essingweg,falsch
00803,1,1906,vor,Friedrichstraße,falsch
00803,2,1935-11-14,tag,Esternhovede,falsch
00804,1,1914-05-10,tag,Eststraße,falsch
00805,1,1909-12-24,tag,Blumenkamp,falsch
00805,2,1935-11-14,tag,Etterbach,falsch
00696,1,2003-07-01,tag,Eugen-Sulz-Straße,falsch
00806,1,,unbekannt,Theodorstraße,wahr
00806,2,1902-05-16,tag,Eulerstraße,falsch
00807,1,1915,vor,Feldstraße,falsch
00807,2,1933-05-08,tag,Eupenstraße,falsch
00808,1,,unbekannt,Marienstraße,wahr
00808,2,1927-12-01,tag,Euskirchenstraße,falsch
01139,1,1998-02-03,tag,Eva-Hollands-Weg,falsch
02525,1,1990-09-12,tag,Ewald- Dutschke-Straße,falsch
00841,1,1912,vor,Ludgeristraße,falsch
00841,2,1934-06-05,tag,Fährenkotten,falsch
00844,1,1932,jahr,Fängershofstraße,falsch
00845,1,1919-05-28,tag,Horststraße (tiw.),falsch
00845,2,1937-11-20,tag,Färberweg,falsch
00840,1,1910,jahr,Fahrenberg,falsch
00842,1,1896-02-13,tag,Hofstraße,falsch
00842,2,1915-07-09,tag,Fahrhauerstraße,falsch
00843,1,,unbekannt,Theodorstraße,wahr
00843,2,1902-05-16,tag,Falkstraße,falsch
00956,1,1965-02-17,tag,Falterweg,falsch
00953,1,1961-06-28,tag,Farrenbroich,falsch
00846,1,1904-02-04,tag,Hallohstraße,falsch
00846,2,1910-09-16,tag,Fasanenstraße,falsch
00847,1,1892-03-29,tag,Johannstraße,falsch
00847,2,1937-11-20,tag,Faßbinderweg,falsch
00948,1,1961-12-13,tag,Feggelerweg,falsch
00849,1,1959-12-11,tag,Feilenstraße,falsch
01553,1,1999-12-14,tag,Feldhausaue,falsch
00851,1,1920-10-01,tag,Feldhauskamp,falsch
00852,1,1928-02-27,tag,Feldmannhof,falsch
00853,1,1959-12-03,tag,Feldstraße,falsch
00946,1,1962-03-01,tag,Feldwiese,falsch
03651,1,1955-03-25,tag,Felkestraße,falsch
00854,1,1927-12-01,tag,Fendelweg,falsch
03765,1,1930-01-28,tag,Weerthstraße,falsch
03765,2,1978-03-14,tag,Ferdinand-Weerth-Straße,falsch
00855,1,1928-11-22,tag,Fernblick,falsch
00856,1,1906-12-07,tag,Feuerbachstraße,falsch
00857,1,1929-01-10,tag,Fibelweg,falsch
00858,1,1909-06-08,tag,Fichtelstraße,falsch
00859,1,1910-09-16,tag,Finefraustraße,falsch
00860,1,1928-02-27,tag,Finkenhof,falsch
03653,1,1937,jahr,Dietrich- Eckart-Siedlung,falsch
03653,2,1945-03-03,tag,Icktener Siedlung (tiw.),falsch
03653,3,1952-09-05,tag,Am Jommershönschen,falsch
03653,4,1961-10-27,tag,Finkenweg,falsch
00861,1,1895-01-04,tag,Fischerstraße,falsch
00957,1,1922-06-02,tag,In den Höfen,falsch
00957,2,1970-12-16,tag,Fischlaker Höfe,falsch
00862,1,1922-06-02,tag,Fischlaker Straße,falsch
00863,1,1904,vor,Heinrichstraße (tiw.),falsch
00863,2,1937-02-25,tag,Fischweiher,falsch
00864,1,1501,jahrhundert,Flachsmarkt,falsch
00865,1,1949-08-31,tag,Flakerfeld,falsch
00866,1,1959-09-02,tag,Flakering,falsch
03287,1,1891-04-30,tag,Zinkstraße (tiw.),falsch
03287,2,1987-12-09,tag,Flandernstraße,falsch
00867,1,1900,jahr,Funkestraße,falsch
00867,2,1913-05-30,tag,Flashoffstraße,falsch
00902,1,1967-11-29,tag,Fleherweg,falsch
00868,1,1897-09-06,tag,Marthastraße (tw),falsch
00868,2,1935-09-30,tag,Flemingweg,falsch
00869,1,1923-09-24,tag,Fleuenbruch,falsch
00870,1,1907-08-06,tag,Schlägelgasse,falsch
00870,2,1915-07-09,tag,Fliederbusch,falsch
00871,1,1921-10-18,tag,Fliegenbuschweg,falsch
00872,1,1897-01-22,tag,Holzstraße,falsch
00872,2,1915-07-09,tag,I. Fließstraße,falsch
00873,1,1897-01-22,tag,Fließstraße,falsch
00873,2,1915-07-09,tag,Il,falsch
00874,1,1953-03-03,tag,Flörken,falsch
01597,1,2000-11-07,tag,Flöz Zollverein,falsch
00875,1,1896-10-08,tag,Flözstraße,falsch
00875,2,1896-10-08,tag,Katstraße,falsch
00875,3,1915-07-09,tag,Flözstraße (Verl.),falsch
00876,1,1897-09-06,tag,Karlstraße,falsch
00876,2,1906-01-26,tag,Kurtstraße,falsch
00876,3,1937-11-20,tag,Florastraße,falsch
00877,1,1953-03-03,tag,Florweg,falsch
00878,1,1896-10-08,tag,Flurstraße,falsch
00878,2,1896-10-08,tag,Kreuzstraße,falsch
00878,3,1915-07-09,tag,Flurstraße (Verl.),falsch
00879,1,1955-09-21,tag,Föhrenweg,falsch
00880,1,1896-08-14,tag,Förderstraße,falsch
00880,2,1930-05-31,tag,Förderstraße (Verl.),falsch
00881,1,1924-09-17,tag,Folkersbeck,falsch
00882,1,1899-02-24,tag,Lenaustraße,falsch
00882,2,1936-01-15,tag,Folkwangstraße,falsch
00883,1,1860,jahr,Fontänengasse,falsch
00884,1,,unbekannt,Hochstraße,wahr
00884,2,1934-11-29,tag,Dietwartstraße,falsch
00884,3,1946-05-22,tag,Forschepoeterweg,falsch
00885,1,1903-02-04,tag,Forsthausstraße,falsch
00886,1,1899,vor,Karl-Forstmannstraße,falsch
00886,2,1899,vor,Hochstraße (tiw.),falsch
00886,3,1937-11-20,tag,Forstmannstraße,falsch
00887,1,1939-05-26,tag,Forststraße,falsch
00888,1,1903-02-04,tag,Steeler Straße (tiw.),falsch
00888,2,1907-08-06,tag,Rellinghauser Straße,falsch
00888,3,1910-09-16,tag,Frankenstraße,falsch
00888,4,1915-07-09,tag,Frankenstraße (Verl.),falsch
00889,1,1883,vor,Oberdorfstraße (tlw.),falsch
00889,2,1902-05-16,tag,Frankfurter Straße,falsch
00947,1,1868-01-17,tag,Ruhrstraße (tlw.),falsch
00947,2,1934-06-05,tag,Damannstraße (t!w.),falsch
00947,3,1967-06-29,tag,Franz-Arens-Straße,falsch
00890,1,,unbekannt,Rosenstraße,wahr
00890,2,1937-11-20,tag,Franzenshöhe,falsch
00921,1,1897-11-29,tag,Wisthoffstraße,falsch
00921,2,1933-05-08,tag,Frillendorfer Straße (Verl.),falsch
00921,3,1977-09-21,tag,Franz-Fischer-Weg,falsch
00891,1,1922-03-08,tag,Franziskanerhöhe,falsch
00891,2,1937-11-20,tag,Kapitän-Lehmann-Höhe (Umb)),falsch
00891,3,1945-06-18,tag,Franziskanerhöhe (Umb.),falsch
00892,1,1905-06-16,tag,Franziskanerstraße,falsch
00892,2,1937-11-20,tag,Kapitän-Lehmann-Straße (Umb.),falsch
00892,3,1945-06-18,tag,Franziskanerstraße (Umb.),falsch
00892,4,1980-05-23,tag,Franziskanerstraße (Vert.),falsch
00893,1,1897-09-06,tag,Franziskastraße,falsch
00893,2,1933-05-08,tag,Franz-Seldte-Straße {Umb.),falsch
00893,3,1945-06-18,tag,Franziskastraße (Umb.),falsch
00894,1,1909-11-26,tag,Franziusstraße,falsch
00958,1,1971-03-17,tag,Franz-Voutta- Straße,falsch
00895,1,1954-07-15,tag,Torweg,falsch
00895,2,1955-03-31,tag,Franz-Xaver-Weg,falsch
00896,1,1889-07-05,tag,Berthastraße,falsch
00896,2,1906-01-26,tag,Frau-Berta-Krupp-Straße,falsch
00896,3,1892-09-23,tag,Alexstraße,falsch
00896,4,1915-07-09,tag,Frau-Berta-Krupp-Straße (Verl),falsch
00896,5,1957-12-12,tag,Frau-Bertha-Krupp-Straße,falsch
00897,1,1920-03-06,tag,Frauenfelderstraße,falsch
00950,1,1965-06-03,tag,Frauenlobstraße,falsch
00898,1,,unbekannt,Grüner Weg,wahr
00898,2,1937-11-20,tag,Frauenstein,falsch
00899,1,1937-11-20,tag,Freiheit,falsch
00900,1,1936-08-05,tag,Freiherrnweg,falsch
00901,1,1927-12-01,tag,Im Ruhrtal,falsch
00901,2,,unbekannt,Werdener Straße (tlw.),wahr
00901,3,1933-05-08,tag,Freiherr-vom-Stein-Straße,falsch
03654,1,1930,jahr,Freihofstraße,falsch
03655,1,1925-10-12,tag,Freiligrathplatz,falsch
03656,1,1925-10-12,tag,Freiligrathstaße,falsch
03656,2,1950-12-11,tag,Karlstraße (tIw,falsch
03656,3,1978-04-07,tag,Freiligrathstraße (Verl.),falsch
00905,1,1919-04-01,tag,Freisenbruchstraße,falsch
00905,2,1977-01-11,tag,Freisenbruchstraße (Verl.),falsch
00906,1,1957-01-23,tag,Freistattstraße,falsch
00907,1,,unbekannt,Adolfstraße,wahr
00907,2,1902-05-16,tag,Freseniusstraße,falsch
00908,1,1902-05-16,tag,Frettholz,falsch
00909,1,,unbekannt,Bernuthstraße,wahr
00909,2,1902-05-16,tag,Freytagstraße,falsch
00949,1,1960-06-08,tag,Fridolinstraße,falsch
00910,1,1897-09-06,tag,Hubertusstraße,falsch
00910,2,1906-01-26,tag,Herbertstraße,falsch
00910,3,1931-02-12,tag,Fridtjof-Nansen- Straße,falsch
00911,1,1902-05-16,tag,Friedbergstraße,falsch
00912,1,1910-06-27,tag,Friedenstraße,falsch
00913,1,1897-09-06,tag,Friederikenstraße,falsch
00914,1,1903,vor,Friedhofstraße,falsch
00915,1,1865-07-21,tag,Grabenstraße,falsch
00915,2,1927-10-02,tag,Friedrich-Ebert-Straße,falsch
00915,3,1933-05-08,tag,Schlageterstraße (Umb.),falsch
00915,4,1945-05-15,tag,Ebertstraße (Umb.),falsch
00915,5,1946-10-09,tag,Friedrich-Ebert- Straße (Umb.),falsch
00916,1,1914-10-09,tag,Begasstraße,falsch
00916,2,1935-11-14,tag,Friedrich-Küch-Straße,falsch
00576,1,1981-11-27,tag,Friedrich-Küpper-Weg,falsch
00917,1,1891-04-30,tag,Hochstraße (tlw.),falsch
00917,2,1907-02-26,tag,Friedrich-Lange-Straße,falsch
00918,1,1894-05-18,tag,Viktoriastraße,falsch
00918,2,1934-06-05,tag,Friedrich- List-Straße,falsch
00919,1,1874-01-30,tag,Friedrichstraße,falsch
00920,1,1921,jahr,Friedrichswall,falsch
00945,1,1968-09-18,tag,Frielingsdorfweg,falsch
00922,1,1929-07-24,tag,Friesenaue,falsch
00923,1,1934-11-12,tag,Bauschenhöhe,falsch
00923,2,1946-05-22,tag,Schnappenkamp,falsch
00923,3,1947-04-01,tag,Frillendorfer Höhe,falsch
00924,1,1936-01-15,tag,Frillendorfer Platz,falsch
00925,1,1868-01-17,tag,Frillendorfer Straße,falsch
00925,2,1897-11-29,tag,Schimmelstraße (Umb)),falsch
00925,3,1897-11-29,tag,Wisthoffstraße (Umb.),falsch
00925,4,1909-08-12,tag,Zeppelinstraße (Umb.),falsch
00925,5,1933-05-08,tag,Frillendorfer Straße (Verl),falsch
00951,1,1966-12-14,tag,Frintropper Höhe,falsch
00926,1,1959-12-11,tag,Frintroper Knappen,falsch
00952,1,1897-01-22,tag,Helmstraße (tlw.),falsch
00952,2,1967-05-03,tag,Frintroper Markt,falsch
00927,1,1891-04-30,tag,Essener Straße,falsch
00927,2,1915-07-09,tag,Frintroper Straße,falsch
01879,1,2013-05-22,tag,Fritz- Niermann-Platz,falsch
01144,1,1998-10-20,tag,Fritz-Schaub-Weg,falsch
00708,1,2004-11-09,tag,Fritz-Schupp- Allee,falsch
00928,1,1896-02-13,tag,Fritzstraße,falsch
03610,1,1950-10-03,tag,Am Schiefenberg,falsch
03610,2,1978-04-07,tag,Fröbelweg,falsch
00929,1,1906-03-10,tag,Frohnhauser Platz,falsch
00929,2,1933-05-08,tag,Schrönplatz (Umb.),falsch
00929,3,1933-07-14,tag,Friedel-Schrön-Platz (Umb.),falsch
00929,4,1945-06-18,tag,Frohnhauser Platz (Umb.),falsch
00930,1,1860,jahr,Frohnhauser Straße,falsch
00930,2,1885,vor,Herrenbankstraße (Umb.),falsch
00930,3,,unbekannt,Essen-Mülheimer-Straße (Umb.),wahr
00930,4,1901-12-13,tag,Frohnhauser Straße,falsch
00931,1,1907-08-06,tag,Mittelstraße,falsch
00931,2,1915-07-09,tag,Frühlingstraße,falsch
00932,1,1909-01-09,tag,Fuchsgang,falsch
00933,1,1903-12-18,tag,Führichstraße,falsch
00934,1,1904-11-18,tag,Ringstraße,falsch
00934,2,1937-11-20,tag,Füllenkamp,falsch
00935,1,1926-09-18,tag,Fünffußbank,falsch
00935,2,1953-03-03,tag,Fünffußbank (Verl),falsch
00936,1,1904,vor,Heinrichstraße (tlw.),falsch
00936,2,1937-02-25,tag,Fünfhandbank,falsch
00937,1,1896-02-13,tag,Fünfhöfestraße,falsch
00938,1,,unbekannt,Ruhrhöhenweg (nicht amtlich),wahr
00938,2,1936-08-05,tag,Fünfkirchenblick,falsch
00939,1,1896-10-08,tag,Rheinstraße (tiw.),falsch
00939,2,1910-01-19,tag,Fürstäbtissinstraße,falsch
00940,1,1907-11-28,tag,Maxstraße,falsch
00940,2,1915-07-09,tag,Fürstenbergstraße,falsch
00941,1,1909-03-26,tag,Fürstinstraße,falsch
00942,1,1911-04-21,tag,Fuldastraße,falsch
00943,1,1902,vor,Bülowstraße,falsch
00943,2,1920-10-01,tag,Fulerumer Straße,falsch
00943,3,2006-09-12,tag,Fulerumer Straße (Verl),falsch
00944,1,,unbekannt,Oststraße,wahr
00944,2,1904-02-03,tag,Fundlandstraße,falsch
00981,1,1926,vor,Gänsemarkt,falsch
00982,1,1894-05-18,tag,Gärtnerstraße,falsch
00982,2,1894,jahr,Syndikatstraße,falsch
00982,3,1959-02-02,tag,Gärtnerstraße (Verl.),falsch
00983,1,1910-06-27,tag,Höhenstraße,falsch
00983,2,1912-03-15,tag,Gantenbergstraße,falsch
00984,1,1894,jahr,Altenhof,falsch
00984,2,1910-09-16,tag,Altenhof II (tlw.),falsch
00984,3,1935-10-14,tag,Gantesweiler,falsch
00985,1,1899-06-26,tag,Friedrichstraße,falsch
00985,2,1922-07-14,tag,Gareisstraße,falsch
00985,3,1933-05-08,tag,Boelckestraße,falsch
00985,4,1945-05-15,tag,Gareisstraße,falsch
00986,1,1930-05-31,tag,Garnbleiche,falsch
01031,1,1963-06-25,tag,Gartbecke,falsch
00987,1,1914-05-06,tag,Gartenkamp,falsch
00988,1,1952-07-31,tag,Gartenstiege,falsch
03659,1,1897,vor,Gartenstraße,falsch
00990,1,1901-01-30,tag,Gasstraße,falsch
00990,2,1975-12-16,tag,Gasstraße (Verl),falsch
00991,1,,unbekannt,Wilhelmstraße,wahr
00991,2,1937-11-20,tag,Gathergang,falsch
00992,1,1956-05-22,tag,Gattfeld,falsch
00993,1,1929-01-10,tag,Gaußstraße,falsch
00994,1,1909-11-26,tag,Gebhardtstraße,falsch
00996,1,1912-03-15,tag,Johannesstraße,falsch
00996,2,1937-11-20,tag,Thyssenweg,falsch
00996,3,1946-10-09,tag,Gedingeweg,falsch
00996,4,1953-03-03,tag,Gedingeweg (Verl),falsch
00997,1,1933-08-14,tag,Gehrberg,falsch
00998,1,1898-03-11,tag,Geibelstraße,falsch
00999,1,1922-06-02,tag,Geilinghausweg,falsch
01000,1,1898-03-11,tag,Geisbergstraße,falsch
01118,1,,unbekannt,Kampstraße,wahr
01118,2,1934-06-05,tag,Zölestinstraße (tIw.),falsch
01118,3,1965-12-02,tag,Geismarweg,falsch
01001,1,,unbekannt,Klemensstraße,wahr
01001,2,1902-05-16,tag,Geißlerstraße,falsch
01002,1,1899,jahr,Geitlingstraße,falsch
03661,1,1930-01-28,tag,Goethestraße,falsch
03661,2,1977-11-29,tag,Gellertweg,falsch
01003,1,1892-03-29,tag,Wallstraße (tlw.),falsch
01003,2,1937-11-20,tag,Gelsenholz,falsch
01004,1,1984-08-07,tag,Provinzialstraße,falsch
01004,2,1892-03-29,tag,Gelsenkirchener Straße,falsch
01004,3,1892-03-29,tag,Mittelstraße,falsch
01004,4,1937-11-20,tag,Stoppenberger Straße,falsch
01004,5,1945-06-18,tag,Gelsenkirchener Straße,falsch
01005,1,1922-03-08,tag,Gemarkenplatz,falsch
01006,1,1823,jahr,Gemarkenstraße,falsch
01007,1,1903-03-12,tag,Pettenstraße,falsch
01007,2,1935-11-14,tag,Gemperwiese,falsch
01008,1,1951-01-17,tag,Genossenschaftsplatz,falsch
03289,1,1987-12-09,tag,Gentweg,falsch
01009,1,1936-01-15,tag,Georg-Baur-Ring,falsch
01010,1,1915,vor,Georgstraße,falsch
01010,2,1937-11-20,tag,Georgkirchstraße,falsch
01011,1,1910-12-20,tag,Küchenstraße,falsch
01011,2,1911-02-20,tag,Gerhard-Küchen- Straße,falsch
01880,1,2013-05-22,tag,Gerhard-Marquardt-Platz,falsch
00566,1,1860,jahr,Eickenscheidter Fuhr,falsch
00566,2,1980-05-23,tag,Gerhard-Stötzel- Straße,falsch
01012,1,1914-03-26,tag,Gerhardstraße,falsch
03660,1,1965-01-26,tag,Gerhart-Hauptmann-Straße,falsch
01013,1,1891-04-30,tag,Gerichtsstraße,falsch
01014,1,1920,jahr,Friedenstraße,falsch
01014,2,1937-11-20,tag,Gerlachfeld,falsch
01015,1,1895,vor,Gerlingplatz,falsch
01015,2,1922-09-13,tag,Republikplatz,falsch
01015,3,1933-05-08,tag,Platz des 21. März,falsch
01015,4,1945-05-15,tag,Gertingplatz,falsch
01016,1,1881-10-28,tag,Gerlingstraße,falsch
01017,1,1891-04-30,tag,Germaniaplatz,falsch
01018,1,1891-04-30,tag,Kirchstraße,falsch
01018,2,1915-07-09,tag,Germaniastraße,falsch
01019,1,1891-04-30,tag,Gerscheder Straße,falsch
01019,2,1891-04-30,tag,Steinstraße,falsch
01019,3,1915-07-09,tag,Düppenberg (Umb.tiw.),falsch
01019,4,1933-05-08,tag,Gerscheder Straße (Verl),falsch
01038,1,1891-04-30,tag,Wiesenstraße,falsch
01038,2,1915-07-09,tag,Weidenstraße (tw),falsch
01038,3,1965-12-02,tag,Gerscheder Weiden,falsch
01020,1,1938-10-21,tag,Gerschermannweg,falsch
01021,1,1892-03-29,tag,Kurze Straße,falsch
01021,2,1937-11-20,tag,Gerstekamp,falsch
01022,1,1826,vor,II. Weberstraße,falsch
01022,2,1966-06-13,tag,Gerswidastraße,falsch
01023,1,1887-06-10,tag,Gertrudisstraße,falsch
00961,1,2009-09-15,tag,Gervinusplatz,falsch
01024,1,,unbekannt,Plattenstraße,wahr
01024,2,1902-05-16,tag,Gervinusstraße,falsch
01123,1,1973-11-20,tag,Geschwister-Scholl-Straße,falsch
00575,1,,unbekannt,Gewalterberg,wahr
00575,2,1981-07-10,tag,Gewalterberg (neu Führung),falsch
01026,1,1957-01-23,tag,Gewerbehofstraße,falsch
01027,1,1901-07-19,tag,Weststraße,falsch
01027,2,1915-07-09,tag,Gewerkenstraße,falsch
01027,3,1939-05-26,tag,Gewerkenstraße (Verl),falsch
01611,1,2002-01-29,tag,Giebelplatz,falsch
01028,1,,unbekannt,Buschstraße,wahr
01028,2,,unbekannt,Waitzstraße,wahr
01028,3,1902-05-16,tag,Giesebrechtstraße,falsch
01133,1,1996-10-29,tag,Gießereiweg,falsch
01030,1,1868-01-17,tag,Amalienstraße,falsch
01030,2,1902-05-16,tag,Gildehofstraße,falsch
01075,1,1965-06-03,tag,Gillesweg,falsch
01032,1,1929-07-24,tag,Gillhausenstraße,falsch
01033,1,1896-10-08,tag,Gimkenstraße,falsch
01034,1,1914-10-09,tag,Ginsterweg,falsch
01119,1,1897-09-06,tag,Gertrudenstraße,falsch
01119,2,1906-01-26,tag,Gerswidastraße,falsch
01119,3,1965-06-03,tag,Girardetstaße,falsch
01035,1,1903-02-04,tag,Girondellenstraße,falsch
01036,1,1908-05-01,tag,Giselastraße,falsch
01037,1,,unbekannt,Fräserstraße,wahr
01037,2,1903-11-27,tag,Unionstraße,falsch
01037,3,1915-07-09,tag,Koopmannstraße,falsch
01037,4,1889,vor,Tunnelstraße,falsch
01037,5,1915-07-09,tag,Feldmannstraße,falsch
01037,6,1927-08-09,tag,Gladbecker Straße,falsch
01039,1,1868-01-17,tag,Glashüttenstraße,falsch
01040,1,1897-09-30,tag,Schlägelstraße (tiw.),falsch
01040,2,1933-11-27,tag,Gleisdreieck,falsch
01041,1,1896-08-14,tag,Gleisstraße,falsch
01042,1,1897-01-22,tag,Glückstraße,falsch
01042,2,1911-06-13,tag,Glockenstraße,falsch
01042,3,1915-07-09,tag,Glockenstraße (Verl.),falsch
01043,1,1906-11-27,tag,Stinnesstraße,falsch
01043,2,1915-07-09,tag,Glückaufstraße,falsch
01044,1,1874,jahr,Glückstraße,falsch
01045,1,1897-01-22,tag,Glühstraße,falsch
01045,2,1953-03-03,tag,Glühstraße (Verl),falsch
01046,1,1899-02-24,tag,Parkstraße (tiw.),falsch
01046,2,1906-09-28,tag,Gneisenaustraße,falsch
01047,1,1954-07-15,tag,Gockelweg,falsch
01047,2,1976-11-26,tag,Gockelweg (Vert.),falsch
01048,1,1922-02-09,tag,Karl-Legien-Straße,falsch
01048,2,1934-06-05,tag,Godertwende,falsch
01049,1,1892-07-08,tag,Goebenstraße,falsch
01050,1,1903-02-04,tag,Gönterstraße,falsch
03637,1,1956-10-11,tag,Breslauer Straße,falsch
03637,2,1977-11-29,tag,Görlitzer Straße,falsch
01053,1,1935-06-03,tag,Görtzpfad,falsch
01054,1,1897-09-06,tag,Wilhelmstraße,falsch
01054,2,1898-03-11,tag,Goethestraße (Essen),falsch
01054,3,1906-05-25,tag,Goethestraße (Rüttenscheid),falsch
01055,1,1906-03-10,tag,Göttinger Straße,falsch
01056,1,1936-08-05,tag,Goldammerweg,falsch
01057,1,1903-01-04,tag,Goldfinkstraße,falsch
01058,1,1895-11-15,tag,Söllingstraße (tlw),falsch
01058,2,1966-02-14,tag,Goldschmidtstraße,falsch
01059,1,1938-10-21,tag,Goosestraße,falsch
03662,1,1961-10-27,tag,Gottfried-Herder-Straße,falsch
01060,1,1910-09-16,tag,Gottfried-Wilhelm-Straße,falsch
01061,1,1892-03-29,tag,Grabenstraße,falsch
01062,1,,unbekannt,Löwenstraße,wahr
01062,2,1902-05-16,tag,Graefestraße,falsch
00980,1,1974-05-22,tag,Grävenweg,falsch
01063,1,1907-08-06,tag,Wusthoffstraße,falsch
01063,2,1915-07-09,tag,Tirpitzstraße,falsch
01063,3,1949-03-30,tag,Graf-Bernadotte- Straße,falsch
00713,1,2008-09-20,tag,Graf-Beust-Allee,falsch
01064,1,,unbekannt,Grafenstraße,wahr
01064,2,,unbekannt,Gravenstraße,wahr
01064,3,,unbekannt,Grabenstraße,wahr
01064,4,1855-09-07,tag,Grafenstraße,falsch
01065,1,,unbekannt,Seilergraben,wahr
01065,2,1890-11-18,tag,Graffweg,falsch
01065,3,1934-06-05,tag,Graffweg (Verl.),falsch
01117,1,1968-03-20,tag,Graf-Luckner-Höhe,falsch
01066,1,1907-08-06,tag,Brunnenweg,falsch
01066,2,1907-08-06,tag,Schulstaße,falsch
01066,3,1915-07-09,tag,Graf-Spee- Straße,falsch
03663,1,1889-10-16,tag,Essener Straße (tlw.),falsch
03663,2,1909-09-14,tag,Zeppelinstraße,falsch
03663,3,1929-12-12,tag,Graf-Zeppelin- Straße,falsch
03663,4,1977-11-29,tag,Graf-Zeppelin-Straße (Verl.),falsch
01068,1,1928-10-30,tag,Graitenweg,falsch
01122,1,1970-06-24,tag,Grandhöhe,falsch
01069,1,1896-10-08,tag,Grandstraße,falsch
01070,1,1928-06-09,tag,Grashofstraße,falsch
01072,1,1920-10-01,tag,Graßmannstraße,falsch
01071,1,1896-08-14,tag,Grasstraße,falsch
01073,1,1929,jahr,Heinrich-Lersch-Straße,falsch
01073,2,1930-05-31,tag,Graudenzstraße,falsch
01074,1,1903-03-12,tag,Gravelottestraße,falsch
01076,1,1897-09-06,tag,Gustavstraße,falsch
01076,2,1906-01-26,tag,Gregorstraße,falsch
01077,1,1890-11-18,tag,Bachstraße,falsch
01077,2,1937-11-20,tag,Grendbach,falsch
01078,1,1890-11-18,tag,Grendgasse,falsch
01079,1,1890-11-18,tag,Grendplatz,falsch
02664,1,1876,vor,Ruhrstraße,falsch
02664,2,1978-03-14,tag,Grendtor,falsch
00567,1,1980-08-20,tag,Grenoblestraße,falsch
01080,1,1953-03-03,tag,Grenzgraben,falsch
01081,1,1909-11-26,tag,Grevelstraße,falsch
01082,1,1336-08-05,tag,Grevendieck,falsch
01084,1,1892-07-08,tag,Grillostraße,falsch
01085,1,1953-10-13,tag,Grimbartweg,falsch
01086,1,1903-05-11,tag,Grimbergstraße,falsch
01086,2,1959-02-02,tag,Grimbergstraße (Verl) Nach dem ehemaligen fürstlich-essendischen Lehngut Grimber,falsch
00704,1,2004-09-21,tag,Groote-Ring,falsch
01087,1,1954-07-15,tag,Große Kehre,falsch
01088,1,1907-12-05,tag,Kuhstraße,falsch
01088,2,1934-06-05,tag,Große Leining,falsch
01091,1,1902,vor,Bismarckstraße,falsch
01091,2,1937-11-20,tag,Große Wiese,falsch
01089,1,1896-02-13,tag,Großenbruchstraße,falsch
01090,1,1934-06-05,tag,Großer Schirnkamp,falsch
01092,1,1903-03-12,tag,Gartenstraße,falsch
01092,2,1937-02-25,tag,Großfeldweg,falsch
01120,1,1902-05-16,tag,Kruppstraße (tiw.),falsch
01120,2,1914-10-09,tag,Großstraße,falsch
01120,3,1957-01-23,tag,Großstraße (Aufgeh.),falsch
01120,4,1969-03-19,tag,Großstraße,falsch
01124,1,1892-03-29,tag,Nordstraße,falsch
01124,2,1934-11-27,tag,Bruchweiher,falsch
01124,3,1971-09-22,tag,Josef-Hoeren-Straße (tiw.),falsch
01124,4,1975-12-16,tag,Großwesterkamp,falsch
01121,1,1961-12-13,tag,Grotehang,falsch
01093,1,1928,jahr,Grotestraße,falsch
01094,1,1922-03-08,tag,Grünbruch,falsch
01095,1,1929-07-12,tag,Grüne Aue,falsch
01096,1,1922-06-02,tag,Rathausallee,falsch
01096,2,1935-11-14,tag,Grüne Harfe,falsch
01097,1,1954-02-23,tag,Grüne Matte,falsch
03664,1,1936,jahr,Richthofenweg,falsch
03664,2,1947-02-28,tag,Grüner Weg,falsch
01099,1,1920-10-01,tag,Grünhof,falsch
01100,1,1896-02-13,tag,Grünstraße,falsch
01101,1,,unbekannt,Lessingstraße,wahr
01101,2,1934-01-12,tag,Grüteringhof,falsch
01102,1,1922-06-02,tag,Grüters Gasse,falsch
01103,1,1954-07-15,tag,Grugaplatz,falsch
01103,2,1991-04-17,tag,Rudolf-von-Bennigsen- Foerder-Platz (Umb.),falsch
01103,3,1999-05-18,tag,Grugaplatz (Umb.),falsch
01105,1,1902-05-16,tag,Grunertstraße,falsch
01617,1,2002-12-31,tag,Grunsbeckhof,falsch
01106,1,,unbekannt,Ernststraße,wahr
01106,2,1902-05-16,tag,Grusonstraße,falsch
01107,1,1897-09-06,tag,Antoniastraße,falsch
01107,2,1908-05-01,tag,Gudulastraße,falsch
01108,1,1938-10-21,tag,Gülterberg,falsch
03665,1,1889-10-16,tag,Güterstraße,falsch
01109,1,1897-09-06,tag,Idastraße,falsch
01109,2,1932-01-07,tag,Gummertstraße,falsch
01110,1,1958-07-02,tag,Guntherweg,falsch
01111,1,1897-09-06,tag,Josephinenstraße,falsch
01111,2,1907-02-01,tag,Gußmannstraße,falsch
01111,3,1935-10-14,tag,Gußmannplatz,falsch
00584,1,1982-02-17,tag,Gustav-Heinemann-Brücke,falsch
01113,1,1868-01-13,tag,Gustavstraße,falsch
01113,2,1977-03-08,tag,Gustav-Hicking- Straße,falsch
01112,1,1939-05-26,tag,Gustav- Nachtigal-Straße,falsch
03666,1,1897-11-04,tag,Gustavstraße,falsch
01128,1,1995-04-27,tag,Gustav- Streich-Straße,falsch
01114,1,1868-01-17,tag,Hofstraße,falsch
01114,2,1901-03-01,tag,Gutenbergstraße,falsch
01114,3,1915-07-09,tag,Gutenbergstraße (Verl),falsch
01115,1,1938-10-21,tag,Guts- Muths-Weg,falsch
01116,1,1883-12-22,tag,Gyrenkampstraße,falsch
01150,1,1895-11-28,tag,Streitweg,falsch
01150,2,1896-01-02,tag,Scheidweg,falsch
01150,3,1915-07-09,tag,Haardtstraße,falsch
01151,1,1904-02-04,tag,Friedrichstraße,falsch
01151,2,1910-09-16,tag,Habichtstraße,falsch
01151,3,1974-04-24,tag,Habichtstraße (Verl),falsch
01152,1,1864-05-06,tag,Am Bahnhof,falsch
01152,2,1868-01-17,tag,Märkische Straße,falsch
01153,1,1954-03-23,tag,Hackenberghang,falsch
01154,1,1912,vor,Südstraße,falsch
01154,2,1934-06-05,tag,Hackland,falsch
01155,1,,unbekannt,U-Straße,wahr
01155,2,1902-05-16,tag,Krämerstraße,falsch
01155,3,1902-05-16,tag,Margaretenstraße (tiw.),falsch
01155,4,1915-07-09,tag,Haedenkampstraße,falsch
01155,5,1968-03-20,tag,Haedenkampstraße (Verl),falsch
03277,1,,unbekannt,) Ernststraße (tlw.),wahr
03277,2,1986-05-13,tag,Hängebank,falsch
01157,1,1891-04-30,tag,Bahnstraße,falsch
01157,2,1891-04-30,tag,Phönixstraße (tlw.),falsch
01157,3,1891-04-30,tag,Emscherstraße,falsch
01157,4,1915,jahr,Vogelheimer Straße,falsch
01157,5,1936-01-15,tag,Hafenstraße,falsch
03669,1,1970-10-06,tag,Hafkesdell,falsch
01159,1,,unbekannt,Hagstraße,wahr
01159,2,1915-07-09,tag,Hagedornstraße,falsch
01160,1,1920-10-01,tag,Hagelkreuz,falsch
01161,1,1860,jahr,I. Hagenstraße,falsch
01161,2,1915-07-09,tag,I. Hagen,falsch
01162,1,1860,jahr,Il,falsch
01162,2,1915-07-09,tag,II. Hagen,falsch
01163,1,1860,jahr,Ill. Hagenstraße,falsch
01163,2,1915-07-09,tag,II. Hagen,falsch
01164,1,1887-11-25,tag,Kesselstraße,falsch
01164,2,1900-05-04,tag,Hagenaustraße,falsch
01164,3,1915-07-09,tag,Hagenaustraße (Verl.),falsch
01165,1,1947-03-31,tag,Hagenbecker Bahn,falsch
01166,1,1898,vor,Hohenzollernstraße,falsch
01166,2,1902-05-16,tag,Hagenbeckstraße,falsch
01168,1,,unbekannt,Sartoriusstraße,wahr
01168,2,1934,jahr,Hagmanngarten,falsch
01169,1,1896-02-13,tag,Kreuzstraße,falsch
01169,2,1915-07-09,tag,Halbachstraße,falsch
01170,1,1907-09-27,tag,Pilotystraße (tlw.),falsch
01170,2,1937-02-25,tag,Halbe Höhe,falsch
01170,3,1958-07-02,tag,Halbe Höhe (Verl.),falsch
01171,1,1892-03-29,tag,Haldenstraße,falsch
01171,2,1892-03-29,tag,Ziegelstraße,falsch
01171,3,1934-06-05,tag,Haldenstraße (Verl.),falsch
01199,1,1966-12-14,tag,Halferstein,falsch
01172,1,1936-08-05,tag,Halfmannwiese,falsch
01173,1,1938-10-21,tag,Hallering,falsch
01174,1,1892-03-29,tag,Hallostraße,falsch
01174,2,1894-08-07,tag,Stoppenberger Straße (Umb.),falsch
01174,3,1937-11-20,tag,Hallostraße (Verl.),falsch
01176,1,1933-11-27,tag,Halterner Straße,falsch
01177,1,1909-11-26,tag,Hamborner Straße,falsch
01178,1,,unbekannt,Mühlenstraße (tiw.),wahr
01178,2,1902-05-16,tag,Hamburger Straße,falsch
01179,1,1899-02-24,tag,Hammacherstraße,falsch
01180,1,1922-06-02,tag,Hammer Mark,falsch
01181,1,1868-01-17,tag,Hammer Straße,falsch
01181,2,1908-04-13,tag,Werdener Straße (Umb.),falsch
01181,3,1922-06-02,tag,Hespertaler Landstraße (Umb.),falsch
01181,4,1922-06-02,tag,Am Schwarzen (Umb. tiw.),falsch
01181,5,1937-11-20,tag,Hammer Straße (Verl.),falsch
01182,1,1892-03-29,tag,Südstraße,falsch
01182,2,1937-11-20,tag,Hangetal,falsch
01183,1,1904-11-18,tag,Heinrichstraße,falsch
01183,2,1919-05-28,tag,Hangohrstraße,falsch
01184,1,1919-05-28,tag,Horststraße (tlw.),falsch
01184,2,1935-06-03,tag,Hangwimpel,falsch
01184,3,1936-08-05,tag,Hangwimpel (Verl.),falsch
01185,1,1892-03-29,tag,Kirchstraße,falsch
01185,2,1937-11-20,tag,Hanielstraße,falsch
01623,1,,unbekannt,Yorckstraße,wahr
01623,2,1913-05-30,tag,Treitschkestraße,falsch
01623,3,2003-03-08,tag,Hannah-Arendt- Straße,falsch
00834,1,2008-07-08,tag,Hannıs- Joachim-Maßner-Weg,falsch
01186,1,1890-11-18,tag,Chausseestraße,falsch
01186,2,1890-11-18,tag,Markt (tiw.),falsch
01186,3,1926-06-01,tag,Hansastraße,falsch
01186,4,1926-06-01,tag,Hansastraße (Verl),falsch
01187,1,1951-07-04,tag,Hans-Böckler-Straße,falsch
01188,1,1939-05-26,tag,Hansemannstraße,falsch
01148,1,1999-02-24,tag,Hans-Fehr-Allee,falsch
01189,1,1907-05-03,tag,Zweigertstraße (tlw.),falsch
01189,2,1932,jahr,Hans-Luther-Straße,falsch
01189,3,1966-06-13,tag,Hans- Luther-Allee,falsch
01190,1,1930-05-31,tag,Hans-Niemeyer-Straße,falsch
01200,1,1965-06-03,tag,Hans-Sachs-Straße,falsch
00554,1,1902-05-16,tag,Corneliusstraße,falsch
00554,2,1977-02-25,tag,Hans-Thoma-Straße,falsch
01126,1,1994-08-17,tag,Hans-Toussaint-Platz,falsch
01191,1,1927-12-01,tag,Haraldstraße,falsch
01192,1,,unbekannt,Hafenstraße {tlw.),wahr
01192,2,,unbekannt,Dodelle (tlw.),wahr
01192,3,,unbekannt,Scheppener Weg,wahr
01192,4,1933-05-08,tag,Hardenbergufer,falsch
01193,1,,unbekannt,Hubertusstraße,wahr
01193,2,1902-05-16,tag,Harkortstraße,falsch
01194,1,1922-06-02,tag,Harnscheidts Höfe,falsch
01195,1,1914-05-10,tag,Harscheidweg,falsch
01196,1,1914-10-09,tag,Hartmannplatz,falsch
01198,1,1914-05-10,tag,Rommesweg (tiw.),falsch
01198,2,1934-06-05,tag,Hartzbeeker Mark,falsch
00973,1,2012-03-13,tag,Hasebrinks Garten,falsch
01201,1,1941-02-01,tag,Hasebrinkstraße,falsch
01202,1,1896-10-08,tag,Hasstraße,falsch
01202,2,1915-07-09,tag,Hasenstraße,falsch
01202,3,1935-11-14,tag,Haskens Land,falsch
01203,1,1902-05-16,tag,Haskenstraße,falsch
00535,1,1936,jahr,Hermann-Göring-Siedlung,falsch
00535,2,1945,jahr,Laupendahler Siedlung,falsch
00535,3,1979-10-26,tag,Hasselbeckweg,falsch
01204,1,1906-03-10,tag,Johannisberger Straße,falsch
01204,2,1931-02-10,tag,Hattenheimer Straße,falsch
01442,1,1973-12-18,tag,Hattingsaue,falsch
01205,1,1900,jahr,Hattingstraße,falsch
01206,1,1949-12-22,tag,Hattingswiese,falsch
01207,1,1903-03-12,tag,Hattramstraße,falsch
01207,2,1903-03-12,tag,Gustavstraße,falsch
01207,3,1936-01-15,tag,Hattramstraße (Verl),falsch
01212,1,1911-11-21,tag,Haarzopfer Straße,falsch
01212,2,1915-07-09,tag,Hatzper Straße (tiw.),falsch
01212,3,1949-08-31,tag,Auf der Bracke,falsch
01212,4,1967-05-03,tag,Hatzper Bogen,falsch
01212,5,1967-05-03,tag,Hatzper Bogen (Verl.),falsch
01208,1,1911-11-21,tag,Haarzopfer Straße,falsch
01208,2,1915-07-09,tag,Hatzper Straße,falsch
01209,1,1903-11-27,tag,Neue Straße,falsch
01209,2,1915-07-09,tag,Hauerstraße,falsch
01210,1,1908-06-09,tag,Haumannplatz,falsch
01211,1,1938-10-21,tag,Haunerlandweg,falsch
03670,1,1821,vor,Hauptstraße,falsch
03670,2,1871,jahr,Bismarckstraße (Umb.),falsch
03670,3,1876-12-04,tag,Bahnhofstraße {tiw,falsch
03670,4,1934-10-02,tag,Adolf-Hitler-Straße (Umb.),falsch
03670,5,1945-04-26,tag,Hauptstraße (Umb.),falsch
03670,6,1946-04-04,tag,Mozartstraße,falsch
03670,7,1948-06-15,tag,Bismarckstraße,falsch
03670,8,1970-11-20,tag,Hauptstraße (Verl),falsch
03670,9,1977-11-29,tag,Hauptstraße (Verl),falsch
01216,1,1899,vor,Schulstraße,falsch
01216,2,1937-11-02,tag,Haus Fuhr,falsch
01217,1,1903-02-04,tag,Steinstraße (tiw.),falsch
01217,2,1934-06-05,tag,Haus Heisingen,falsch
01219,1,,unbekannt,Haus Horst,wahr
01213,1,1902-05-16,tag,Hausackerstraße,falsch
01214,1,,unbekannt,Sterkrader Straße,wahr
01214,2,1891-04-30,tag,Lindenstraße,falsch
01214,3,1915-07-09,tag,Haus-Berge-Straße,falsch
01215,1,1894-08-07,tag,Heinrichstraße,falsch
01215,2,1937-11-20,tag,Hausdykerfeld,falsch
01215,3,1995-05-17,tag,Hausdykerfeld (Verl.),falsch
01218,1,1896-10-08,tag,Franzstraße,falsch
01218,2,1896-10-08,tag,Sternstraße,falsch
01218,3,1915-07-09,tag,Haus-Horl-Straße,falsch
01220,1,1966-06-13,tag,Hausmannweg,falsch
01434,1,1970-02-24,tag,Hautkappenweg,falsch
01221,1,1936-08-05,tag,Hauwinkel,falsch
01222,1,1925-09-19,tag,Hauxplatz,falsch
01416,1,1960-09-07,tag,Havelring,falsch
01435,1,1911-06-16,tag,Im Haferfeld,falsch
01435,2,1972-01-12,tag,Haverkamp,falsch
01223,1,1932-06-13,tag,Heckelsberg,falsch
01225,1,1938-10-21,tag,Heckhülsenring,falsch
01226,1,,unbekannt,Heckstraße,wahr
01227,1,1931-12-11,tag,Hedwig-Dransfeld-Platz,falsch
01228,1,1897-09-06,tag,Hedwigstraße,falsch
01228,2,1907-02-01,tag,Hedwigstraße (Verl.),falsch
01228,3,1908-05-01,tag,Hedwigstraße (Verl.),falsch
01229,1,1895-11-28,tag,Heegstraße,falsch
01229,2,1896-10-08,tag,Teilstraße(Umb.),falsch
01229,3,1915-07-09,tag,Heegstraße (Verl.),falsch
01417,1,1965-12-02,tag,Heeme,falsch
01230,1,,unbekannt,Roonstraße,wahr
01230,2,1902-05-16,tag,Heerenstraße,falsch
03401,1,1907-12-05,tag,Wilhelmstraße,falsch
03401,2,1977-03-24,tag,Heeskampshof,falsch
01231,1,1922-02-09,tag,Hermann-Köster-Straße,falsch
01231,2,1934-06-05,tag,Hegehofs Wiese,falsch
03671,1,1963-04-05,tag,Hegelstraße,falsch
01232,1,1956-04-09,tag,Hegemannsfeld,falsch
01233,1,1899-02-10,tag,Brückenstraße,falsch
01233,2,1915-07-09,tag,Hegerkamp,falsch
01234,1,1922-02-09,tag,Hegestraße,falsch
01235,1,1953-10-13,tag,Heibauerfeld,falsch
01236,1,,unbekannt,Hüttenstraße,wahr
01236,2,1937-11-20,tag,Heibauerweg,falsch
01237,1,,unbekannt,Am Feldmannshof,wahr
01237,2,1900-11-13,tag,Südstraße,falsch
01237,3,1937-11-20,tag,Heidbergweg,falsch
01436,1,1971-09-22,tag,Heidbusch,falsch
01238,1,1903-02-04,tag,Kellermannweg,falsch
01238,2,1925-09-19,tag,Wachtelweg,falsch
01238,3,1929-07-06,tag,Heidehang,falsch
01239,1,1913,vor,Oberstraße,falsch
01239,2,1937-02-25,tag,Heidenreichberg,falsch
01240,1,1922-06-02,tag,Rathausplatz,falsch
01240,2,1935-11-14,tag,Heidhauser Platz,falsch
01241,1,1922-06-02,tag,Heidhauser Straße,falsch
01242,1,1956-04-09,tag,Heidmannsbusch,falsch
01243,1,,unbekannt,Krummer Weg,wahr
01243,2,1916-02-18,tag,Heierbusch,falsch
01384,1,1891-07-01,tag,Wächtlerstraße (tiw.),falsch
01384,2,1967-11-29,tag,Heilermannstraße,falsch
03672,1,1930,vor,Heiligenhauser Straße,falsch
01245,1,1896-08-14,tag,Heilstraße,falsch
01246,1,1920-10-01,tag,Heimatdank,falsch
00965,1,2010-03-30,tag,Heimbachweg,falsch
01247,1,1937-11-20,tag,Heimstättenweg,falsch
01248,1,1921-03-31,tag,Heimstraße,falsch
01250,1,1889-07-05,tag,Taubenstraße,falsch
01250,2,1889-11-29,tag,Heinickestraße,falsch
01250,3,1915-07-09,tag,Heinickestraße (Verl.),falsch
01250,4,1937-11-20,tag,Steineckestraße (Umb.),falsch
01250,5,1940-06-10,tag,Heinickestraße (Umb.),falsch
01251,1,1902-05-16,tag,Heinitzstraße,falsch
03673,1,1965-01-26,tag,Heinrich-Berns-Straße,falsch
02592,1,1896-10-08,tag,Rheinstraße,falsch
02592,2,1977-09-14,tag,Heinrich- Brauns-Straße,falsch
03674,1,1937,jahr,Ludendorffstraße,falsch
03674,2,1946-04-04,tag,Heinrich-Heine-Straße,falsch
02514,1,1989-04-27,tag,Heinrich- Held-Straße,falsch
00978,1,2012-02-15,tag,Heinrich-Imig-Straße,falsch
01429,1,1951-11-13,tag,Heinrich-Kämpchen-Straße,falsch
00903,1,1926-11-27,tag,Freiligrathplatz,falsch
00903,2,1934-06-05,tag,Robert- Ley-Platz,falsch
00903,3,1945-05-15,tag,Freiligrathplatz,falsch
00903,4,1977-03-24,tag,Heinrich-Lersch-Platz,falsch
00904,1,1911-12-16,tag,Theobaldstraße (tlw.),falsch
00904,2,1926-11-27,tag,Freiligrathstraße,falsch
00904,3,1934-06-05,tag,Robert-Ley-Straße,falsch
00904,4,1945-05-15,tag,Freiligrathstraße,falsch
00904,5,1977-03-24,tag,Heinrich- Lersch-Straße,falsch
00968,1,2010-09-21,tag,Heinrich-Reisner-Platz,falsch
01252,1,1900,jahr,Karlstraße {tlw.),falsch
01252,2,1937-11-20,tag,Heinrich-Sense-Weg,falsch
01254,1,1885-07-31,tag,Heinrichstraße,falsch
01253,1,,unbekannt,Kaiserstraße,wahr
01253,2,1902-05-16,tag,Helmholtzstraße,falsch
01253,3,1956-07-03,tag,Heinrich-Strunk-Straße,falsch
01255,1,,unbekannt,Heinrichstraße,wahr
01255,2,1902-05-16,tag,Heintzmannstraße,falsch
02517,1,1989-08-09,tag,Heinz-Bäcker- Straße,falsch
00697,1,2003-07-01,tag,Heinz-Renner- Platz,falsch
01256,1,1913,jahr,Bredeneyer Straße,falsch
01256,2,1928-02-27,tag,Heisinger Straße,falsch
01257,1,1891-04-30,tag,Heißener Straße,falsch
01419,1,1897-02-02,tag,Rothstraße,falsch
01419,2,1915-07-09,tag,Heißener Straße (Verl.),falsch
01419,3,1962-11-12,tag,Heißener Weg,falsch
01258,1,1903-03-12,tag,Ahnewinkelstraße,falsch
01258,2,1903-03-12,tag,Katharinenstraße,falsch
01258,3,1934-01-12,tag,Heisterholz,falsch
01258,4,1934-01-12,tag,Heisterholz (Verl),falsch
03675,1,1950-12-11,tag,Heistershecken,falsch
01259,1,1905,vor,Hermannstraße,falsch
01259,2,1906-01-26,tag,Hektorstraße,falsch
01260,1,1887-06-10,tag,Huttropstraße,falsch
01260,2,1933-11-27,tag,Helbingstraße,falsch
02045,1,2013-12-17,tag,Helene- Müller-Weg,falsch
01443,1,1976-02-18,tag,Helenendamm,falsch
01261,1,1874,vor,Helenenstraße,falsch
01261,2,1883,vor,Segerothstraße (Umb.),falsch
01261,3,1902-05-16,tag,Helenenstraße (Verl),falsch
01439,1,1896-02-13,tag,Georgstraße,falsch
01439,2,1915-07-09,tag,Am Kreuz (tw.),falsch
01439,3,1972-05-17,tag,Helen-Keller-Straße,falsch
01262,1,1802-03-29,tag,Salkenbergsweg (tlw.),falsch
01262,2,1934-01-12,tag,Helfenbergweg,falsch
00826,1,2007-04-10,tag,Helgaweg,falsch
01418,1,1962-01-12,tag,Helgolandring,falsch
01263,1,1955-09-21,tag,Hellersberg,falsch
01264,1,1904-11-18,tag,Hellweg,falsch
01420,1,1966-06-13,tag,Helmertweg,falsch
01265,1,1907-08-06,tag,Helmesberg,falsch
01266,1,,unbekannt,Kaiserstraße,wahr
01266,2,1902-05-16,tag,Helmholtzstraße (tlw.),falsch
01266,3,1902-05-16,tag,Heinitzstraße (tiw.),falsch
01266,4,1938-10-21,tag,Helmholtzplatz,falsch
03278,1,1902-05-16,tag,Helmholtzstraße,falsch
01267,1,1897-01-22,tag,Helmstraße,falsch
01267,2,1914-07-09,tag,Helmstraße (Verl.),falsch
01141,1,1998-02-03,tag,Helmut-Käutner-Straße,falsch
01268,1,1877,vor,Helmutstraße,falsch
00715,1,2006-09-12,tag,Helmut-Werner-Weg,falsch
01269,1,1957-07-15,tag,Hemmerhof,falsch
01269,2,1970-02-24,tag,Hemmerhof (Verl.),falsch
00580,1,1982-01-20,tag,Hemsingskotten,falsch
01271,1,1910-09-16,tag,Henckelstraße,falsch
01272,1,1894-05-18,tag,Gärtnerstraße (tlw.),falsch
01272,2,1930-03-20,tag,Hendrik-Witte- Straße,falsch
01273,1,1910,jahr,Henglerplatz,falsch
01274,1,1890-11-18,tag,Henglerstraße,falsch
01274,2,1979-08-22,tag,Henglerstraße (Verl.),falsch
01275,1,1915-07-09,tag,Im Siepken [tiw.),falsch
01275,2,1953-10-13,tag,Henningweg,falsch
01275,3,1957-01-23,tag,Henningweg (Verl.),falsch
01276,1,1903-05-08,tag,Roßbachstraße,falsch
01276,2,1910-09-16,tag,Henricistraße,falsch
01426,1,1960-09-07,tag,Henri-Dunant-Straße,falsch
01277,1,1887-06-10,tag,Henriettenstraße,falsch
01278,1,1899,vor,Kaiserstraße,falsch
01278,2,1937-11-20,tag,Herbertshof,falsch
01412,1,1969-01-15,tag,Herbrüggenbusch,falsch
00702,1,2004-09-21,tag,Herbrüggenhof,falsch
01279,1,1896-10-08,tag,Schultestraße,falsch
01279,2,1896-10-08,tag,Rolandstraße,falsch
01279,3,1915-07-09,tag,Düsterstraße,falsch
01279,4,1915-07-09,tag,Herbrüggenstraße,falsch
01279,5,1931-02-11,tag,Herbrüggenstraße (Verl.),falsch
03676,1,1950-12-11,tag,Herkendell,falsch
01281,1,1868-01-17,tag,Herkulesstraße,falsch
00706,1,2004-09-21,tag,Hermann-Drescher-Weg,falsch
00830,1,2007-11-20,tag,Hermann-Duesmann-Straße,falsch
02528,1,1991-03-12,tag,Hermann-Köster-Weg,falsch
01441,1,1973-11-20,tag,Hermann-Rotthäuser-Straße,falsch
02047,1,2013-12-17,tag,Hermann-Sprenger-Weg,falsch
01282,1,1892-03-29,tag,Hermannstraße,falsch
01283,1,,unbekannt,Knappenstraße,wahr
01283,2,1915-07-09,tag,Schlepperstraße,falsch
01283,3,1916-02-18,tag,Herrenbank,falsch
01284,1,1911-02-17,tag,Siepenstraße,falsch
01284,2,1915-07-09,tag,Herskamp,falsch
01285,1,1897-09-06,tag,Herthastraße,falsch
01286,1,,unbekannt,Christinenstraße,wahr
01286,2,1932-06-13,tag,Hertigerstraße,falsch
01287,1,1914-05-06,tag,Nikolausstraße (tiw.),falsch
01287,2,1937-11-20,tag,Hertzlerstraße,falsch
01288,1,1897-11-29,tag,Grenzstraße,falsch
01288,2,1900-05-04,tag,Oststraße,falsch
01288,3,1908-06-05,tag,Herwarthstraße,falsch
01288,4,1908-06-05,tag,Herwarthstraße {Verl.),falsch
01289,1,1900-05-04,tag,Herzogstraße,falsch
01289,2,1981-03-10,tag,Herzogstraße (Verl.),falsch
01290,1,1898-05-10,tag,Nordstraße,falsch
01290,2,1937-11-20,tag,Heskämpchen,falsch
01291,1,1922-06-02,tag,Im Hespertal,falsch
01291,2,1937-11-20,tag,Hespertal,falsch
01293,1,1907-08-06,tag,Helmesberg (tlw.),falsch
01293,2,1950-03-15,tag,Hesselerkamp,falsch
01294,1,1875-07-20,tag,Heßlerstraße,falsch
01295,1,1896-10-08,tag,Druckstraße,falsch
01295,2,1915-07-09,tag,Heukenfeld,falsch
01295,3,1933-08-14,tag,Hans-Kersten-Straße,falsch
01295,4,1945-05-15,tag,Heukenfeld (Umb.),falsch
01296,1,,unbekannt,Heuweg,wahr
01297,1,1959-02-02,tag,Hexberg,falsch
03682,1,,unbekannt,Hexenbergweg,wahr
01298,1,1899,jahr,Hexentaufe,falsch
01299,1,1908-04-09,tag,Christinenplatz,falsch
01299,2,1909-11-26,tag,Heymannplatz,falsch
01301,1,1919-05-28,tag,Hiegemannsgasse,falsch
01302,1,1897-09-06,tag,Helenenstraße,falsch
01302,2,1906-01-26,tag,Hildegardstraße,falsch
01421,1,,unbekannt,Weinberg (tlw.),wahr
01421,2,1961-06-28,tag,Hildegrimstraße,falsch
01303,1,1906-03-10,tag,Hildesheimer Straße,falsch
01304,1,1897-11-29,tag,Schmiedestraße,falsch
01304,2,1908-06-05,tag,Hilgenbornstraße,falsch
01305,1,1953-03-03,tag,Hilgerstraße,falsch
01305,2,1967-05-03,tag,Hilgerstraße (Verl),falsch
01306,1,,unbekannt,Karlstraße,wahr
01306,2,1926-06-01,tag,Hiltrops Kamp,falsch
01307,1,1891-04-30,tag,Hermannstraße,falsch
01307,2,1915-07-09,tag,Himmelpforten,falsch
01308,1,,unbekannt,Ringstraße,wahr
01308,2,1864,jahr,Bahnhofstraße,falsch
01308,3,1927-10-02,tag,Hindenburgstraße,falsch
01309,1,1929,vor,Hinderfeldsberg,falsch
01310,1,1900-11-06,tag,Bergstraße,falsch
01310,2,1934-01-12,tag,Hinsbecker Berg,falsch
00577,1,1982-01-20,tag,Hinsbecker Hang,falsch
01311,1,1900-11-13,tag,Löhstraße (tiw.),falsch
01311,2,1900-11-13,tag,Talstraße,falsch
01311,3,1936-01-15,tag,Hinsbecker Löh,falsch
01311,4,1976-11-02,tag,Hinsbecker Löh (Verl.),falsch
01414,1,1961-12-13,tag,Hinseler Feld,falsch
01312,1,1909,vor,Schulstraße,falsch
01312,2,1935-11-14,tag,Hinseler Hof,falsch
01313,1,1922-06-02,tag,Hinterm Rathaus,falsch
01444,1,1977-06-07,tag,Hirschanger,falsch
03273,1,1939-05-26,tag,Wiener Platz,falsch
03273,2,1985-03-07,tag,Hirschlandplatz,falsch
01314,1,1959-09-08,tag,Hirsestraße,falsch
01315,1,1934-11-12,tag,Hirtental,falsch
01316,1,1920-10-01,tag,Mercatorstraße,falsch
01316,2,1946-08-29,tag,Hirtsieferstraße,falsch
01317,1,1906-12-07,tag,Hittorfstraße,falsch
01437,1,1971-09-22,tag,Hitzbleek,falsch
01318,1,1892,jahr,Hobeisenstraße,falsch
01319,1,1933-11-27,tag,Hobestatt,falsch
01320,1,1934-06-05,tag,Hobirkheide,falsch
01321,1,1903-05-11,tag,Hochfeldstraße,falsch
01322,1,1890-11-18,tag,IV. Rottstraße,falsch
01322,2,1909-03-26,tag,Hochstraße,falsch
01323,1,1937-11-20,tag,Höchtebogen,falsch
01324,1,,unbekannt,L-Straße,wahr
01324,2,1902-05-16,tag,Hoeckerstraße,falsch
01325,1,1937-11-20,tag,Hoeffkengarten,falsch
01326,1,1893-05-13,tag,Turmstraße,falsch
01326,2,1915-07-09,tag,Höhenweg,falsch
01327,1,1860,jahr,Mördergasse,falsch
01327,2,1868-01-17,tag,Lordstraße (tlw.),falsch
01327,3,1954-07-15,tag,Hölderlinstraße,falsch
01328,1,,unbekannt,Hölle,wahr
01330,1,1903-11-27,tag,Höltestraße,falsch
01331,1,1930-05-31,tag,Höltingsweg,falsch
01333,1,1919-04-01,tag,Höntroper Straße,falsch
03679,1,1934,jahr,Höseler Weg,falsch
01427,1,1969-10-22,tag,Höltering,falsch
01334,1,1875-07-20,tag,Borbecker Straße,falsch
01334,2,1915-07-09,tag,Hövelstraße,falsch
01335,1,1936-08-05,tag,Hövenerwiese,falsch
01336,1,1954-07-15,tag,Hofackerstraße,falsch
01337,1,1866-07-06,tag,Hoffnungstraße,falsch
01338,1,1959-12-11,tag,Hofkamp,falsch
01339,1,1934-06-05,tag,Erbhofring,falsch
01339,2,1946-05-22,tag,Hofringstraße,falsch
01340,1,1900-11-13,tag,Hofstraße,falsch
01341,1,1868-01-17,tag,Hofterbergstraße,falsch
01342,1,1922-03-08,tag,Hohe Buchen,falsch
01342,2,1922-03-08,tag,Markuspfad (tiw.),falsch
01342,3,1925-12-03,tag,Hohe Buchen (Verl),falsch
01344,1,,unbekannt,Charlottenberg,wahr
01344,2,1932-10-03,tag,Hohe Haar,falsch
01345,1,1932-10-03,tag,Hohe Kuppe,falsch
01351,1,1891,jahr,Windmühlenstraße (tlw.),falsch
01351,2,1930-05-31,tag,Hohe Warte,falsch
01343,1,1903-02-04,tag,Hohefuhrstraße,falsch
01440,1,1972-09-20,tag,Hohehausstraße,falsch
01346,1,1868-01-17,tag,Hohenburgstraße,falsch
01347,1,,unbekannt,Heinrichstraße,wahr
01347,2,1915-07-09,tag,Hohendahlstraße,falsch
01348,1,,unbekannt,Josephstraße,wahr
01348,2,1937-11-20,tag,Hohensteinweg,falsch
01349,1,1889-07-05,tag,Kaiserstraße,falsch
01349,2,1895-01-04,tag,Hohenzollernstraße,falsch
01349,3,1978-03-14,tag,Hohenzollernstraße (Verl.),falsch
01350,1,1913-05-30,tag,Hoher Weg,falsch
01353,1,1911-04-21,tag,Hohlweg,falsch
01354,1,1897-11-29,tag,Mühlenweg,falsch
01354,2,1937-11-20,tag,Holbecks Hof,falsch
01355,1,,unbekannt,Leostraße,wahr
01355,2,1902-05-16,tag,Holbeinstraße,falsch
01356,1,,unbekannt,Bocholder Straße,wahr
01356,2,1915-07-09,tag,Holdenweg,falsch
01357,1,1922-03-08,tag,Hansastraße,falsch
01357,2,1932-04-02,tag,Hollestraße,falsch
01358,1,,unbekannt,Steinstraße (tlw.),wahr
01358,2,1934-06-05,tag,Holsteinanger,falsch
01359,1,1909-11-26,tag,Holsterhauser Platz,falsch
01360,1,,unbekannt,Marktstraße,wahr
01360,2,,unbekannt,Böhmerstraße,wahr
01360,3,,unbekannt,Torluestraße,wahr
01360,4,,unbekannt,Mühlenstraße (tlw.),wahr
01361,1,1909-11-26,tag,Holtener Straße,falsch
01361,2,1980-01-25,tag,Holtener Straße (Verl.),falsch
01431,1,1911-06-16,tag,Holteyerberg {tiw.),falsch
01431,2,1970-12-16,tag,Holteyer Hang,falsch
01873,1,2012-07-17,tag,Holteyer Höhe,falsch
01432,1,1911-06-16,tag,Bahnhofstraße,falsch
01432,2,1911-11-16,tag,Horster Straße,falsch
01432,3,1970-12-16,tag,Holteyer Straße,falsch
01430,1,1911-06-16,tag,Holteyerberg,falsch
01362,1,1936-08-05,tag,Holthuser Tal,falsch
01363,1,,unbekannt,Glückaufstraße,wahr
01363,2,1937-02-25,tag,Holtkämperheide,falsch
00585,1,1930-05-31,tag,Snatgang,falsch
00585,2,1982-03-02,tag,Holtrichterweg,falsch
01364,1,1907-08-06,tag,Kruppstraße,falsch
01364,2,1915-07-09,tag,Holunderweg,falsch
01365,1,,unbekannt,Schwarzbachstraße,wahr
01365,2,1932-06-13,tag,Holzschragen,falsch
01366,1,1887-06-10,tag,Holzstraße,falsch
01422,1,1931-02-10,tag,Dortmunder Straße,falsch
01422,2,1963-12-17,tag,Hombrucher Straße,falsch
01411,1,1948-12-14,tag,Parkweg (tiw.),falsch
01411,2,1968-03-20,tag,Homburger Weg,falsch
01367,1,1906-10-02,tag,Glückaufstraße,falsch
01367,2,1906-12-18,tag,Stinnesstraße,falsch
01367,3,1937-11-20,tag,Honigmannstraße,falsch
01368,1,1937-02-25,tag,Honnerskamp,falsch
01369,1,1922-06-02,tag,Holsterhauser Straße,falsch
01369,2,1937-11-20,tag,Honnschaftenstraße,falsch
01370,1,1901-06-25,tag,Heerstraße,falsch
01370,2,1915-07-09,tag,Hopfenstraße,falsch
03680,1,1927-10-25,tag,Bürgermeister- Hopmannn-Platz,falsch
03680,2,1934-10-02,tag,Horst-Wessel-Platz,falsch
03680,3,1945-04-26,tag,Hopmannplatz,falsch
01371,1,1919-04-01,tag,Altendorfer Straße,falsch
01371,2,1937-11-20,tag,Horster Straße,falsch
01372,1,1960-02-24,tag,Hortmannweg,falsch
01373,1,1887-04-21,tag,Hospitalstraße,falsch
01423,1,1932-06-13,tag,Holzschragen (tlw.),falsch
01423,2,1963-12-17,tag,Hossemsgarten,falsch
01374,1,1897-11-29,tag,Hovescheidtstraße,falsch
01424,1,1963-06-25,tag,Hovestatthang,falsch
00821,1,2006-06-13,tag,Hubert-Bollig- Straße,falsch
01375,1,1894-05-09,tag,Essener Straße,falsch
01375,2,1901-03-01,tag,Hubertstraße,falsch
01375,3,1936-01-15,tag,Hubertstraße (Verl.),falsch
01376,1,1894-05-09,tag,Essener Straße {tlw.),falsch
01376,2,1936-01-15,tag,Hubertweiche,falsch
01425,1,1931-02-10,tag,Dortmunder Straße (tIw.),falsch
01425,2,1963-12-17,tag,Huckarder Straße,falsch
01377,1,1921,jahr,Huckshorst,falsch
01413,1,1960-09-07,tag,Hüchterbrockstraße,falsch
01379,1,1907-07-06,tag,Hügel,falsch
01380,1,1954-07-15,tag,Hügelweg,falsch
01381,1,1955-11-02,tag,Hülscherfeld,falsch
01382,1,1919-05-28,tag,Hülsebergstraße,falsch
01383,1,1896-02-13,tag,Paradiesstraße,falsch
01383,2,1898-03-11,tag,Hülsenbruchstraße,falsch
01385,1,1891-04-30,tag,Friedenstraße,falsch
01385,2,1896-10-08,tag,Weidstraße,falsch
01385,3,1915-07-09,tag,Hülsmannstraße,falsch
01386,1,,unbekannt,Lindemannstraße,wahr
01386,2,1890-11-18,tag,Lindenstraße,falsch
01386,3,1937-11-20,tag,Hünninghausenweg,falsch
01387,1,1910-12-20,tag,Barbarastraße,falsch
01387,2,1937-11-20,tag,Hüsertreppe,falsch
01388,1,1937-11-20,tag,Hüskenbörde,falsch
01378,1,1894-08-07,tag,Mittelstraße,falsch
01378,2,1922-07-14,tag,Otto-Hue- Straße,falsch
01378,3,1933-05-08,tag,Richthofenstraße,falsch
01378,4,1945-05-15,tag,Huestraße,falsch
01391,1,1902-05-16,tag,Hüttmannstraße,falsch
01393,1,1902-05-16,tag,Hufelandstraße,falsch
01394,1,,unbekannt,Hufergasse,wahr
01394,2,1883-11-17,tag,Mittelstraße,falsch
01394,3,1937-11-20,tag,Hufergasse (Verl.),falsch
01395,1,,unbekannt,Lindenbecker Straße,wahr
01395,2,1937-11-20,tag,Huffmannstraße,falsch
01396,1,1892-03-29,tag,Hugenstraße,falsch
01396,2,1937-11-20,tag,Hugenkamp,falsch
02532,1,1991-11-13,tag,Hugo-Knippen-Straße,falsch
01398,1,,unbekannt,Rosestraße,wahr
01398,2,1895-10-24,tag,Karl- Humann-Straße,falsch
01398,3,1899-02-24,tag,Humannstraße,falsch
01399,1,1911-11-21,tag,Humboldtstraße,falsch
03681,1,1930-01-28,tag,Hummelshagen,falsch
01400,1,1894,jahr,Altenhof,falsch
01400,2,1910-09-16,tag,Altenhof | (tlw.),falsch
01400,3,1935-10-14,tag,Hundackerweg,falsch
01401,1,1896-02-13,tag,Hundebrinkstraße,falsch
01402,1,1910-09-16,tag,Hundsnockenstraße,falsch
01403,1,1912,vor,Buchenstraße,falsch
01403,2,1912,vor,Lerchenstraße,falsch
01403,3,1934-06-05,tag,Hunsiepen,falsch
01415,1,1961-12-13,tag,Hunsrückstraße,falsch
01404,1,1909-11-26,tag,Hurterstraße,falsch
01405,1,1892-03-29,tag,Kirchstraße {tlw.),falsch
01405,2,1904-03-21,tag,Alte Kirchstraße (tlw.),falsch
01405,3,1956-02-22,tag,Husemannweg,falsch
01406,1,1904,vor,Blumenstraße,falsch
01406,2,1937-11-20,tag,Huskamp,falsch
01407,1,1902-05-26,tag,Husmannstraße,falsch
01407,2,1937-11-20,tag,Husmannshofstraße,falsch
01408,1,1959-02-18,tag,Huthstraße,falsch
01409,1,1897-11-29,tag,Rellinghauser Straße,falsch
01409,2,1897-11-29,tag,Grenzstraße,falsch
01409,3,1899-12-07,tag,Berghauser Straße,falsch
01409,4,1908-06-05,tag,Herwarthstraße (tIw.),falsch
01409,5,1935-11-14,tag,Huttropstraße,falsch
01409,6,1964-05-20,tag,Huttropstraße (Verl.),falsch
01410,1,,unbekannt,Kettwiger Chaussee,wahr
01410,2,1906-01-02,tag,Huyssenallee,falsch
03683,1,1956-10-11,tag,Icktener Mark,falsch
03684,1,1937,jahr,Dietrich-Eckart-Siedlung,falsch
03684,2,1945-05-03,tag,Icktener Siedlung (tlw.),falsch
03684,3,1952-09-05,tag,Icktener Straße,falsch
01537,1,1973-02-21,tag,lländerhöhe,falsch
01450,1,,unbekannt,Friedenstraße,wahr
01450,2,1937-11-20,tag,lländerweg,falsch
00700,1,2004-04-20,tag,IIse-Menz-Weg,falsch
01451,1,1971-12-05,tag,Im Ährenfeld,falsch
01452,1,1923-09-24,tag,Im Ahrfeld,falsch
01454,1,1924-02-05,tag,Im Arlenkamp,falsch
01455,1,,unbekannt,Bachstraße,wahr
01455,2,1929-07-12,tag,Im Beckmannsfeld,falsch
01456,1,1954-02-23,tag,Im Beiseling,falsch
01530,1,1964-05-20,tag,Im Beukenbusch,falsch
01529,1,1963-02-20,tag,Im Beuler Feld,falsch
03685,1,1963-09-30,tag,Im Blumenfeld,falsch
01457,1,1922-03-08,tag,Im Bocholdsfeld,falsch
01531,1,1966-12-12,tag,Im Brauke,falsch
01458,1,,unbekannt,Schützenstraße,wahr
01458,2,1929-07-12,tag,Im Breiksken,falsch
01459,1,1955-03-31,tag,Im Breukel. (Breukel = kleiner Bruch),falsch
01460,1,1904-02-04,tag,Bahnhofstraße,falsch
01460,2,1937-11-20,tag,Im Brilken,falsch
01532,1,1968-09-12,tag,Im Bungert,falsch
01462,1,1954-07-15,tag,Im Dreieck,falsch
01463,1,1955-03-31,tag,Im Dreischlag,falsch
01465,1,1896-02-13,tag,Mauerstraße,falsch
01465,2,1915-07-09,tag,Im Erlenbruch,falsch
01466,1,1896-10-08,tag,Kiesstraße,falsch
01466,2,1915-07-09,tag,Im Fatloh,falsch
01467,1,1953-03-03,tag,Im Grund,falsch
01468,1,1904-11-18,tag,Schulstraße,falsch
01468,2,1926-06-01,tag,Im Haferfeld,falsch
03686,1,1950-12-11,tag,Im Hattigsfeld,falsch
01469,1,1956-02-23,tag,Im Heidkamp,falsch
01534,1,1963-02-20,tag,Im Heimberge,falsch
01470,1,1914-10-09,tag,Im Heimgarten,falsch
01471,1,1903-05-11,tag,Bergstraße,falsch
01471,2,1924-05-02,tag,Feldstraße,falsch
01471,3,1937-11-20,tag,Helfshöfe,falsch
01471,4,1939-05-26,tag,Im Helf,falsch
01472,1,1936-06-05,tag,Im Hesgarten,falsch
01473,1,1920-03-06,tag,Heimstraße,falsch
01473,2,1935-11-04,tag,Im Hesselbruch,falsch
03687,1,1930-01-28,tag,Im Hinninghofen,falsch
01475,1,1950-07-05,tag,Im Kampe,falsch
01476,1,1956-07-03,tag,Im Karkamp,falsch
03688,1,1926,jahr,Im Kimpel,falsch
01478,1,1890-11-18,tag,Kirchstraße,falsch
01478,2,1934-06-05,tag,Alt-Steele,falsch
01478,3,1954-02-23,tag,Im Kirchspiel,falsch
01480,1,1953-03-03,tag,Im Knick,falsch
01482,1,1949-12-22,tag,Im Langenbusch,falsch
01483,1,1953-03-03,tag,Im Lindenstück,falsch
01484,1,,unbekannt,Bahnhofstraße,wahr
01484,2,1934-01-12,tag,Im Löwental,falsch
01485,1,1937-11-20,tag,Im Looscheid,falsch
01488,1,1899-10-04,tag,Zollvereinstraße,falsch
01488,2,1926-06-01,tag,Im Mühlenbruch,falsch
01489,1,1892-03-29,tag,Im Natt,falsch
01490,1,1907-01-21,tag,Nierstraße,falsch
01490,2,1915-07-09,tag,Im Neerfeld,falsch
00832,1,2007-11-20,tag,Im Oberfeld,falsch
01527,1,1962-04-25,tag,Im Ortfeld,falsch
01491,1,1920,jahr,Im Osterbruch,falsch
00705,1,2004-09-21,tag,Im Pferdekamp,falsch
01492,1,1931-02-12,tag,Im Riek,falsch
01493,1,1953-10-13,tag,Im Schee,falsch
01533,1,1974-09-18,tag,Im Schlagholz,falsch
01494,1,1896-02-13,tag,Kniestraße,falsch
01494,2,1915-07-09,tag,Im Schollbrauk,falsch
01494,3,1920-10-01,tag,Im Schollbrauk (Verl.),falsch
01495,1,,unbekannt,Siepenstraße,wahr
01495,2,1915-07-09,tag,Im Siepken,falsch
03690,1,1950-12-11,tag,Im Sonnenschein,falsch
01496,1,1890-11-18,tag,Rottstraße,falsch
01496,2,1946-05-22,tag,Im Steeler Rott,falsch
01497,1,1927-08-09,tag,Im stillen Winkel (schreibweise),falsch
01497,2,1957-07-15,tag,Im Stillen Winkel (Umb.),falsch
01498,1,1896-08-14,tag,Förderstraße (tlw.),falsch
01498,2,1939-05-26,tag,Im Stollen,falsch
01499,1,1953-03-03,tag,Im Streb,falsch
01500,1,1922-06-02,tag,Im Tannenbusch,falsch
03692,1,1950-12-11,tag,Am Teelbruck,falsch
03692,2,1977-11-29,tag,Im Teelbruch,falsch
01535,1,1911-06-16,tag,Im Vaeste,falsch
00531,1,1906-01-26,tag,Walpurgisstraße (tiIw.),falsch
00531,2,1979-03-16,tag,Im Walpurgistal,falsch
00977,1,2011-11-16,tag,Im Welterbe,falsch
01501,1,1928,vor,Im Westerbruch,falsch
01501,2,1948-12-14,tag,Im Westerbruch (Verl,falsch
03691,1,1952-09-05,tag,Im Winkel,falsch
03691,2,1956-10-11,tag,Im Winkel (Verl.),falsch
01503,1,1896-10-08,tag,Wolfstraße,falsch
01503,2,1915-07-09,tag,Im Wulve,falsch
01539,1,1999-08-03,tag,Im Zauberwald,falsch
01453,1,1919-05-28,tag,Imandtstraße,falsch
01461,1,1892-03-29,tag,Kirchstraße {tlw.),falsch
01461,2,1904-03-21,tag,Alte Kirchstraße (tiw.),falsch
01461,3,1955-01-19,tag,Imbuschweg,falsch
01538,1,1973-11-20,tag,Imhoffweg,falsch
01477,1,1938-10-21,tag,Imkerei,falsch
02512,1,1988-08-23,tag,Imkerweg,falsch
01486,1,1900-05-16,tag,Luisenstraße,falsch
01486,2,1937-11-20,tag,Immelmannstraße,falsch
01528,1,1960-09-07,tag,Immengarten,falsch
01487,1,1868-01-17,tag,Beuststraße (tlIw.),falsch
01487,2,1937-11-20,tag,Immestraße,falsch
01504,1,1953-10-13,tag,In den Berken,falsch
01505,1,1911-06-16,tag,In den Höfen,falsch
01506,1,1954-07-15,tag,In den Lotten,falsch
01508,1,1929-01-10,tag,In der Baumschule,falsch
01509,1,1922-06-02,tag,In der Borbeck,falsch
00570,1,1981-04-03,tag,In der Distelkuhle,falsch
01536,1,1902-05-16,tag,Hagenbeckstraße (tlw.),falsch
01536,2,1920-10-01,tag,Hagenbeck,falsch
01536,3,1972-09-20,tag,In der Hagenbeck,falsch
01510,1,1919-05-28,tag,In der Lake,falsch
01511,1,1924-02-05,tag,In der Mark,falsch
00716,1,2006-09-12,tag,In der Mergelskuhle,falsch
01512,1,1922-06-02,tag,In der Pieperbeck,falsch
01513,1,1953-03-03,tag,In der Senke,falsch
01514,1,1913-05-30,tag,Täpperstraße,falsch
01514,2,1922-03-08,tag,In der Täpperie,falsch
01515,1,,unbekannt,In der Vogelwiesche,wahr
01515,2,,unbekannt,Im Emscherbruch,wahr
01515,3,1930-05-31,tag,Il,falsch
01515,4,1962-11-12,tag,In der Vogelwiesche (Verl.),falsch
01517,1,1906-03-10,tag,Ingelheimer Straße,falsch
01518,1,1896-02-13,tag,Inselstraße,falsch
01520,1,1953-03-03,tag,An Lindemanns Kreuz {tlw.),falsch
01520,2,1954-07-15,tag,Irispfad,falsch
01521,1,1884,vor,Wiesenstraße,falsch
01521,2,1919-05-28,tag,Irmastraße,falsch
01522,1,1906-05-25,tag,Isabellastraße,falsch
01523,1,1953-10-13,tag,Isegrimweg,falsch
01875,1,2012-09-12,tag,Isenbergplatz,falsch
01524,1,,unbekannt,Jahnstraße,wahr
01524,2,1899-01-09,tag,Isenburgstraße,falsch
01524,3,1901-03-01,tag,Isenbergstraße,falsch
01524,4,1906-01-26,tag,Isenbergstraße (Verl.),falsch
01525,1,,unbekannt,Steinweg,wahr
01525,2,1890-11-18,tag,Isinger Straße (tlw.),falsch
01525,3,1926-06-01,tag,Isinger Tor,falsch
02049,1,2014-10-01,tag,Isingplatz,falsch
01526,1,1912-01-26,tag,Ittenbachstraße,falsch
00192,1,1907-09-27,tag,Arndtstraße,falsch
00192,2,1977-02-25,tag,Jacob-Grimm- Straße,falsch
01560,1,1922-06-02,tag,Jacobsallee,falsch
01566,1,1954-07-15,tag,Jacob-Weber-Straße,falsch
01561,1,1868-01-17,tag,Jägerstraße,falsch
01562,1,1896-10-08,tag,Jagdstraße,falsch
00539,1,1980-05-23,tag,Jagstweg,falsch
01563,1,1910-09-16,tag,Jahnptatz,falsch
01564,1,1895-11-28,tag,Gasstraße,falsch
01564,2,1929-07-06,tag,Jahnstraße,falsch
01565,1,1868-01-17,tag,Jakobstraße,falsch
01565,2,1937-02-25,tag,Soldatenwiese (Umb.),falsch
01565,3,1946-05-22,tag,Jakobstraße (Umb.),falsch
01567,1,,unbekannt,Josefstraße,wahr
01567,2,1902-05-16,tag,Janssenstraße,falsch
01589,1,1965-12-17,tag,Janstweg,falsch
01224,1,1966-12-14,tag,Hegelweg,falsch
01224,2,1977-03-08,tag,Jaspersweg,falsch
01591,1,1914-10-09,tag,Kruppstraße (tiw.),falsch
01591,2,1969-03-19,tag,Jenckestraße,falsch
01568,1,,unbekannt,Felderweg,wahr
01568,2,1902-05-16,tag,Jennerstraße,falsch
01569,1,,unbekannt,Hermannstraße,wahr
01569,2,1902-05-16,tag,Jheringstraße,falsch
01570,1,,unbekannt,Bergstraße,wahr
01570,2,1935-01-14,tag,Joachimberg,falsch
01571,1,1897-11-06,tag,Joachimstraße,falsch
01571,2,1897-06-23,tag,Schul-straße (tlw.),falsch
01571,3,1937-11-20,tag,Joachimstraße (Verl),falsch
01572,1,1897-09-06,tag,Johannastraße,falsch
01582,1,1891-04-30,tag,Wilhelmstraße,falsch
01582,2,1915-07-09,tag,Borbecker Straße (tiw.),falsch
01582,3,1977-05-11,tag,Johannes-Brokamp-Straße,falsch
01594,1,1973-11-20,tag,Johannes-Klein-Straße,falsch
01593,1,1971-09-22,tag,Johannes-Trimborn-Straße,falsch
01573,1,1903-11-27,tag,Johanniskirchplatz,falsch
01574,1,1875-07-20,tag,Kirchstraße,falsch
01574,2,1915-07-09,tag,Johanneskirchstraße,falsch
01575,1,1868-01-17,tag,Johannisstraße,falsch
01576,1,1920-03-06,tag,Johann-Kruse- Straße,falsch
01882,1,2013-08-30,tag,Johann-Wilhelm-Scheidt-Straße,falsch
00712,1,2005-09-13,tag,John-Lennon-Straße,falsch
01592,1,1892-03-29,tag,Nordstraße,falsch
01592,2,1933-11-17,tag,Bruchweiher,falsch
01592,3,1971-09-22,tag,Josef-Hoeren-Straße,falsch
01577,1,1890-11-18,tag,Schulstraße,falsch
01577,2,1937-11-20,tag,Joseph-Boismard-Weg,falsch
01590,1,1860-02-17,tag,Neugasse,falsch
01590,2,1860-02-17,tag,Neustraße,falsch
01590,3,1937-11-20,tag,Brehmstraße,falsch
01590,4,1967-11-29,tag,Joseph-Breuer- Straße,falsch
01578,1,1907-02-01,tag,Josephinenstraße,falsch
01579,1,1897-09-06,tag,Juliusstraße,falsch
01579,2,1906-01-26,tag,Justusstraße,falsch
01579,3,1937-11-20,tag,Joseph-Lenne&-Straße,falsch
01580,1,1892-03-29,tag,Hochstraße,falsch
01580,2,1937-11-20,tag,Joseph-Oertgen- Weg,falsch
01581,1,1892-03-29,tag,Schüllerstraße,falsch
01581,2,1937-11-20,tag,Joseph-Schüller-Platz,falsch
01585,1,1910-09-16,tag,Altenhof II (tiw.),falsch
01585,2,1935-10-14,tag,Jüngstallee,falsch
01586,1,1934-06-05,tag,Jürgengang,falsch
01588,1,1962-11-12,tag,Juistweg,falsch
01583,1,1897-09-06,tag,Julienstraße,falsch
01583,2,1906-05-25,tag,Julienstraße (Verl.),falsch
01583,3,1908-05-01,tag,Julienstraße (verl.),falsch
01612,1,2002-05-07,tag,Julius- Hecker-Platz,falsch
01595,1,1973-11-20,tag,Julius-Leber-Weg,falsch
01584,1,1874-01-30,tag,Juliusstraße,falsch
03693,1,1958-10-21,tag,Jungbornweg,falsch
01587,1,1962-11-12,tag,Jupiterstraße,falsch
01855,1,1968-11-21,tag,Kaarmannweg,falsch
01638,1,1896-02-13,tag,Ill. Ziegelstraße,falsch
01638,2,1915-07-09,tag,I. Levenhove,falsch
01638,3,1937-02-25,tag,Kämmereihude,falsch
01639,1,1902-05-16,tag,Kämpenstraße,falsch
01870,1,,unbekannt,Klarastraße,wahr
01870,2,1946-05-22,tag,Neuholland,falsch
01870,3,1976-02-18,tag,Käthe-Kollwitz- Straße,falsch
00972,1,2011-11-01,tag,Käthe-Larsch-Straße,falsch
01620,1,,unbekannt,Kargate,wahr
01620,2,1902-05-16,tag,Kahrstraße,falsch
03695,1,1970-11-20,tag,Kaienburgsweg,falsch
01864,1,1911-06-16,tag,Kaiserei,falsch
01621,1,1860-10-21,tag,Markt,falsch
01621,2,1934-06-05,tag,Hansamarkt,falsch
01621,3,,unbekannt,Neumarkt,wahr
01621,4,1934-06-05,tag,Isinger Markt,falsch
01621,5,1938-05-14,tag,Kaiser-Otto-Platz,falsch
01622,1,1898,jahr,Kaiserhofstraße,falsch
01622,2,1902-10-13,tag,Kaiserhofstraße (Verl),falsch
01622,3,1933-05-08,tag,Felgendreherstraße (Umb.),falsch
01622,4,1945-05-15,tag,Kaiserhofstraße (Umb.),falsch
03696,1,1821,vor,Kaisersgasse,falsch
03696,2,1872,jahr,Kaiserstraße,falsch
03696,3,1930-01-28,tag,Kaisergasse (Umb.),falsch
03696,4,1930-10-07,tag,Kaiserstraße (Umb.),falsch
01624,1,1903-03-12,tag,Mathiasstraße,falsch
01624,2,1936-08-05,tag,Kaiserswerthstraße,falsch
01625,1,1936-08-05,tag,Kaiser- Wilhelm-Platz,falsch
01626,1,,unbekannt,Wilhelmstraße,wahr
01626,2,1875-04-28,tag,Kaiserstraße,falsch
01626,3,1934-06-05,tag,Kaiser-Wilhelm-Straße,falsch
01627,1,1894-08-07,tag,Kaldekirche,falsch
01627,2,1952-07-31,tag,Riegelweg (Umb.tim.),falsch
01599,1,2001-05-08,tag,Kaldemorgenweg,falsch
01628,1,1896-10-08,tag,Winkelstraße,falsch
01628,2,1915-07-09,tag,Kaldenhof,falsch
01629,1,1922-09-13,tag,Kaldenhofs Kamp,falsch
01630,1,1896-10-08,tag,Baumstraße,falsch
01630,2,1915-07-09,tag,Kaldenhoverbaum,falsch
01631,1,1897-01-22,tag,Kalkstraße,falsch
01631,2,1980-05-23,tag,Kalkstraße (Verl.),falsch
01632,1,1868-01-17,tag,Schlenhofstraße (tlw.),falsch
01632,2,1953-03-03,tag,Hilgerstraße (tlw.),falsch
01632,3,1967-05-03,tag,Kallenbergstraße,falsch
01633,1,1954-02-23,tag,Kalthofweg,falsch
01634,1,,unbekannt,Josephinenstraße,wahr
01634,2,,unbekannt,Osterfeld (tIw.),wahr
01634,3,1937-11-20,tag,Kamblickweg,falsch
01634,4,1960-09-07,tag,Kamblickweg (Verl.),falsch
01635,1,1939-05-26,tag,Kamerunstraße,falsch
01636,1,1922-06-02,tag,Klosterstraße,falsch
01636,2,1937-11-20,tag,Kamillusweg,falsch
01637,1,1931-02-12,tag,Kamisheide,falsch
01640,1,1948-08-31,tag,Kamperfeld,falsch
01641,1,1900-11-13,tag,Ruhrstraße,falsch
01641,2,1934-06-28,tag,Kampmannbrücke,falsch
01642,1,1895-11-28,tag,Kampstraße,falsch
01643,1,1919-04-01,tag,Kanarienberg,falsch
01644,1,1910-09-16,tag,Schürmannstraße,falsch
01644,2,1910-09-16,tag,Ahrfeldstraße (tIw.),falsch
01644,3,1927-12-01,tag,Kaninenberghöhe,falsch
01646,1,1907-08-06,tag,Kanonenberg,falsch
01648,1,1934-11-12,tag,Kantorie,falsch
03698,1,1959-10-29,tag,Kantstraße,falsch
01650,1,1931-02-10,tag,Kanzelweg,falsch
01651,1,1954-07-15,tag,Kapitelacker,falsch
01652,1,1892-03-29,tag,Am Kirchberg,falsch
01652,2,1928-10-30,tag,Kirchberg,falsch
01652,3,1937-11-20,tag,Kapitelberg,falsch
01653,1,1909-12-24,tag,Albertstraße,falsch
01653,2,1909-12-24,tag,Wiesenstraße,falsch
01653,3,1934-01-12,tag,Kapitelwiese,falsch
01653,4,1953-03-03,tag,Kapitelwiese (Verl),falsch
01654,1,1916-02-18,tag,Kappenbergstraße,falsch
01656,1,1860,jahr,Kapuzinergasse,falsch
02539,1,1930-05-31,tag,Kurienplatz,falsch
02539,2,1994-05-18,tag,Kardinal-Hengsbach-Platz,falsch
01658,1,1931-02-10,tag,Karl-Denkhaus-Straße,falsch
01606,1,2001-07-10,tag,Karl-Juch-Straße,falsch
00572,1,1981-04-03,tag,Karl-Legien- Straße,falsch
01659,1,1916-03-28,tag,Karl- Meyer-Platz,falsch
01660,1,1892-03-29,tag,Schonnebecker Straße,falsch
01660,2,1905-02-27,tag,Schillerstraße,falsch
01660,3,1936-01-15,tag,Karl- Meyer-Straße,falsch
03699,1,1952-09-08,tag,Karlsbader Weg,falsch
01662,1,1903-11-27,tag,Karlsplatz,falsch
01663,1,1875-07-20,tag,Karlstraße,falsch
01709,1,1965-06-03,tag,Karmelitenweg,falsch
01664,1,,unbekannt,Am Markt,wahr
01664,2,1903-03-12,tag,Kampstraße,falsch
01664,3,1935-01-14,tag,Karnaper Markt,falsch
01665,1,,unbekannt,Essen- Horster-Straße,wahr
01665,2,1899-02-24,tag,Karnaper Straße,falsch
01665,3,1905-12-14,tag,Königstraße,falsch
01665,4,1933-11-27,tag,Karnaper Straße,falsch
01666,1,1897-09-06,tag,Karolinenstraße,falsch
01666,2,1937-11-20,tag,Vöcklinghausen,falsch
01666,3,1939-05-26,tag,Vom- Rath-Straße,falsch
01666,4,1945-05-15,tag,Vöcklinghauser Straße (tiw.),falsch
01666,5,1946-05-22,tag,Karolinenstraße,falsch
01667,1,1868-01-17,tag,Horster Straße (tiw.),falsch
01667,2,1896-02-13,tag,Hundebrinkstraße (tiw.),falsch
01667,3,1937-11-20,tag,Karolingerstraße,falsch
03701,1,1955,jahr,Karrenbergsfeld,falsch
01668,1,,unbekannt,Rückertstraße,wahr
01668,2,1902-05-16,tag,Kasseler Straße,falsch
01669,1,1959-09-08,tag,Kassiepenstraße,falsch
01670,1,1860,jahr,Kastanienallee,falsch
01671,1,1860,jahr,Kasteienstraße,falsch
01672,1,1898-05-10,tag,Kastellgraben,falsch
01673,1,1898-05-10,tag,Kastellplatz,falsch
01674,1,1902-07-29,tag,Kaiser-Wilhelm-Platz,falsch
01674,2,1902-07-29,tag,Moltkestraße,falsch
01674,3,1902-07-29,tag,Bismarckstraße,falsch
01674,4,1935-11-14,tag,Katernberger Markt,falsch
01675,1,1892-03-29,tag,Mittelstraße,falsch
01675,2,1896-02-13,tag,Katernberger Straße,falsch
01675,3,1902-10-04,tag,Nienhausener Straße (tiw.),falsch
01675,4,1937-11-20,tag,Katernberger Straße (Verl),falsch
01676,1,,unbekannt,Kölner Straße,wahr
01676,2,1937-11-20,tag,Kathagen,falsch
01677,1,1897-09-06,tag,Katharinenstraße,falsch
01678,1,1896-10-08,tag,Bogenstraße,falsch
01678,2,1915-07-09,tag,Kattendahl,falsch
01679,1,1951-01-17,tag,Kattendahlhang,falsch
01680,1,1873,jahr,Katzenbruchstraße,falsch
01681,1,1902-05-16,tag,Kaulbachstraße,falsch
01682,1,1868-01-17,tag,Kaupenstraße,falsch
01683,1,1929-07-06,tag,Kellermanns Busch,falsch
01684,1,1931-12-11,tag,Kellersonnweg,falsch
01684,2,1959-02-02,tag,Kellersohnweg (Verl),falsch
01685,1,1830,vor,Kellerstraße,falsch
01685,2,1913-11-04,tag,Kölner Straße (tlw.),falsch
01685,3,1937-11-20,tag,Kellerstraße,falsch
01686,1,1911,jahr,Kellinghausstraße,falsch
01687,1,1959-09-08,tag,Kelserweg,falsch
03702,1,1950-12-11,tag,Kemmannsweg,falsch
01867,1,1974-09-18,tag,Kemnastraße,falsch
01688,1,1948-12-14,tag,Kempers Weg,falsch
01767,1,1954-10-18,tag,Gildenplatz,falsch
01767,2,1963-12-17,tag,Kennedyplatz,falsch
01689,1,,unbekannt,Broichstraße,wahr
01689,2,,unbekannt,Felsenstraße,wahr
01689,3,1902-05-16,tag,Keplerstraße,falsch
01690,1,1894-08-29,tag,Kerckhoffstraße,falsch
01691,1,,unbekannt,Siepenweg,wahr
01691,2,1910-09-16,tag,Kersebaumstraße,falsch
01692,1,1952-07-31,tag,Kersthover Höhe,falsch
01693,1,1937-11-20,tag,Kersthover Ring,falsch
01693,2,1952-07-31,tag,Kersthover Ring (Vert.),falsch
01694,1,1895-11-28,tag,Kesselstraße,falsch
01695,1,1951-07-04,tag,Kessingstraße,falsch
01696,1,1953-03-03,tag,Kettelerstraße,falsch
02521,1,1990-03-06,tag,Ketteltasches Hof,falsch
01697,1,,unbekannt,Kettwiger Strate,wahr
01697,2,1826,vor,Kettwiger Straße,falsch
01697,3,1826,vor,In der Burg,falsch
01697,4,1860,jahr,Burgstraße (Umb.),falsch
01697,5,1933-04-20,tag,Adolf-Hitler-Straße (Umb.),falsch
01697,6,1945-05-15,tag,Kettwiger Straße (Umb.),falsch
03614,1,1924,jahr,Am Weinberg,falsch
03614,2,1977-11-29,tag,Kettwiger Weinberg,falsch
01698,1,1895-11-28,tag,Hohlstraße,falsch
01698,2,1915-07-09,tag,Keunefeld,falsch
01868,1,1975-01-15,tag,Keusenkothen,falsch
01856,1,1968-11-21,tag,Kevelohbusch,falsch
01699,1,1921-03-31,tag,Kevelohstraße,falsch
01699,2,1951-07-04,tag,Kevelohstraße (Verl),falsch
01700,1,,unbekannt,Kibbe,wahr
01700,2,1826,vor,Kibbelstraße,falsch
01701,1,1909-01-07,tag,Glückaufstraße,falsch
01701,2,1915-07-09,tag,Kiefernhalde,falsch
01703,1,1928-02-27,tag,Kiek ut,falsch
01702,1,1904,vor,Querstraße,falsch
01702,2,1937-02-25,tag,Kiekenberg,falsch
01704,1,1911-04-21,tag,Kieler Straße,falsch
01705,1,1910,vor,Margarethenstraße,falsch
01705,2,1937-11-20,tag,Kiepenkääls Weg,falsch
01706,1,1933-11-27,tag,Kimmeskampweg,falsch
01707,1,1891-07-01,tag,Kindlingerstraße,falsch
01708,1,1903-11-27,tag,Märkische Straße,falsch
01708,2,1915-07-09,tag,Kinßfeldtstraße,falsch
03703,1,1875,vor,Kirchfeldstraße,falsch
01887,1,2013-08-30,tag,Kirchgang,falsch
01710,1,,unbekannt,Kirchhofsstraße,wahr
01710,2,1894-08-14,tag,Kirchhofsallee,falsch
01711,1,1954-07-15,tag,Kirchmannshof,falsch
01712,1,1907-08-06,tag,Kirchmannstraße,falsch
01713,1,1911-06-16,tag,Kirchstraße,falsch
03704,1,1821,vor,Kirchtreppe,falsch
01714,1,1914-05-10,tag,Kirschbaumsweg,falsch
01715,1,1933-08-14,tag,Kißmanns Berg,falsch
01716,1,,unbekannt,Maxstraße,wahr
01716,2,,unbekannt,Am Kiwitt,wahr
01716,3,1929-07-12,tag,Kiwittstraße,falsch
01717,1,1891,vor,Klapperstraße,falsch
00711,1,2005-04-05,tag,Klara-Kopp-Weg,falsch
01718,1,1897-09-06,tag,Klarastraße,falsch
01718,2,1933-05-08,tag,Horst- Wessel-Straße (Umb.),falsch
01718,3,1945-06-18,tag,Klarastraße (Umb.),falsch
01719,1,1896-10-08,tag,Steigstraße,falsch
01719,2,1915-07-09,tag,Klaumberg,falsch
01859,1,1964-11-20,tag,Klaumberghang,falsch
01720,1,1909-06-22,tag,Klaumerbruchstraße,falsch
01720,2,1915-07-09,tag,Klaumerbruch,falsch
01721,1,1927-12-01,tag,Klausstraße,falsch
01722,1,1896-10-08,tag,Kleestraße,falsch
01723,1,1938-10-21,tag,Kleinborgs Hang,falsch
01724,1,,unbekannt,! Heißener Straße,wahr
01724,2,1895-11-28,tag,Buschstraße (tiw.),falsch
01724,3,1915-07-09,tag,Kleine Buschstraße,falsch
01724,4,1927-12-01,tag,Winkhauser Straße (Umb.),falsch
01724,5,1931-12-11,tag,Kleine Buschstraße (Verl.),falsch
01725,1,1909-11-26,tag,Kleine Eulerstraße,falsch
01726,1,1875-07-20,tag,Hammerstraße (tiw.),falsch
01726,2,1927-08-28,tag,Kleine Hammerstraße,falsch
01727,1,1954-07-15,tag,Kleine Kehre,falsch
01728,1,1908-02-07,tag,Kleine Kronenstraße,falsch
01557,1,2003-07-01,tag,Kleine Lierfeldstraße,falsch
01869,1,1896-02-13,tag,Rahmstraße (tlw.),falsch
01869,2,1975-12-16,tag,Kleine Rahmstraße,falsch
01730,1,,unbekannt,M-Straße,wahr
01730,2,1902-05-10,tag,Richterstraße (tlw.),falsch
01730,3,1959-02-02,tag,Kleine Richterstraße,falsch
02535,1,1993-03-09,tag,Kleine Ruhrau,falsch
01734,1,1894-05-18,tag,Kleine Schäferstraße,falsch
01735,1,1955-03-31,tag,Kleine Schönscheidtstraße,falsch
01736,1,1920-10-01,tag,Kleine Steinstraße,falsch
01786,1,1895-11-15,tag,Friedensstraße,falsch
01786,2,1931-02-12,tag,Steubenstraße {tlw.),falsch
01786,3,1967-06-29,tag,Kleine Steubenstraße,falsch
03274,1,1985-06-25,tag,Kleine Stoppenberger Straße,falsch
01731,1,1894-08-07,tag,Kleinebruchstraße,falsch
01731,2,1934-11-12,tag,Kleiner Bruch,falsch
01732,1,1913-05-30,tag,Kleiner Markt,falsch
01863,1,1970-10-21,tag,Kleiner Schirnkamp,falsch
01733,1,1939-05-26,tag,Kleiner Zuschlag,falsch
01737,1,1922-06-02,tag,Kleinharnscheidt,falsch
01738,1,1928,jahr,Kleinheide,falsch
01739,1,1956-07-03,tag,Kleinkamp,falsch
01740,1,1896,jahr,Kleinstraße,falsch
01740,2,1939-05-26,tag,Kleinstraße (neue Führung),falsch
01741,1,1897-03-03,tag,Kleiststraße,falsch
01742,1,,unbekannt,Bornstraße,wahr
01742,2,,unbekannt,Borner Weg,wahr
01742,3,1936-01-15,tag,Klemensborn,falsch
01743,1,1909-11-26,tag,Am Ostfriedhof,falsch
01743,2,1937-11-20,tag,Klenzestraße,falsch
01127,1,1994-10-13,tag,Kleppes Feld,falsch
01744,1,1959-09-08,tag,Kleverkämpchen,falsch
01746,1,1959-09-08,tag,Klingemannstraße,falsch
01745,1,1903-02-04,tag,Klinkestraße,falsch
03705,1,1934-10-02,tag,Klipperweg,falsch
01747,1,1901-06-25,tag,Goethestraße,falsch
01747,2,1915-07-09,tag,Klopstockstraße,falsch
01748,1,1889-07-05,tag,Klosterstraße,falsch
01748,2,1895-04-23,tag,Helenenstraße (Umb.},falsch
01748,3,1902-05-16,tag,Klosterstraße (Verl.),falsch
01750,1,1953-03-03,tag,Klüvershang,falsch
01751,1,,unbekannt,Baumstraße,wahr
01751,2,1937-11-20,tag,Klumbeckweg,falsch
01752,1,1922-06-02,tag,Klusemannsweg,falsch
01753,1,1922-06-02,tag,Knappenstiege,falsch
01754,1,1922-02-09,tag,Knappenstraße,falsch
01755,1,1936-01-05,tag,Knappmannhöhe,falsch
01756,1,1922,jahr,Luisenweg,falsch
01756,2,1937-11-20,tag,Knappschaftshöhe,falsch
01757,1,1897-11-29,tag,Knaudtstraße,falsch
00538,1,1980-05-23,tag,Kocherstraße,falsch
01760,1,1911,vor,«77 N Zn J Ne | FH E> £ \ SI 1-17 ueN N EIER K/ 13 nun N ASZo.L Köllmannstraße,falsch
01761,1,,unbekannt,Antoniusstraße,wahr
01761,2,1902-05-16,tag,Kölner Straße,falsch
01762,1,1892-03-29,tag,Bahnstraße,falsch
01762,2,1904-02-04,tag,Köln-Mindener-Straße,falsch
01860,1,1913-05-30,tag,Kilianstraße,falsch
01860,2,1923-09-24,tag,Goldschmidtstraße,falsch
01860,3,1966-12-14,tag,Köndgenstraße,falsch
01763,1,1911-04-21,tag,Königgrätzstraße,falsch
01764,1,,unbekannt,Heuweg,wahr
01764,2,1902-05-16,tag,Königsberger Straße,falsch
01765,1,1867,vor,Königsiepenstraße,falsch
01765,2,1931,jahr,Königsiepen,falsch
01766,1,1906-03-10,tag,Königsteiner Straße,falsch
00564,1,1966-12-14,tag,Körholzstraße,falsch
00564,2,1980-03-05,tag,Körholzstraße [neue Führung),falsch
01768,1,,unbekannt,Johannisstraße (tlw.),wahr
01768,2,,unbekannt,Kleinstraße (tlw.),wahr
01768,3,1891-08-20,tag,Körnerplatz,falsch
01769,1,1891-08-20,tag,Körnerstraße,falsch
01770,1,1910-12-20,tag,Zechenstraße,falsch
01770,2,1936-01-15,tag,Kösters Busch,falsch
01771,1,1922-06-02,tag,Kötterei,falsch
01772,1,1902-05-16,tag,Kötterstraße,falsch
01861,1,1912,vor,Lerchenstraße,falsch
01861,2,1934-06-28,tag,Hunsiepen (tiw.),falsch
01861,3,1962-04-25,tag,Kofeldhöhe,falsch
01773,1,1896-02-13,tag,Kopfstraße,falsch
01773,2,1915-07-09,tag,Kohlbergstraße,falsch
01774,1,1911-06-16,tag,Kohlenstraße,falsch
01775,1,1906-12-21,tag,Kohlrauschstraße,falsch
00979,1,2012-02-15,tag,Kokereiallee,falsch
01776,1,1903-11-27,tag,Koksstraße,falsch
01777,1,1953-03-03,tag,Koldenbuschweg,falsch
01778,1,1921-09-26,tag,Kilibristraße,falsch
01780,1,1966-06-13,tag,Kollenkamp,falsch
01779,1,1912,jahr,Koloniestraße,falsch
01781,1,,unbekannt,Lindenstraße,wahr
01781,2,1915-07-09,tag,Kolpingstraße,falsch
00582,1,1982-02-17,tag,Konrad-Adenauer-Brücke,falsch
01783,1,1896-02-13,tag,Il,falsch
01783,2,1915-07-09,tag,Il,falsch
01783,3,1937-02-25,tag,Koopmanns Hude,falsch
01784,1,,unbekannt,Rudolfstraße,wahr
01784,2,1902-05-16,tag,Kopernikusstraße,falsch
01785,1,1896-08-14,tag,Kopfstraße,falsch
01884,1,2013-12-17,tag,Koppestraße,falsch
01787,1,,unbekannt,Brinkstraße (tim.),wahr
01787,2,1860,jahr,Kopstadtplatz,falsch
01789,1,1927-08-09,tag,Kordulastraße,falsch
01790,1,,unbekannt,Kornmarkt,wahr
01792,1,1897-11-03,tag,Korthstraße,falsch
01792,2,1937-11-20,tag,Korthover Weg,falsch
01793,1,1906,jahr,Kortumstraße,falsch
01791,1,1897-11-03,tag,Korthstraße,falsch
01791,2,1937-11-20,tag,Korthover Weg (tiw.),falsch
01791,3,1962-09-27,tag,Kortwiese,falsch
01794,1,1903-05-11,tag,Kirchstraße,falsch
01794,2,1920-09-19,tag,Mathiasstraße,falsch
01794,3,1935-11-14,tag,Korumhöhe,falsch
01795,1,1959-09-08,tag,Kotthaushang,falsch
01796,1,1875-07-20,tag,Annastraße (Altenessen),falsch
01796,2,1891-04-30,tag,Altenessener Straße (Borbeck),falsch
01796,3,1915-07-09,tag,Krablerstraße,falsch
01798,1,1954-07-15,tag,Krähenbusch,falsch
01799,1,1901-06-25,tag,Kraftstraße,falsch
01800,1,1925-01-30,tag,Krahwinkelstraße,falsch
01801,1,1891-04-30,tag,Grünstraße,falsch
01801,2,1915-07-09,tag,Kraienbruch,falsch
01802,1,1911-04-21,tag,Krampestraße,falsch
01803,1,1938-10-21,tag,Krandicks Hang,falsch
01804,1,1912,vor,Hofstraße,falsch
01804,2,1937-11-20,tag,Krapenbrink,falsch
01805,1,,unbekannt,Katernberger Straße (tlw.),wahr
01805,2,1904,vor,Grundstraße (tiw.),falsch
01805,3,1924-04-02,tag,Kraspothstraße,falsch
01805,4,1937-11-20,tag,Kraspothstraße (Verl.),falsch
01806,1,1907-09-27,tag,Krausstraße,falsch
01807,1,1897-09-06,tag,Andreasstraße,falsch
01807,2,1937-02-25,tag,Krawehlstraße,falsch
01808,1,1909-03-10,tag,Am Markt,falsch
01808,2,1935-11-14,tag,Krayer Markt,falsch
01809,1,1894-05-09,tag,Hauptstraße (tlw.),falsch
01809,2,1897,vor,Gelsenkirchener Straße,falsch
01809,3,1936-01-15,tag,Krayer Straße,falsch
01810,1,1905-06-16,tag,Krefelder Straße,falsch
01811,1,1921-10-18,tag,Kreftenscheerweg,falsch
01862,1,1969-09-18,tag,Krekelerhang,falsch
01812,1,1955-01-19,tag,Krekelerweg,falsch
01813,1,1912,vor,Finkenstraße,falsch
01813,2,1912,vor,Kurze Straße,falsch
01813,3,1934-06-05,tag,Krekelingheide,falsch
01814,1,1909-05-04,tag,Mathiasstraße,falsch
01814,2,1937-11-29,tag,Krekenberg,falsch
01554,1,2000-03-14,tag,Kreulichweg,falsch
01866,1,,unbekannt,Hahnengasse,wahr
01866,2,1895-11-15,tag,Kirchstraße,falsch
01866,3,1970-12-16,tag,Kreuzeskirchstraße,falsch
01815,1,1915,vor,Kreuzstraße,falsch
01816,1,1921,jahr,Kriemhildenstraße,falsch
01817,1,1890-11-18,tag,In der Krimm,falsch
01817,2,1909-03-26,tag,Krimmstraße,falsch
03729,1,1821,vor,Neustraße,falsch
03729,2,1978-04-07,tag,Kringsgat,falsch
01818,1,,unbekannt,Pottgasse,wahr
01818,2,1908-02-07,tag,Kronenstraße,falsch
01819,1,1895-01-04,tag,Kronprinzenstraße,falsch
01820,1,1953-03-03,tag,Kruckenkamp,falsch
01821,1,1934-06-05,tag,Krügerblick,falsch
01822,1,1934-06-05,tag,Krügerpfad,falsch
01823,1,1951-12-05,tag,Krümmgensfeld,falsch
03706,1,1897-11-04,tag,Krummacherstraße,falsch
01824,1,1959-09-08,tag,Krummecke,falsch
01858,1,1963-02-20,tag,Krummeckweg,falsch
01825,1,1955-03-31,tag,Kruppallee,falsch
01826,1,1902-05-16,tag,Kruppstraße,falsch
01827,1,1938-10-21,tag,Kruselbeck,falsch
01828,1,1921-10-18,tag,Kuckucksrain,falsch
01829,1,1912,vor,Kuckuckstraße,falsch
01830,1,1952-07-31,tag,Kückelmanns Busch,falsch
01831,1,1896-08-14,tag,Kühlstraße,falsch
01832,1,1959-02-02,tag,Kühnholdstraße,falsch
01833,1,1955-09-21,tag,Küllenbergfeld,falsch
01834,1,1923-09-24,tag,Külshammerweg,falsch
01835,1,,unbekannt,Kettelerstraße,wahr
01835,2,1902-12-17,tag,Küntzelstraße,falsch
01836,1,1923-09-24,tag,Küppers Garten,falsch
01837,1,1954-10-18,tag,Küppersheide,falsch
01857,1,1960-06-08,tag,Kürenbergweg,falsch
01838,1,1904-11-18,tag,Kirchstraße,falsch
01838,2,1926-06-01,tag,Klosterstraße,falsch
01838,3,1937-11-20,tag,Kütings Garten,falsch
01839,1,,unbekannt,Fabianstraße,wahr
01839,2,1902-05-16,tag,Kuglerstraße,falsch
01840,1,1953-10-13,tag,Kuhlenberg,falsch
01841,1,1906-07-06,tag,Kuhlhoffstraße,falsch
01865,1,1891-04-30,tag,Feldstraße,falsch
01865,2,1970-12-16,tag,Kuhlmannsfeld,falsch
01843,1,1908-05-01,tag,Kunigundastraße,falsch
01844,1,1951-07-04,tag,Kunkelsberg,falsch
01845,1,1903-02-04,tag,Kunstwerkerstraße,falsch
01846,1,1887-06-10,tag,Kunzestraße,falsch
01847,1,1905,jahr,Markt,falsch
01847,2,1911,jahr,Marktstraße,falsch
01847,3,1937-11-20,tag,Kupferdreher Markt,falsch
01848,1,1901-01-30,tag,Hauptstraße,falsch
01848,2,1937-11-20,tag,Kupferdreher Straße,falsch
01849,1,1895-01-04,tag,Kur-fürstenplatz,falsch
01850,1,1895-01-04,tag,Kurfürstenstraße,falsch
01143,1,1998-02-03,tag,Kurt-Jooss-Straße,falsch
00581,1,1982-02-17,tag,Kurt-Schumacher-Brücke,falsch
01852,1,1897-11-06,tag,Kurze Straße,falsch
01853,1,1922-06-02,tag,Kutschenweg,falsch
01854,1,1907-07-12,tag,Moltkestraße,falsch
01854,2,1937-11-20,tag,Kyffhäuserstraße,falsch
02036,1,1969-06-12,tag,Laaksweg,falsch
01890,1,1897-01-22,tag,Backstraße,falsch
01890,2,1915-07-09,tag,In der Düsterbeck,falsch
01890,3,1931-02-12,tag,Laarmannstraße,falsch
02026,1,1968-11-21,tag,Labberg,falsch
02030,1,1966-07-20,tag,Labberghang,falsch
03708,1,1955-12-02,tag,Laddringsweg,falsch
01891,1,,unbekannt,Thalstraße,wahr
01891,2,1902-05-16,tag,Ladenspelderstraße,falsch
01892,1,1903-05-11,tag,Lahnbeckestraße,falsch
03709,1,1970-10-06,tag,Lahnstraße,falsch
01893,1,,unbekannt,Leostraße,wahr
01893,2,1915-07-09,tag,Lambertstraße,falsch
01894,1,1896-02-13,tag,Mittelstraße,falsch
01894,2,1915-07-09,tag,Lampferhofstraße,falsch
03710,1,,unbekannt,Wilhelmstraße,wahr
03710,2,1930-10-07,tag,Landsberger Straße,falsch
01896,1,1934-11-12,tag,Landsberghof,falsch
01897,1,1934-11-12,tag,Landschede,falsch
01898,1,1922-06-02,tag,Landwehr,falsch
01899,1,1915,vor,Werdener Straße,falsch
01899,2,1936-08-05,tag,Lanfermannfähre,falsch
01908,1,1903-05-11,tag,Langestraße,falsch
01900,1,1922-06-02,tag,Langeheide,falsch
01901,1,1892-03-29,tag,Schonnebecker Straße,falsch
01901,2,1894-08-07,tag,Wilhelmstraße,falsch
01901,3,1901-12-11,tag,Schwanenbuschstraße,falsch
01901,4,1922-09-02,tag,Rathenaustraße,falsch
01901,5,1933-05-08,tag,Langemarckstraße,falsch
01901,6,1935-02-15,tag,Langemarckstraße (Verl.),falsch
01902,1,1897-09-06,tag,Friedrichstraße,falsch
01902,2,1902-05-16,tag,Langenbeckstraße,falsch
01903,1,,unbekannt,Provinzialstraße,wahr
01903,2,1911,vor,Ruhrstraße,falsch
01903,3,1911,vor,Steeler Straße,falsch
01903,4,1933-05-08,tag,Langenberger Straße,falsch
01903,5,1937-11-20,tag,Langenberger Straße (Verl.),falsch
00528,1,1897-09-06,tag,Natalienstraße,falsch
00528,2,1906-01-26,tag,Ursulastraße (tIw.),falsch
00528,3,1937-11-20,tag,Langenbrahmstraße,falsch
00528,4,1979-03-16,tag,Langenbrahmstraße Umb. {tiw),falsch
01905,1,1922-06-02,tag,Papenberg,falsch
01905,2,1937-11-20,tag,Langenhorster Wald,falsch
01906,1,1937-02-25,tag,Langenkämperweg,falsch
02041,1,1920-03-06,tag,Haferkamp,falsch
02041,2,1972-01-12,tag,Langenkamp,falsch
01907,1,1911-04-21,tag,Langensalzastraße,falsch
02032,1,1962-11-12,tag,Langeoogweg,falsch
01909,1,1952-07-31,tag,Langfuhrer Straße,falsch
01910,1,1928-02-27,tag,Langhölterweg,falsch
01911,1,1890-11-18,tag,Langmannskamp,falsch
01912,1,1897-11-29,tag,Lanterstraße,falsch
01913,1,1910,vor,Grenzstraße,falsch
01913,2,1937-11-20,tag,Lattenkamp,falsch
01914,1,1962-11-12,tag,Laubenhof,falsch
01917,1,1913-05-30,tag,Laubenweg,falsch
01918,1,1959-02-02,tag,Laubrockweg,falsch
01919,1,1937-11-20,tag,Lauenbüschken,falsch
01920,1,1909-11-26,tag,Lauensteinstraße,falsch
03711,1,1940,jahr,Laupendahler Höhe,falsch
03711,2,1979-08-28,tag,Laupendahler Höhe (Verl.),falsch
01921,1,,unbekannt,Laupendahlerstraße,wahr
01921,2,,unbekannt,Provinzialstraße,wahr
01921,3,,unbekannt,Oefte (tlw.),wahr
01921,4,1898-05-10,tag,Laupendahler Landstraße,falsch
01921,5,1922-06-02,tag,Laupendahler Landstraße (Verl),falsch
01921,6,1931-02-10,tag,Laupendahler Landstraße (Verl.),falsch
02037,1,1911-06-16,tag,Lauraberg,falsch
02031,1,1970-09-23,tag,Laurahöhe,falsch
01922,1,1911-06-16,tag,Laurastraße,falsch
01923,1,1885,jahr,An der Kirche,falsch
01923,2,1934-06-05,tag,Laurentiusberg,falsch
01924,1,,unbekannt,Krankenhausweg,wahr
01924,2,1890-11-18,tag,Laurentiusweg,falsch
03716,1,1976-11-30,tag,Lauterweg,falsch
01925,1,1896-08-14,tag,Lautstraße,falsch
01926,1,1887-06-10,tag,Lazarettstraße,falsch
01926,2,1948-12-14,tag,Lazarettstraße (Verl),falsch
01927,1,1922-06-02,tag,Ottostraße,falsch
01927,2,1937-11-20,tag,Leanderbank,falsch
02040,1,1970-02-24,tag,Leggewiestraße,falsch
01928,1,,unbekannt,Kaiserstraße,wahr
01928,2,1915-07-09,tag,Fürstenstraße,falsch
01928,3,1934-06-05,tag,Legrandallee,falsch
01929,1,,unbekannt,Kirchstraße,wahr
01929,2,1936-01-15,tag,Lehmanns Brink,falsch
01930,1,1959-09-08,tag,Lehnhäuserweg,falsch
01931,1,1929-07-24,tag,Lehnsgrund,falsch
01932,1,1896-08-14,tag,Lehrstraße,falsch
02025,1,1974-12-11,tag,Leibergweg,falsch
03714,1,1902-05-16,tag,Leibnizstraße,falsch
01934,1,1895-08-14,tag,Ziegelstraße,falsch
01934,2,1915-07-09,tag,Leimgardtsfeld,falsch
02029,1,1965-01-21,tag,Leimkugelstraße,falsch
01935,1,1903-03-04,tag,Herthastraße,falsch
01935,2,1910-09-16,tag,Leinestraße,falsch
01936,1,1898-05-20,tag,Flachsmarktgasse,falsch
01936,2,1937-11-20,tag,Leinwebergasse,falsch
01937,1,1898-05-10,tag,Flachsmarkt,falsch
01937,2,1937-11-20,tag,Leinwebermarkt,falsch
02035,1,1969-06-12,tag,Leipoldtstraße,falsch
01938,1,,unbekannt,Fischerstraße,wahr
01938,2,,unbekannt,Gabelstraße,wahr
01938,3,1902-05-16,tag,Leipziger Straße,falsch
01938,4,1931-02-10,tag,Raffelberger Straße (Umb.),falsch
01938,5,1976-05-19,tag,Leipziger Straße (Verl.),falsch
01939,1,1894-08-29,tag,Kerckhoffstraße (tlw.),falsch
01939,2,1929-07-06,tag,Leisers Feld,falsch
01940,1,1894-05-09,tag,Leither Straße,falsch
01941,1,1912,vor,Wiesenstraße,falsch
01941,2,1934-06-05,tag,Lelei,falsch
01952,1,1898-02-11,tag,Lessingstraße,falsch
01952,2,1898-02-11,tag,Hachestraße,falsch
01952,3,1934-06-05,tag,Lessingstraße (Verl),falsch
01952,4,1977-03-08,tag,Lenaustraße,falsch
01942,1,,unbekannt,Howarenstraße,wahr
01942,2,1902-05-16,tag,Lenbachstraße,falsch
01943,1,1927-12-01,tag,Lennestraße,falsch
01944,1,1903-05-11,tag,_.- - - -- Tg RS - .,falsch
01945,1,1910-12-20,tag,Leonhardstraße,falsch
01946,1,1909-10-21,tag,Leoplatz,falsch
00960,1,2009-03-21,tag,Leopold-Simon-Straße,falsch
01947,1,1887-06-10,tag,Kohlstraße,falsch
01947,2,1891-07-01,tag,Leopoldstraße,falsch
01947,3,1915-07-09,tag,Leopoldstraße (Verl.),falsch
01948,1,1909-10-21,tag,Leostraße,falsch
01949,1,1921-10-18,tag,Lepsiusweg,falsch
01950,1,1903-02-04,tag,Hügelstraße,falsch
01950,2,1910-09-16,tag,Lerchenstraße,falsch
01950,3,1937-11-20,tag,General-Ludendorff- Straße (Umb.),falsch
01950,4,1945-06-18,tag,Lerchenstraße (Umb.),falsch
01951,1,1892-03-29,tag,Schulstraße,falsch
01951,2,1937-02-25,tag,Leseband,falsch
03715,1,1949-11-29,tag,Lessingstraße,falsch
01953,1,1938-10-21,tag,Leth,falsch
02043,1,1973-11-20,tag,Leuschnerweg,falsch
01954,1,1903-02-04,tag,Leveringstraße,falsch
01955,1,1891-04-30,tag,Prosperstraße (tIw.),falsch
01955,2,1915-07-09,tag,Levinstraße,falsch
01955,3,1934-11-12,tag,Weithönerstraße (Umb.),falsch
01955,4,1946-05-22,tag,Levinstraße (Verl.),falsch
01956,1,1935-06-03,tag,Lewafeld,falsch
01957,1,1910-09-16,tag,Liafburgastraße,falsch
01958,1,1953-10-13,tag,Liboristraße,falsch
01959,1,1939-05-26,tag,Lichtenhorst,falsch
01960,1,1929-07-06,tag,Lichterweg,falsch
01961,1,1948-12-14,tag,Lazarettgarten,falsch
01961,2,1957-01-23,tag,Lichtstraße,falsch
01962,1,,unbekannt,Bismarckstraße,wahr
01962,2,1902-05-16,tag,Liebigstraße,falsch
01915,1,1967-11-29,tag,Liebrechtstraße,falsch
00536,1,1979-08-28,tag,Liedtkeweg,falsch
01963,1,1903-11-27,tag,Amalienstraße,falsch
01963,2,1915-07-09,tag,Lierfeldstraße,falsch
02507,1,1987-12-09,tag,Lierweg,falsch
01964,1,1930-05-31,tag,Liesenkotten,falsch
01965,1,1938-10-21,tag,Lieversbank,falsch
01966,1,1949-08-31,tag,Ligusterweg,falsch
01967,1,1955-03-31,tag,Liliencronstraße,falsch
01968,1,1907-08-06,tag,Alleestraße,falsch
01968,2,1915-07-09,tag,Lilienstraße,falsch
01968,3,1933-05-08,tag,Hugenbergstraße (Umb.),falsch
01968,4,1945-05-15,tag,Lilienstraße {Umb.),falsch
01969,1,,unbekannt,Werdener Weg,wahr
01969,2,1932-06-13,tag,Lilienthalstraße,falsch
01970,1,1865,jahr,Limbecker Platz,falsch
01970,2,1933-05-08,tag,Thomaeplatz (Umb.),falsch
01970,3,1945-05-15,tag,Limbecker Platz (Umb.),falsch
01971,1,1501,jahrhundert,Lyndenbeker Straße,falsch
01971,2,1826,vor,Limbecker Straße {Verl.),falsch
02038,1,1970-09-23,tag,Lindauhöhe,falsch
02039,1,1970-09-23,tag,Lindauweg,falsch
01972,1,1921-02-22,tag,Lindemannshofstraße,falsch
01973,1,1860,jahr,Lindenallee,falsch
01974,1,,unbekannt,Christinenstraße,wahr
01974,2,1937-11-20,tag,Lindenbergstraße,falsch
01975,1,1920,jahr,Am Friedhof,falsch
01975,2,1937-11-20,tag,Lindkensfeld,falsch
01976,1,,unbekannt,Horststraße (tlw.),wahr
01976,2,1931-12-11,tag,Lindkenshofer Weg,falsch
01976,3,1937-11-20,tag,Lindkenshofer Weg (Verl.),falsch
01977,1,1938-10-21,tag,Lindnerplatz,falsch
01978,1,1912,vor,Johannesstraße,falsch
01978,2,1937-02-25,tag,Linhöferberg,falsch
01979,1,1953-03-03,tag,Linnekeskamp,falsch
01980,1,1938-10-21,tag,Lionweg,falsch
01981,1,1931-12-11,tag,Lippermannweg,falsch
01982,1,1932-10-03,tag,Lirichblick,falsch
01982,2,1963-02-08,tag,Lirichblick (Verl.),falsch
03271,1,1961-02-22,tag,Berzeliusstraße (tlw.),falsch
03271,2,1984-09-28,tag,Lise-Meitner-Straße,falsch
01983,1,,unbekannt,Felderweg,wahr
01983,2,1902-05-16,tag,Listerstraße,falsch
01984,1,1934-11-12,tag,Litterode,falsch
01985,1,1896-08-14,tag,Lockstraße,falsch
01986,1,1897-11-29,tag,Löbbertstraße,falsch
01986,2,1931-02-12,tag,Löbberthang,falsch
01987,1,1934-11-12,tag,Lönsberg,falsch
01988,1,1938-10-21,tag,Loerbroksstraße,falsch
01989,1,1920-10-01,tag,Im Schollbrauk (tlw.),falsch
01989,2,1937-11-20,tag,Löskenweg,falsch
01605,1,2001-07-10,tag,Loewensteinstraße,falsch
01990,1,1861-04-26,tag,Logenstraße,falsch
01990,2,1936-08-05,tag,Schutzwehr (Umb.),falsch
01990,3,1945-05-15,tag,Logenstraße (Umb.),falsch
01991,1,1899,jahr,F-Straße,falsch
01991,2,1937-11-20,tag,Lohbergweg,falsch
01992,1,1900,jahr,Grenzstraße,falsch
01992,2,1929-07-12,tag,Am Grenzgraben (tlw.),falsch
01992,3,1936-01-15,tag,Lohdiekweg,falsch
01993,1,1933-08-14,tag,Lohmanns Kamp,falsch
01994,1,,unbekannt,Kleine Grenzstraße,wahr
01994,2,1900,jahr,Grenzstraße,falsch
01994,3,1909-03-26,tag,Stricker Straße,falsch
01994,4,1929-07-12,tag,Am Grenzgraben,falsch
01994,5,1929-07-12,tag,Am Lohdiek,falsch
01994,6,1936-01-15,tag,Lohmühlental,falsch
01996,1,1895-11-28,tag,Lohstraße,falsch
01997,1,,unbekannt,Gelsenkirchener Straße,wahr
01997,2,1935-11-14,tag,Ludwig- Knickmann-Straße,falsch
01997,3,1945-05-15,tag,Lohwiese,falsch
01998,1,1954-07-15,tag,Lommenweg,falsch
01999,1,1938-10-21,tag,Lorsbachstraße,falsch
02000,1,1904-05-27,tag,Lortzingstraße,falsch
02034,1,1962-03-01,tag,Loskamp,falsch
02001,1,1897-09-08,tag,Leopoldstraße,falsch
02001,2,1906-01-26,tag,Lotharstraße,falsch
02002,1,1915,vor,Jägerstraße,falsch
02002,2,1933-05-08,tag,Lothringenstraße,falsch
01916,1,1966-07-20,tag,Lothumweg,falsch
02003,1,1906-01-26,tag,Ludgerusstraße,falsch
02004,1,1922-06-02,tag,Ludscheidtstraße,falsch
02005,1,1907,jahr,Ludwigstraße,falsch
02006,1,,unbekannt,Schaffystraße,wahr
02006,2,1902-05-16,tag,Lübecker Straße,falsch
02007,1,1920-10-06,tag,Friedenstraße,falsch
02007,2,1937-11-20,tag,Lüderitzwiese,falsch
02008,1,1897-11-29,tag,Luegstraße,falsch
02009,1,1897-09-06,tag,Paulstraße,falsch
02009,2,1906-05-25,tag,Reinhardstraße,falsch
02009,3,1907-06-07,tag,Lührmannstraße,falsch
02010,1,1949-08-31,tag,Lührmannwald,falsch
02012,1,1874,vor,Donnerstraße,falsch
02012,2,1902-05-16,tag,Lüneburger Straße,falsch
02028,1,1964-05-20,tag,Lüningshove,falsch
02013,1,1920-10-06,tag,Horster Straße,falsch
02013,2,1920-10-06,tag,Uhlandstraße,falsch
02013,3,1936-01-15,tag,Lünschermannborn,falsch
02033,1,1969-04-15,tag,Lürshöhe,falsch
02014,1,1922-06-02,tag,Lürsweg,falsch
02015,1,1891-04-30,tag,Bottroper Straße,falsch
02015,2,1927-08-29,tag,Lüschershofstraße,falsch
02016,1,1901-11-02,tag,Kruppstraße,falsch
02016,2,1915-07-09,tag,Lütkenbrauk,falsch
02017,1,1860,jahr,Stoppenberger Straße,falsch
02017,2,1900-05-04,tag,Lützowstraße,falsch
02017,3,1964-05-20,tag,Lützowstraße (Verl.),falsch
02019,1,1904,vor,Siepenstraße (tlw.),falsch
02019,2,1937-11-20,tag,Lunemannsiepen,falsch
02020,1,1950-03-15,tag,Lunerkamp,falsch
02042,1,1973-02-21,tag,Lunkegarten,falsch
02027,1,1962-04-25,tag,Luppostraße,falsch
02021,1,1896-10-08,tag,Luthestraße,falsch
02022,1,1938-10-21,tag,Lutterbecks Busch,falsch
02023,1,1898-05-10,tag,Luziusstraße,falsch
02024,1,1897-09-06,tag,Luisenstraße,falsch
02024,2,1906-01-26,tag,Lydiastraße,falsch
01995,1,1868-01-17,tag,Frillendorfer Straße (tlw.),falsch
01995,2,1922-09-13,tag,Lysegang,falsch
02060,1,1922-06-02,tag,Maasstraße,falsch
02062,1,1897-11-29,tag,Mühlenweg,falsch
02062,2,1908-06-05,tag,Am Döppelhahn,falsch
02062,3,1937-11-20,tag,Mählerweg,falsch
02061,1,,unbekannt,Märkische Straße,wahr
02061,2,1904-11-18,tag,Ziegelstraße,falsch
02061,3,1927-05-19,tag,Märkische Straße (Verl.),falsch
02063,1,1909-06-04,tag,Magdalenenstraße,falsch
02064,1,1938-10-21,tag,Magdeburger Knie,falsch
02065,1,1896-10-08,tag,Mahlstraße,falsch
03717,1,1970-10-06,tag,Mainstraße,falsch
02067,1,1902-05-16,tag,Mainzer Straße,falsch
02068,1,1931-02-10,tag,Mallinckrodtplatz,falsch
02069,1,1931-02-10,tag,Mallinckrodtstraße,falsch
02071,1,1936-08-05,tag,Malvenhang,falsch
03283,1,1987-05-13,tag,Malzweg,falsch
02191,1,1969-01-15,tag,Manderscheidtstraße,falsch
02191,2,1974-09-18,tag,Manderscheidtstraße (Verl),falsch
02072,1,,unbekannt,Metastraße,wahr
02072,2,1910-09-16,tag,Manfredstraße,falsch
02073,1,1905,jahr,Mannesstraße,falsch
02074,1,1900-05-04,tag,Manteuffelstraße,falsch
02075,1,,unbekannt,Grünstraße (tlw.),wahr
02075,2,1902-05-16,tag,Margaretenstraße,falsch
02076,1,1922-06-02,tag,Margrefstraße,falsch
03280,1,1986-07-22,tag,Maria- Berns-Straße,falsch
02044,1,2013-12-17,tag,Mariannenbahn,falsch
00959,1,2009-05-05,tag,Maria-Weber- Weg,falsch
00578,1,1982-01-20,tag,Marie-Juchacz-Straße,falsch
02192,1,1969-04-15,tag,Marienberghang,falsch
02078,1,1908-04-13,tag,Marienberg,falsch
02078,2,1922,jahr,Marienbergstraße,falsch
02079,1,1903-03-12,tag,Marienstraße,falsch
02079,2,1923-03-26,tag,Am Kirchplatz,falsch
02079,3,1935-11-14,tag,Mariengarten,falsch
02079,4,1935-11-14,tag,Mariengarten (Verl),falsch
02080,1,1900,jahr,Marienstraße,falsch
02080,2,1900,jahr,Karlstraße (tlw.),falsch
02080,3,1937-11-20,tag,Marienstraße (Verl.),falsch
02082,1,1895-01-04,tag,Markgrafenstraße,falsch
02083,1,1898,vor,Agathastraße,falsch
02083,2,1902-05-16,tag,Markscheide,falsch
02084,1,1501,jahrhundert,Markt,falsch
02090,1,1891-04-30,tag,Marktstraße,falsch
02090,2,1891-04-30,tag,Oberstraße (tlw.),falsch
02090,3,1891-04-30,tag,Wilhelmstraße,falsch
02090,4,1977-06-22,tag,Marktstraße,falsch
02085,1,1922-03-08,tag,Markuspfad,falsch
02185,1,1962-11-12,tag,Marsweg,falsch
02087,1,1897-09-06,tag,Marthastraße,falsch
00719,1,2006-08-15,tag,Martin- Kremmer-Straße,falsch
03718,1,1875,vor,Kirchplatz,falsch
03718,2,1933-11-07,tag,Martin-Luther-Platz,falsch
02088,1,1892,jahr,Hobeisenstraße (tlw.),falsch
02088,2,1902-05-16,tag,Dovestraße,falsch
02088,3,1902-05-16,tag,Margaretenstraße (tlw.),falsch
02088,4,1933-11-14,tag,Martin-Luther-Straße,falsch
02089,1,,unbekannt,Damianstraße,wahr
02089,2,1906-05-25,tag,Martinstraße,falsch
03286,1,,unbekannt,) Graßmannstraße (tiw.),wahr
03286,2,1988-01-15,tag,Martin-Vollmar-Straße,falsch
02091,1,1938-10-21,tag,Maßmannweg,falsch
02531,1,1991-09-26,tag,Mathiashof,falsch
02133,1,1961-02-22,tag,Mathilde- Kaiser-Straße,falsch
02092,1,1897-09-06,tag,Mathildenstraße,falsch
02093,1,1926-09-18,tag,Mathäuskirchstraße,falsch
02094,1,1934-11-12,tag,Mattheyweg,falsch
02095,1,1894-08-07,tag,Schulstraße,falsch
02095,2,1922-07-14,tag,Erzbergerstraße,falsch
02095,3,1933-05-08,tag,Von-Epp-Straße,falsch
02095,4,1945-05-15,tag,Erzbergerstraße,falsch
02095,5,1946-10-09,tag,Matthias- Erzberger-Straße,falsch
03282,1,1987-03-25,tag,Matthias- Lambertz-Weg,falsch
02098,1,1910-09-16,tag,Mausegattstraße,falsch
02099,1,1938-10-21,tag,Max-Dreger-Weg,falsch
02100,1,1901-03-01,tag,Gutenbergstraße (tlw.),falsch
02100,2,1930-03-20,tag,Max-Fiedler- Straße,falsch
01645,1,1903-02-04,tag,Kaninenbergstraße,falsch
01645,2,1978-12-21,tag,Max-Keith- Straße,falsch
02101,1,1899-02-24,tag,Elisabethstraße,falsch
02101,2,1927-10-02,tag,Max-Reger-Straße,falsch
02102,1,1868-01-17,tag,Maxstraße,falsch
02103,1,1921-10-18,tag,Am Zweihonnschaftenwald {tlw.),falsch
02103,2,1930-05-31,tag,Maybachstraße,falsch
02104,1,1939-05-26,tag,Mayskamp,falsch
02105,1,1903-05-11,tag,Mechtenbergstraße,falsch
02105,2,1909-06-08,tag,Simonstraße (Umb.),falsch
02105,3,1937-11-20,tag,Mechentenbergstraße (Verl),falsch
02106,1,,unbekannt,Im Ort,wahr
02106,2,1892-05-13,tag,Bungertstraße,falsch
02106,3,1892-07-08,tag,Mechtildisstraße,falsch
02180,1,1914-05-10,tag,Meckenstocker Weg (tiw.),falsch
02180,2,1961-12-13,tag,Meckenstocker Höfe,falsch
02107,1,1914-05-10,tag,Meckenstocker Weg,falsch
02107,2,1979-05-25,tag,Meckenstocker Weg (Verl.),falsch
02108,1,1920-10-01,tag,Mecklenbecksweg,falsch
02183,1,1961-12-13,tag,Mecklingsbank,falsch
02109,1,1908-05-09,tag,Meerbeckshofstraße,falsch
02110,1,1899,jahr,Meerbruchstraße,falsch
02187,1,1965-01-21,tag,Meerkamp,falsch
02111,1,1902-03-12,tag,Marienstraße (tlw.),falsch
02111,2,1903-03-12,tag,Kerkstraße,falsch
02111,3,1923-03-26,tag,Kirchstraße,falsch
02111,4,1935-11-14,tag,Meersternweg,falsch
02112,1,1959-02-02,tag,Meinertstraße,falsch
02113,1,1889-10-16,tag,Essener Straße (tlw.),falsch
02113,2,1912,vor,Kettwiger Straße,falsch
02113,3,1915-07-09,tag,Meisenburgstraße,falsch
02113,4,1978-07-14,tag,Meisenburgstraße (Verl.),falsch
02194,1,1966-12-12,tag,Meisenweg,falsch
02114,1,1901-03-01,tag,Gasstraße,falsch
02114,2,1915-07-09,tag,Meißelstraße,falsch
02115,1,1906-03-10,tag,Meißener Straße,falsch
02181,1,1965-06-03,tag,Meistersingerstraße,falsch
03719,1,1821,vor,Meistersweg,falsch
02116,1,1931-12-11,tag,Melanchthonstraße,falsch
02117,1,,unbekannt,Benthumstraße,wahr
02117,2,1902-05-16,tag,Mellinghofer Straße,falsch
02118,1,1937-02-25,tag,Mellisaue,falsch
02119,1,1915,vor,Mühlenbergstraße,falsch
02119,2,1933-05-08,tag,Memelstraße,falsch
02186,1,1962-11-12,tag,Memmertweg,falsch
03724,1,1978,vor,Mülheimer Straße,falsch
03724,2,1978-03-14,tag,Mendener Straße,falsch
02121,1,1914-10-09,tag,Menshausenstraße,falsch
02122,1,1897,vor,Steinbrinkstraße,falsch
02122,2,1936-01-15,tag,Mentingsbank,falsch
02123,1,1910-09-16,tag,Mentorstraße,falsch
02124,1,1892-07-08,tag,Hobeisenstraße (tiw.),falsch
02124,2,1902-05-06,tag,Menzelstraße,falsch
02125,1,1906-03-10,tag,Meppener Straße,falsch
01933,1,1931-12-11,tag,Leibnizstraße,falsch
01933,2,1977-02-25,tag,Mercatorstraße,falsch
02126,1,1959-09-08,tag,Mergelweg,falsch
02184,1,1962-11-12,tag,Merkurstraße,falsch
02127,1,1920-08-04,tag,Fliederstraße,falsch
02127,2,1935-11-14,tag,Merziger Aue,falsch
01600,1,2001-05-08,tag,Messeallee,falsch
02128,1,1909-11-26,tag,Messelstraße,falsch
02128,2,1940-06-10,tag,Ludwig-Troost-Straße (Umb.),falsch
02128,3,1945-05-15,tag,Messelstraße (Umb.),falsch
02129,1,1937-02-25,tag,Messings Garten,falsch
02130,1,1890,vor,Mettenstraße,falsch
02131,1,1911-04-21,tag,Hohlweg {tiw.),falsch
02131,2,1934-11-12,tag,Metzendorfstraße,falsch
02132,1,1898-03-11,tag,Metzer Straße,falsch
02134,1,1896-02-13,tag,Hospitalstraße (tlw.),falsch
02134,2,1931-02-12,tag,Mevissenstraße,falsch
02135,1,1893,vor,Bahnstraße,falsch
02135,2,1937-11-20,tag,Meybuschhof,falsch
00971,1,2011-11-01,tag,Meyer-Schwickerath-Straße,falsch
02136,1,1900-05-04,tag,Michaelstraße,falsch
02137,1,1892-03-29,tag,Heinrichstraße,falsch
02137,2,1905-07-19,tag,Middeldorfstraße,falsch
02137,3,1937-11-20,tag,Middeldorper Weg,falsch
02137,4,1937-11-20,tag,Middeldorper Weg (Verl..,falsch
02198,1,1970-02-24,tag,Mielesheide,falsch
02200,1,1973-11-20,tag,Mierendorffweg,falsch
02139,1,1924-09-17,tag,Milendonkweg,falsch
02140,1,1929-01-10,tag,Milkdelle,falsch
02190,1,1969-01-15,tag,Minnesängerstraße,falsch
03726,1,1930,vor,Friedrichstraße,falsch
03726,2,,unbekannt,Durch die Aue,wahr
03726,3,1977-11-29,tag,Mintarder Weg,falsch
02141,1,1898,jahr,Mintropstraße,falsch
02142,1,1868-01-17,tag,Mittelstraße,falsch
02143,1,1898-03-11,tag,Mittwegstraße,falsch
02199,1,1971-10-20,tag,Mitzmannweg,falsch
02144,1,1929-01-10,tag,Möbiusstraße,falsch
02145,1,1898-05-10,tag,Möllenbergstraße,falsch
02145,2,1937-11-20,tag,Möllenberg,falsch
02195,1,1911-06-16,tag,Schulstraße,falsch
02195,2,1955-10-17,tag,Neustraße,falsch
02195,3,1965,jahr,Mölleneystraße,falsch
02195,4,1970-12-16,tag,Mölleneystraße (Verl),falsch
02188,1,1900-11-13,tag,Dattenberg (tiw.),falsch
02188,2,1967-06-29,tag,Möltershus,falsch
02146,1,1891-04-30,tag,Mühlenstraße,falsch
02146,2,1915-07-09,tag,Mölihoven,falsch
02147,1,1937-11-20,tag,Möllhover Winkel,falsch
02148,1,1900-11-13,tag,Bachstraße,falsch
02148,2,1935-11-14,tag,Möllneyer Ufer,falsch
02149,1,1908-04-13,tag,Möllneys Nocken,falsch
02182,1,1961-12-13,tag,Mönkhoffs Busch,falsch
02150,1,1936,jahr,Mönkhoffstraße,falsch
02151,1,,unbekannt,Koloniestraße,wahr
02151,2,1937-11-20,tag,Mörgekenweg,falsch
02152,1,1868-01-19,tag,Lordstraße,falsch
02152,2,1954-07-15,tag,Mörikestraße,falsch
02153,1,1902-05-16,tag,Möserstraße,falsch
02154,1,1900,jahr,Mövenstraße,falsch
02155,1,1953-03-03,tag,An Lindemanns Kreuz (tlw.),falsch
02155,2,1954-07-15,tag,Mohnblüte,falsch
02156,1,1909-05-07,tag,Huttroper Platz,falsch
02156,2,1910-09-16,tag,Moltkeplatz,falsch
02157,1,1900-02-04,tag,Moltkestraße,falsch
02158,1,,unbekannt,Falkenbergstraße,wahr
02158,2,1902-05-16,tag,Mommsenstraße,falsch
03720,1,1930,vor,Montebruchstraße,falsch
02159,1,1906-12-07,tag,Moorenstraße,falsch
02160,1,1896-10-08,tag,Moosstraße,falsch
02161,1,1894-05-09,tag,Mühlenstraße,falsch
02161,2,1894-08-07,tag,Steeler Straße,falsch
02161,3,1937-11-20,tag,Morgensteig,falsch
02161,4,1937-11-20,tag,Morgensteig (Verl.),falsch
02162,1,1897-09-06,tag,Maxstraße,falsch
02162,2,1906-01-26,tag,Moritzstraße,falsch
02163,1,1899-02-24,tag,Forbacher Straße,falsch
02163,2,1900-05-04,tag,Morsehofstraße,falsch
02163,3,1915-07-09,tag,Morsehofstraße (Verl.),falsch
02189,1,1962-09-27,tag,Morungenweg,falsch
02164,1,1960-02-24,tag,Mosebachstraße,falsch
03721,1,1970-10-06,tag,Moselstraße,falsch
02165,1,1900-05-04,tag,Mozartstraße,falsch
02166,1,1951-12-05,tag,Mühlenaue,falsch
03722,1,1970-10-06,tag,Mühlendycksweg,falsch
02167,1,1951-12-05,tag,Mühlengrund,falsch
02197,1,1967-09-25,tag,Bergstraße,falsch
02197,2,1970-12-16,tag,Mühlenhang,falsch
02168,1,1953-03-03,tag,Mühlenkamp,falsch
02196,1,1949-11-25,tag,Mühlenweg,falsch
03284,1,1987-06-02,tag,Mühlmannsbank,falsch
02169,1,1905-06-16,tag,Mülheimer Straße,falsch
02170,1,1951-07-04,tag,Müller-Breslau-Straße,falsch
02171,1,1912-01-26,tag,Müllerstraße,falsch
02172,1,,unbekannt,Moltkestraße,wahr
02172,2,1883,vor,Langenstraße,falsch
02172,3,1902-05-16,tag,Münchener Straße,falsch
02173,1,1924-09-17,tag,Münsterhausen,falsch
02174,1,1891-04-30,tag,Donnerstraße (tlw.),falsch
02174,2,1963-06-25,tag,Münstermannstraße,falsch
02175,1,1920-10-01,tag,Münstersteinbruch,falsch
03725,1,1926-11-02,tag,Münzenbergerplatz,falsch
02176,1,1896-10-08,tag,Münzstraße,falsch
02177,1,1921-10-18,tag,Muldeweg,falsch
02178,1,1903-05-11,tag,Munscheidstraße,falsch
02178,2,1911,jahr,Mozartstraße,falsch
02178,3,1937-11-20,tag,Munscheidstraße (Verl),falsch
02179,1,1896-02-13,tag,Bachstraße,falsch
02179,2,1915-07-09,tag,Musebrink,falsch
00966,1,2009-12-29,tag,Museumsplatz,falsch
02220,1,1902-05-16,tag,Naatlandstraße,falsch
02221,1,1897-11-06,tag,Querstraße,falsch
02221,2,1937-11-20,tag,Nachbarnweg,falsch
02222,1,1909-11-26,tag,Nagelstraße,falsch
03727,1,1970-10-06,tag,Nahestraße,falsch
02223,1,1900-11-13,tag,Feldstraße,falsch
02223,2,1935-11-14,tag,Narjesstraße,falsch
02287,1,1889-07-05,tag,Taubenstraße,falsch
02287,2,1925-09-19,tag,Taubenstraße (Verl),falsch
02287,3,1971-03-17,tag,Natorpstraße,falsch
02225,1,1910-09-16,tag,Nebenbankstraße,falsch
02225,2,1959-02-02,tag,Nebenbankstraße (Verl.),falsch
03728,1,1970-10-06,tag,Neckarstraße,falsch
02227,1,1963-12-17,tag,Nedelmannstraße,falsch
02228,1,1956-07-03,tag,Neißestraße,falsch
02229,1,1957-01-23,tag,Nekesweg,falsch
02230,1,1907-08-06,tag,Grenzstraße,falsch
02230,2,1915-07-09,tag,Nelkengarten,falsch
02282,1,1962-11-12,tag,Neptunstraße,falsch
02231,1,1921-10-18,tag,Netheweg,falsch
02233,1,,unbekannt,Dickmannsweg,wahr
02233,2,1937-11-20,tag,Nettelnbusch,falsch
02281,1,1960-09-07,tag,Netzestraße,falsch
02234,1,1951-01-17,tag,Neue Heimat,falsch
02234,2,1955-03-31,tag,Neue Heimat (Verl),falsch
02235,1,1952-03-25,tag,Neue Liebe,falsch
02236,1,1896-02-13,tag,Neuessener Straße,falsch
02237,1,1955-01-19,tag,Neuhof,falsch
02238,1,1864,vor,Klarastraße,falsch
02238,2,1909-07-26,tag,Gartenstraße,falsch
02238,3,1912,jahr,Turmstraße,falsch
02238,4,1935-11-14,tag,Neuholland,falsch
02238,5,1946-05-22,tag,Neuholland (Verl.),falsch
02239,1,1883-01-17,tag,Hafenstraße (tiw.),falsch
02239,2,1935-01-14,tag,Neukircher Mühle,falsch
02240,1,1883-11-17,tag,Neukircher Straße,falsch
02241,1,1897-01-22,tag,Schlägelstraße,falsch
02241,2,1915-07-09,tag,Neukölnstraße,falsch
02242,1,1952-03-25,tag,Neuland,falsch
02243,1,1932-10-03,tag,Neulengrund,falsch
02244,1,1891-04-30,tag,Neustraße,falsch
02245,1,1896-08-14,tag,Schachtstraße,falsch
02245,2,1915-07-09,tag,Neuweselstraße,falsch
02246,1,1938-10-21,tag,Neuwiedweg,falsch
02247,1,1921,jahr,Nibelungenplatz,falsch
02248,1,1921,jahr,Hagenstraße,falsch
02248,2,1937-11-20,tag,Nibelungenweg,falsch
02249,1,,unbekannt,Aloysstraße,wahr
02249,2,1902-05-16,tag,Nieberdingstraße,falsch
02290,1,,unbekannt,Gneisenaustraße,wahr
02290,2,1902-12-17,tag,Curtiusstraße (t!w.),falsch
02290,3,1976-10-29,tag,Niebuhrstraße,falsch
02250,1,,unbekannt,Frintroper Straße,wahr
02250,2,1902-05-16,tag,Niederfeldstraße,falsch
02250,3,1915-07-09,tag,Niederfeldstraße (Verl.),falsch
02251,1,1868-01-17,tag,Niederstraße,falsch
02252,1,1901-01-30,tag,Oeststraße (tlw.),falsch
02252,2,1908-01-20,tag,Niederweniger Straße,falsch
02252,3,1933-11-27,tag,Niederweniger Straße (Verl.),falsch
02253,1,1906-05-11,tag,Bertastraße,falsch
02253,2,1907-02-26,tag,Lambertstraße,falsch
02253,3,1915-07-09,tag,Niegischstraße,falsch
02254,1,1957-12-12,tag,Niehammerstraße,falsch
02284,1,1965-12-02,tag,Niehusmannskamp,falsch
01886,1,2014-04-09,tag,Niekämperweg,falsch
02255,1,,unbekannt,Jakobstraße,wahr
02255,2,1915-07-09,tag,Nienhausenstraße,falsch
02256,1,1892-03-29,tag,Wallstraße (tiw.),falsch
02256,2,1937-11-20,tag,Nienhuser Busch,falsch
02257,1,1903-11-27,tag,Bismarckstraße,falsch
02257,2,1915-07-09,tag,Nienkampstraße,falsch
02258,1,1901-01-30,tag,Hauptstraße,falsch
02258,2,1907-11-27,tag,Nierenhofer Straße,falsch
02258,3,1977-12-06,tag,Nierenhofer Straße (Verl.),falsch
02258,4,1973-11-20,tag,Kupferdreher Straße (tlw.Umb.),falsch
02258,5,1978-02-15,tag,Nierenhofer Straße (Verl),falsch
02259,1,1922-06-02,tag,Niermanns Weg,falsch
03441,1,1927-12-01,tag,Wupperstraße,falsch
03441,2,1977-02-24,tag,Niersstraße,falsch
02260,1,1931-02-10,tag,Niersteiner Straße,falsch
02289,1,1974-12-11,tag,Niesertweg,falsch
02270,1,1966-12-14,tag,Nietzscheweg,falsch
02288,1,1973-11-20,tag,Nikolaus-Groß-Straße,falsch
02261,1,1914-05-06,tag,Nikolausstraße,falsch
02262,1,1896-12-03,tag,I. Ziegelstraße,falsch
02262,2,1915-07-09,tag,Il,falsch
02262,3,1937-02-25,tag,Nobermanns Hude,falsch
02263,1,1915,vor,Bahnhofstraße,falsch
02263,2,1935-11-14,tag,Nockwinkel,falsch
02264,1,,unbekannt,Nöckersberg,wahr
02264,2,,unbekannt,Deipenbeckstalweg,wahr
02264,3,1937-11-20,tag,Nöckersberg (Verl),falsch
02265,1,1955-09-21,tag,Nöckersleite,falsch
02266,1,,unbekannt,Frohnhauser Straße,wahr
02266,2,1911-04-21,tag,Nöggerathstraße,falsch
02266,3,1915-07-09,tag,Gartenkamp (tiw.),falsch
02266,4,1937-11-20,tag,Nöggerathstraße (Verl.),falsch
02267,1,1954-10-18,tag,Nöttelhof,falsch
02268,1,1901-07-19,tag,Louisenstraße,falsch
02268,2,1915-07-09,tag,Nootstraße,falsch
02269,1,1897-09-06,tag,Nikolausstraße,falsch
02269,2,1906-01-26,tag,Nicodemusstraße,falsch
02269,3,1906-05-25,tag,Norbertstraße,falsch
02283,1,1962-11-12,tag,Norderneyweg,falsch
02271,1,1866-07-06,tag,Schulstraße,falsch
02271,2,1915-07-09,tag,Nordhofstraße,falsch
02272,1,1954-07-15,tag,Nordlandaue,falsch
02285,1,1954-07-15,tag,Nordlandaue (tlw.),falsch
02285,2,1961-12-13,tag,Nordlandring,falsch
02273,1,1915,vor,Fasanenstraße,falsch
02273,2,1933-05-08,tag,Nordschleswigstraße,falsch
02274,1,1896-02-13,tag,Nordsternstraße,falsch
02275,1,1901-10-22,tag,Nordstraße,falsch
02286,1,1971-04-21,tag,Nothofsbusch,falsch
02276,1,1897,vor,Nottebaumskamp,falsch
02277,1,,unbekannt,Nottekampstraße,wahr
02277,2,1915,vor,Gartenstraße,falsch
02277,3,1934-06-05,tag,Nottekampsbank,falsch
02278,1,1910-09-16,tag,Nottekampstraße,falsch
02279,1,1949-08-31,tag,Nottekampswinkel,falsch
02280,1,1969-01-15,tag,Nünningstraße,falsch
01556,1,2000-05-09,tag,Nussbaumweg,falsch
02310,1,1891,jahr,Oberdorfstraße,falsch
02310,2,1902-05-16,tag,Koppestraße,falsch
02310,3,1963-06-25,tag,Oberdorfstraße (Umb.),falsch
02335,1,,unbekannt,Schacht Jacob (tIw.),wahr
02335,2,1964-05-20,tag,Obere Aue. ze 5 Oberer Schloßhang- Schloss Borbeck ll,falsch
02311,1,1933-11-27,tag,Obere Fuhr,falsch
02312,1,1899,vor,Bergstraße,falsch
02312,2,1935-11-14,tag,Pustenberg (tiw.),falsch
02312,3,1955-09-21,tag,Oberer Pustenberg,falsch
02313,1,1929-07-24,tag,Oberer Schloßhang,falsch
02314,1,1891-04-30,tag,Kahrstraße,falsch
02314,2,1915-07-09,tag,Oberhauser Straße,falsch
02315,1,1903-02-04,tag,Oberhofstraße,falsch
02316,1,1958-07-02,tag,Oberholzweg,falsch
03733,1,1934,jahr,Alte Straße {tiw.),falsch
03733,2,1977-01-29,tag,Oberlehberg,falsch
02317,1,1906-07-20,tag,Obernitzstraße,falsch
02318,1,1907,vor,Bülowstraße,falsch
02318,2,1910-09-16,tag,Oberscheidtstraße,falsch
02319,1,1932-06-13,tag,Oberschlesienstraße,falsch
02320,1,1903-01-04,tag,Oberstraße,falsch
02320,2,1903-01-04,tag,Ludgerusstraße,falsch
02320,3,1910-09-16,tag,Oberstraße (Verl),falsch
02321,1,1903-03-12,tag,Metzer Straße,falsch
02321,2,1935-11-14,tag,Obringer Voerde,falsch
02322,1,1937-11-20,tag,Ocklenburgs Ried,falsch
02323,1,1913-05-30,tag,Odastraße,falsch
03731,1,0801,jahrhundert,Oefte,falsch
02325,1,1905-07-19,tag,Niermannstraße (tlw.),falsch
02325,2,1935-01-14,tag,Oelberg,falsch
03267,1,1937-11-20,tag,Ofenbank,falsch
03267,2,1974-12-11,tag,Ofenbank (Aufgeh.),falsch
03267,3,1983-02-08,tag,Ofenbank,falsch
02352,1,1962-09-27,tag,Ofterdingenstraße,falsch
02327,1,,unbekannt,Georgstraße,wahr
02327,2,1902-05-16,tag,Ohmstraße,falsch
02328,1,1909-11-26,tag,Olbrichstraße,falsch
02329,1,1897-09-06,tag,Olgastraße,falsch
02330,1,1906-12-07,tag,Onckenstraße,falsch
02353,1,1967-05-03,tag,Op de Heie,falsch
01136,1,1996-12-09,tag,Opernplatz,falsch
02331,1,1953-03-03,tag,Ophoffsfeld,falsch
02332,1,1953-03-03,tag,Ophoff-straße,falsch
02354,1,1965-06-03,tag,Ortelweg,falsch
01280,1,1897-01-22,tag,Grabenstraße,falsch
01280,2,1915-07-09,tag,Herderstraße,falsch
01280,3,1977-06-08,tag,Oskar-Pannen-Straße,falsch
02326,1,1908-09-29,tag,Othmarstraße,falsch
02326,2,1920-03-06,tag,Otmarstraße (tiw.),falsch
02326,3,1977-05-26,tag,Oskarstraße,falsch
02333,1,1901-01-30,tag,Hüttenstraße (tiw.),falsch
02333,2,1908-04-13,tag,Phönixberg {tiw.),falsch
02333,3,1934-06-05,tag,Ostenderstraße,falsch
02334,1,1906-03-10,tag,Osnabrücker Straße,falsch
02506,1,1987-12-09,tag,Ostendeweg,falsch
02336,1,1934-06-05,tag,Osterkamp,falsch
02337,1,1889-11-29,tag,Ostermannstraße,falsch
02338,1,1957-12-12,tag,Osterweg,falsch
02339,1,1872,jahr,Ostfeldstraße,falsch
02340,1,1914,jahr,Essener Straße,falsch
02340,2,1933-05-08,tag,Ostpreußenstraße,falsch
03275,1,1986-05-27,tag,Ostropweg,falsch
02341,1,1908,jahr,Oststraße,falsch
02341,2,1908,jahr,Weststraße,falsch
02341,3,1910-09-16,tag,Oststraße (Verl.),falsch
02355,1,1966-12-14,tag,Ostuferstraße,falsch
02355,2,1975-04-16,tag,Ostuferstraße (Verl),falsch
02342,1,1908-09-29,tag,Othmarstraße,falsch
02342,2,1920-03-06,tag,Otmarstraße,falsch
02343,1,1893,vor,Kastanienstraße,falsch
02343,2,1937-11-20,tag,Ottenkämperweg,falsch
01558,1,2000-11-07,tag,Ottenkampshof,falsch
02344,1,1868-01-17,tag,Ottilienstraße,falsch
02345,1,1938-10-21,tag,Otto-Beyer-Straße,falsch
02357,1,1977-11-08,tag,Otto-Brenner-Straße,falsch
02346,1,1894,jahr,Altenhof,falsch
02346,2,1910-09-16,tag,Altenhof II (tlw.),falsch
02346,3,1935-10-14,tag,Otto-Schnabel-Weg,falsch
02347,1,1901-01-02,tag,Ottostraße,falsch
02348,1,1921,jahr,Asternstraße,falsch
02348,2,1936-01-15,tag,Ottweilerweg,falsch
02349,1,,unbekannt,Nienhausstraße,wahr
02349,2,1902-05-16,tag,Overbeckstraße,falsch
02350,1,,unbekannt,Grenzstraße,wahr
02350,2,1915-07-09,tag,Overbergstraße,falsch
02356,1,1970-01-21,tag,Overhammshof,falsch
02351,1,1936-08-05,tag,Overrathstraße,falsch
02472,1,1963-09-04,tag,Palantweg,falsch
02381,1,1896-02-13,tag,Katernberger Straße,falsch
02381,2,1937-02-25,tag,Palmbuschweg,falsch
02382,1,1934-11-12,tag,Palmstraße,falsch
02383,1,1903-02-04,tag,Mühlenbergstraße,falsch
02383,2,1937-11-20,tag,Papenberghang,falsch
02384,1,,unbekannt,Rolandstraße,wahr
02384,2,1902-05-16,tag,Papestraße,falsch
02385,1,1951-12-05,tag,Pappelweg,falsch
02386,1,1948-12-14,tag,Parkweg,falsch
02387,1,1953-03-03,tag,Pasbachstraße,falsch
02388,1,1890-11-18,tag,Paßstraße,falsch
02388,2,1890-11-18,tag,Graffweg (tlw.),falsch
02388,3,1934-06-05,tag,Paßstraße (Verl),falsch
02389,1,1922-06-02,tag,Pastoratsberg,falsch
02390,1,1903-03-12,tag,Hugostraße,falsch
02390,2,1936-08-05,tag,Pastor-Fliedner-Weg,falsch
02391,1,1899,vor,Ernststraße,falsch
02391,2,1934-06-05,tag,Pastorsacker,falsch
00975,1,2011-11-01,tag,Pater-Christoph-Höttges-Platz,falsch
02392,1,1899,vor,Ottostraße,falsch
02392,2,1937-11-20,tag,Pattbergstraße,falsch
02393,1,1929-01-10,tag,Schleifkottenweg,falsch
02393,2,1931-02-12,tag,Paul- Brandi-Straße,falsch
02474,1,1902-05-16,tag,Kruppstraße (tlw.),falsch
02474,2,1969-03-19,tag,Paul-Goerens- Straße,falsch
02394,1,1922-06-02,tag,Pauline,falsch
02395,1,1897-09-06,tag,Paulinenstraße,falsch
02395,2,1933-05-08,tag,Helfferichstraße (Umb.),falsch
02395,3,1945-06-18,tag,Paulinenstraße (Umb.),falsch
01140,1,1998-02-03,tag,Paul-Klinger-Straße,falsch
01551,1,1999-10-05,tag,Paul-Reichardt- Straße,falsch
02396,1,1868-01-17,tag,Paulstraße,falsch
02397,1,1921-10-18,tag,Pausmühlenhegge,falsch
02398,1,1922-09-23,tag,Pausmühlenkamp,falsch
02399,1,1897-01-22,tag,Teichstraße,falsch
02399,2,1915-07-09,tag,Pausmühlenstraße,falsch
00989,1,1896-08-14,tag,Gartenstraße,falsch
00989,2,1977-05-11,tag,Pausstraße,falsch
02401,1,1901-07-19,tag,Elisabethstraße,falsch
02401,2,1915-07-09,tag,Peanstraße,falsch
02402,1,1956-07-03,tag,Peenestraße,falsch
02403,1,1908-05-01,tag,Pelmanstraße,falsch
02404,1,1938-10-21,tag,Pelzstraße,falsch
02405,1,1953-03-03,tag,Pestalozziweg,falsch
02477,1,1973-11-20,tag,Peter-Burggraf-Weg,falsch
00964,1,2010-03-30,tag,Peter-Reise-Weg,falsch
02406,1,1891-07-01,tag,Peterstraße,falsch
02407,1,1903-04-24,tag,Pettenkoferstraße,falsch
02407,2,1910-09-16,tag,Kochstraße,falsch
02407,3,1915-07-09,tag,Pettenkoferstraße (Verl.),falsch
02408,1,1912,vor,Kirchstraße,falsch
02408,2,1934-06-05,tag,Petzelsberg,falsch
02409,1,1909-03-26,tag,Franziskastraße,falsch
02409,2,1946-05-22,tag,Pfalzgräfinstraße,falsch
01874,1,2012-07-17,tag,Pfarrer-Wolfgang-Lüthgen-Platz,falsch
02410,1,1896-08-14,tag,Pfarrstraße,falsch
02411,1,1958-07-02,tag,Pfeifferstraße,falsch
02412,1,1868-01-17,tag,Pferdebahnstraße,falsch
02413,1,1896-10-08,tag,Marsstraße,falsch
02413,2,1915-07-09,tag,Pferdebrink,falsch
02414,1,1860,jahr,Pferdemarkt,falsch
02415,1,1892-03-29,tag,Niermannstraße (tlw.),falsch
02415,2,1935-11-14,tag,Pfingstborn,falsch
02416,1,1938-10-21,tag,Pfingstfeldwende,falsch
02417,1,1897-01-22,tag,Pflanzstraße,falsch
02418,1,1897-09-06,tag,Philippinenstraße,falsch
02419,1,1904-03-23,tag,Philippstraße,falsch
02421,1,1966-12-14,tag,Philosophenweg,falsch
01545,1,2000-05-09,tag,Phönixberg,falsch
02420,1,1901-01-30,tag,Weststraße (tlw.),falsch
02420,2,1934-06-05,tag,Phoenixhütte,falsch
02422,1,,unbekannt,Gertrudstraße,wahr
02422,2,1915-07-09,tag,Pielstickerstraße,falsch
02423,1,1938-10-21,tag,Pieperstraße,falsch
03734,1,1950-12-11,tag,Pierburger Saum,falsch
02424,1,1924-09-17,tag,Pilgrimsteig,falsch
02425,1,1907-09-21,tag,Pilotystraße,falsch
02473,1,1966-06-13,tag,Pinxtenweg,falsch
02426,1,1931-02-10,tag,Pirolstraße,falsch
02427,1,1892-03-29,tag,Eichstraße,falsch
02427,2,1937-11-20,tag,Plänkerweg,falsch
02428,1,1885,vor,Wiesenstraße,falsch
02428,2,1937-11-20,tag,Pläßweidenweg,falsch
02429,1,,unbekannt,Alfredstraße,wahr
02429,2,1902-05-16,tag,Planckstraße,falsch
02430,1,1897-11-29,tag,Herkulesstraße,falsch
02430,2,1908-02-10,tag,Plantenbergstraße,falsch
02431,1,1921-09-26,tag,Plaßholsbankstraße,falsch
02475,1,1904-02-04,tag,Markenstraße,falsch
02475,2,1910-09-16,tag,Eschenstraße (tiw.),falsch
02475,3,1970-02-25,tag,Platanenweg,falsch
02432,1,1933-05-08,tag,Plattenweiler,falsch
01549,1,1999-10-05,tag,Platz Werdener Feintuchwerke,falsch
02433,1,1911-06-16,tag,Gartenstraße,falsch
02433,2,1935-11-14,tag,Pieskengarten,falsch
02434,1,1897,vor,Theodorstraße,falsch
02434,2,1937-02-25,tag,Plümers Kamp,falsch
02471,1,1962-11-12,tag,Plutoweg,falsch
02435,1,1938-10-21,tag,Pörtgenweg,falsch
02436,1,,unbekannt,Hövelstraße,wahr
02436,2,1922-06-02,tag,Pörtingsiepenstraße,falsch
02436,3,1937-11-20,tag,Pöringsiepen,falsch
02436,4,1937-11-20,tag,Pötingsiepen (Verl),falsch
02437,1,1891-04-30,tag,Frohnhauser Straße,falsch
02437,2,1915-07-09,tag,Gartenkamp (tiw.),falsch
02437,3,1937-11-20,tag,Pollerbecks Brink,falsch
02437,4,1971-09-22,tag,Pollerbecks Brink (Verl.),falsch
02438,1,1906-03-10,tag,Pollerbergstraße,falsch
02439,1,1896-10-08,tag,Pollstraße,falsch
02440,1,1896-10-18,tag,Knappenstraße,falsch
02440,2,1935-11-14,tag,Pookweg,falsch
02441,1,1825-12-31,tag,Schwarze Poth {tiw.),falsch
02441,2,1957-10-31,tag,Porschekanzel,falsch
02402,1,1500-01-01,tag,Königstraße (tiw.),falsch
02402,2,1825-12-31,tag,Schwarze Poth (tw),falsch
02402,3,1860-01-01,tag,Postallee (tiw.),falsch
02402,4,1951-07-04,tag,Porscheplatz,falsch
02443,1,1894-08-07,tag,Portendieckstraße,falsch
02444,1,1883-11-17,tag,Porthofplatz,falsch
02445,1,1883-11-17,tag,Porthofstraße,falsch
02446,1,1909-03-26,tag,Heinrichstraße,falsch
02446,2,1926-06-01,tag,Schulzstraße,falsch
02446,3,1937-11-20,tag,Poschfüerhöhe,falsch
02447,1,,unbekannt,Weststraße,wahr
02447,2,1902-05-16,tag,Posener Straße,falsch
02448,1,1891,jahr,Postreitweg,falsch
02449,1,1900-11-13,tag,Poststraße,falsch
02449,2,2011-06-28,tag,Poststraße (Verl.),falsch
02451,1,1957-01-23,tag,Pothsberg,falsch
02452,1,,unbekannt,Hedwigstraße,wahr
02452,2,1902-05-16,tag,Potsdamer Straße,falsch
02453,1,1916-10-16,tag,Pottgießerstraße,falsch
02454,1,1903-02-04,tag,Klinkestraße,falsch
02454,2,1910-09-16,tag,Potthofstraße,falsch
02454,3,1937-11-20,tag,Potthofs Börde,falsch
03736,1,1897-11-04,tag,Lehmdreh,falsch
03736,2,1925-06-16,tag,Hochstraße (tiw.),falsch
03736,3,1977-11-29,tag,Prälatenweg,falsch
01601,1,2001-05-08,tag,Prager Straße,falsch
02455,1,1905,vor,Friedrichstraße (tlw.),falsch
02455,2,1930-05-31,tag,Pramenweg,falsch
02456,1,1956-07-03,tag,Pregelstraße,falsch
02457,1,1897-01-22,tag,Preisstraße,falsch
02458,1,1922-06-02,tag,Preutenborbeckstraße,falsch
02459,1,1936-08-05,tag,Priehlbachtal,falsch
02460,1,1937-11-20,tag,Priembergweg,falsch
02461,1,,unbekannt,Deilmannsweg {nicht amtl.),wahr
02461,2,1937-11-20,tag,Priemhauser Weg,falsch
02462,1,1907-08-06,tag,Friedrichsallee,falsch
02462,2,1915-07-01,tag,Prinz-Adolf- Straße,falsch
02463,1,1896-10-08,tag,Prinzenstraße,falsch
02463,2,1896-10-08,tag,Kurstraße,falsch
02463,3,1915-07-09,tag,Prinzenstraße (Verl.),falsch
00974,1,2011-06-28,tag,Prinz-Friedrich-Platz,falsch
02464,1,,unbekannt,Am Hafen,wahr
02464,2,1937-02-25,tag,Prinz-Friedrich- Straße,falsch
02465,1,1914,jahr,Dammstraße,falsch
02465,2,1934-06-05,tag,Prinz-Wilhelm-Damm,falsch
03735,1,1904,vor,Promenadenweg,falsch
02466,1,1898-05-10,tag,Hochstraße,falsch
02466,2,1937-11-20,tag,Propsteistraße,falsch
02467,1,1891-04-30,tag,Prosperstraße,falsch
02467,2,1891-04-30,tag,Bergstraße (tlw.),falsch
02467,3,1915-07-09,tag,Prosperstraße (Verl),falsch
02468,1,1900-11-13,tag,Hochstraße,falsch
02468,2,1937-11-20,tag,Provesthöhe,falsch
02476,1,1973-11-20,tag,Püttmannweg,falsch
02469,1,1906-12-07,tag,Pützstraße,falsch
02470,1,1899,vor,Bergstraße,falsch
02470,2,1935-11-14,tag,Pustenberg (tlw.),falsch
02470,3,1954-07-15,tag,Pustenbergstiege,falsch
00829,1,2008-01-29,tag,Quartiersbogen,falsch
02500,1,1953-03-03,tag,Quellenblick,falsch
02501,1,1896-08-14,tag,Quellstraße,falsch
02502,1,1896-02-13,tag,Kurze Straße,falsch
02502,2,1915-07-09,tag,Querschlagstraße,falsch
02503,1,1892-03-29,tag,Querstraße,falsch
02540,1,1911-11-21,tag,Raadter Straße,falsch
02541,1,1893-05-13,tag,Parkstraße,falsch
02541,2,1915-07-09,tag,Rabenhorst,falsch
02542,1,1919-05-28,tag,Rademachers Weg,falsch
02542,2,1919-05-28,tag,Kanarienberg (ttw.),falsch
02542,3,1963-12-17,tag,Rademachers Weg (Verl.),falsch
02543,1,1896-02-10,tag,Vereinsstraße,falsch
02543,2,1915-07-09,tag,Radhoffstraße,falsch
02544,1,,unbekannt,Chorstraße,wahr
02544,2,1902-05-16,tag,Rafaelstraße,falsch
02544,3,1959-02-02,tag,Raffaelstraße,falsch
02689,1,1902-05-16,tag,Leipziger Straße (tlw.),falsch
02689,2,1976-05-19,tag,Raffelberger Straße,falsch
02546,1,1896-10-08,tag,Rahmstraße,falsch
02546,2,1915-07-09,tag,Rahmannstraße,falsch
02547,1,1904-02-22,tag,Wasserstraße,falsch
02547,2,1962-04-25,tag,Rahmbruchsweg,falsch
02548,1,1896-02-13,tag,Markenstraße,falsch
02548,2,1915-07-09,tag,Rahmdörne,falsch
02549,1,1951-12-05,tag,Rahmfeld,falsch
02550,1,1949-08-31,tag,Rahmheide,falsch
02551,1,1896-02-13,tag,Oststraße,falsch
02551,2,1896-02-13,tag,Rahmstraße,falsch
02551,3,1908-05-05,tag,Brauerstraße (tiw),falsch
02551,4,1915-07-09,tag,Rahmstraße (Verl.),falsch
02552,1,1938-10-21,tag,Raiffeisenweg,falsch
02553,1,1953-03-03,tag,Ramachersfeld,falsch
02554,1,1892-03-29,tag,Karlstraße,falsch
02554,2,1937-11-20,tag,Ramers Kamp,falsch
02554,3,1958-07-02,tag,Ramers Kamp (Verl.),falsch
02555,1,,unbekannt,Blücherstraße,wahr
02555,2,1902-05-16,tag,Rankestraße,falsch
02683,1,1969-03-19,tag,Rappenweg,falsch
02556,1,1911-04-21,tag,Theaterstraße,falsch
02556,2,1922-09-13,tag,Rathenaustraße,falsch
02556,3,1933-05-08,tag,Dietrich-Eckart-Straße (Umb.),falsch
02556,4,1945-05-15,tag,Rathenaustraße (Umb.),falsch
02557,1,1937-11-20,tag,Rathgeberhof,falsch
02558,1,1937-02-25,tag,Ratsherrnweg,falsch
02559,1,1891-04-30,tag,Prosperstraße (tlw.),falsch
02559,2,1915-07-09,tag,Levinstraße (tiw.),falsch
02559,3,1927-02-27,tag,Rauchstraße,falsch
02560,1,1910-09-16,tag,Rauensiepenstraße,falsch
02561,1,1937-11-20,tag,Rauhhölterberg,falsch
02562,1,1902-05-16,tag,Raumerstraße,falsch
02563,1,1929-07-06,tag,Rausenbergerstraße,falsch
02564,1,1868-01-17,tag,Ritterstraße,falsch
02564,2,1904-02-19,tag,Phönixstraße,falsch
02564,3,1915-07-09,tag,Steingröverstraße,falsch
02564,4,1935-11-14,tag,Vorrathstraße (tlw.),falsch
02564,5,1937-11-20,tag,Rauterstraße,falsch
02564,6,1976-11-09,tag,Rauterstraße (Verl.),falsch
02565,1,1907-08-06,tag,Haeselerstraße,falsch
02565,2,1915-07-09,tag,Rebenlaube,falsch
02568,1,1936-08-05,tag,Rebenranke,falsch
02679,1,1966-06-13,tag,Rebstock,falsch
02567,1,1896-08-14,tag,Rechtsstraße,falsch
02568,1,1868-01-17,tag,Hammerstraße,falsch
02568,2,1868-01-17,tag,Parallelstraße,falsch
02568,3,1915-07-09,tag,Hammerstraße (Verl.),falsch
02568,4,1937-11-20,tag,Reckhammerweg,falsch
02568,5,1973-12-18,tag,Reckhammerweg (Verl.),falsch
02569,1,1914-05-10,tag,Meckenstocker Weg (tiw.),falsch
02569,2,1954-07-15,tag,Reckmannshof,falsch
02570,1,1896-08-14,tag,Reckstraße,falsch
02571,1,1929-01-10,tag,Redtenbacherstraße,falsch
02680,1,1965-01-21,tag,Regenbogenweg,falsch
02572,1,1896-10-08,tag,Moorstraße,falsch
02572,2,1915-07-09,tag,Blitzstraße (tlw.),falsch
02572,3,1954-07-15,tag,Regenweg,falsch
02573,1,1897-09-06,tag,Reginenstraße,falsch
03737,1,1959-10-29,tag,Rehfußhang,falsch
02574,1,1938-10-21,tag,Rehmanns Hof,falsch
02575,1,1914,jahr,Rehstraße,falsch
02576,1,1933-08-14,tag,Reibenkamp,falsch
02577,1,1927-10-25,tag,Im Reichskamp,falsch
02577,2,1931-12-11,tag,Reickskamp,falsch
02578,1,1953-10-13,tag,Reineke-Fuchs-Straße,falsch
02526,1,1990-11-07,tag,Reinhold-Unterberg-Weg,falsch
02677,1,1960-06-08,tag,Reinmarweg,falsch
02579,1,1860,jahr,Rellinghauser Straße,falsch
02579,2,1897-09-06,tag,Rellinghauser Straße (Rüttenscheid),falsch
02579,3,1904-02-04,tag,Essener Straße,falsch
02579,4,1904-02-04,tag,Steinstraße,falsch
02579,5,1908-06-05,tag,Rellinghauser Straße (Huttrop),falsch
02579,6,1910-09-16,tag,Rellinghauser Straße (Rellinghausen),falsch
02579,7,1910-09-16,tag,Am Glockenberg,falsch
02579,8,1928-02-27,tag,Rellinghauser Straße,falsch
02580,1,,unbekannt,Schulstraße,wahr
02580,2,1902-05-16,tag,Rembrandtstraße,falsch
02581,1,1906-03-10,tag,Renatastraße,falsch
02582,1,1938-10-21,tag,Rengsdorfer Heim,falsch
02583,1,1934-11-12,tag,Renteilichtung,falsch
02584,1,,unbekannt,Karlstraße,wahr
02584,2,1937-11-20,tag,Renzelweg,falsch
02585,1,1953-03-03,tag,An Lindemanns Kreuz (tlw.),falsch
02585,2,1954-07-15,tag,Resedapfad,falsch
02586,1,1929-07-06,tag,Residenzaue,falsch
02587,1,1891-04-30,tag,Bergstraße,falsch
02587,2,1895-11-28,tag,Reuenbergerstraße,falsch
02587,3,1915-07-09,tag,Reuenberg,falsch
02678,1,1960-06-08,tag,Reuenthalweg,falsch
02588,1,,unbekannt,Steinacker,wahr
02588,2,1939-05-26,tag,Reulsbergweg,falsch
02589,1,1899,jahr,A-Straße,falsch
02589,2,1937-11-20,tag,Rheinelbeweg,falsch
02591,1,1866-07-06,tag,Rheinische Straße,falsch
02590,1,1922-03-18,tag,Rheinischer Platz,falsch
03738,1,1934,jahr,Alte Straße (tiw.),falsch
03738,2,1970-10-06,tag,Rheinstraße,falsch
03738,3,1977-11-29,tag,Rheinstraße (Verl.),falsch
02593,1,1868-01-17,tag,Schützenstraße,falsch
02593,2,1892-05-13,tag,Augustastraße,falsch
02593,3,1930-05-31,tag,Ribbeckstraße,falsch
02594,1,1904-05-27,tag,Richard-Wagner-Straße,falsch
02595,1,,unbekannt,M-Straße,wahr
02595,2,1902-05-16,tag,Richterstraße,falsch
02596,1,1896-08-14,tag,Richtstraße,falsch
02597,1,1900,jahr,Wilhelmstraße,falsch
02597,2,1935-11-14,tag,Riddershofstraße,falsch
02676,1,1960-09-07,tag,Ridderweg,falsch
02534,1,1993-01-21,tag,Riedheim,falsch
02681,1,1951-12-05,tag,!,falsch
02681,2,1966-07-20,tag,Riedingerstraße,falsch
02600,1,,unbekannt,Schultepäskenstraße,wahr
02600,2,1902-05-16,tag,Riehlstraße,falsch
02601,1,1921-10-18,tag,Riekenbank,falsch
02602,1,1920-10-01,tag,Riemannstraße,falsch
02603,1,1959-02-02,tag,Rieselshof,falsch
02604,1,1903-02-04,tag,Riesweg,falsch
03739,1,,unbekannt,Schulstraße,wahr
03739,2,1930-10-07,tag,Rinderbachstraße,falsch
00587,1,1934-01-01,tag,Höseler Weg (tiw.),falsch
00587,2,1982-06-29,tag,Rindersberger Mühle,falsch
03740,1,1876-12-04,tag,Ringstraße,falsch
03740,2,,unbekannt,Ruhrstraße,wahr
03740,3,1934,jahr,Johann- Wilhelm-Scheidt-Straße,falsch
03740,4,1934-10-02,tag,Laupendahler Straße (tlw.),falsch
03740,5,1946-04-04,tag,Ringstraße,falsch
03740,6,1978-03-14,tag,Ringstraße (Verl),falsch
02606,1,1937-02-25,tag,Riprechtborn,falsch
02607,1,1891-04-30,tag,Nordstraße,falsch
02607,2,1891-04-30,tag,Osterfeldstraße,falsch
02607,3,1915-07-09,tag,Ripshorster Straße,falsch
02608,1,1853,vor,Rittergasse,falsch
02685,1,1934-06-05,tag,Spindelgang (tlw.),falsch
02685,2,1972-05-17,tag,Robert-Feulgen-Straße,falsch
02609,1,,unbekannt,Herwartstraße,wahr
02609,2,1902-05-16,tag,Rubensstraße (tlw.),falsch
02609,3,1932-06-13,tag,Robert-Koch-Straße,falsch
02610,1,1909-11-26,tag,Wallotstraße (tlw.),falsch
02610,2,1930-03-20,tag,Robert-Schmidt-Straße,falsch
02611,1,1927-08-09,tag,Robert-Schmohl-Platz,falsch
02613,1,1907-06-06,tag,Velberter Straße (tiw.),falsch
02613,2,1937-11-20,tag,Radberger Straße,falsch
02614,1,1953-03-03,tag,Rodemannskamp,falsch
02615,1,1903-11-27,tag,Marienstraße,falsch
02615,2,1915-07-09,tag,Rodemannstraße,falsch
02616,1,,unbekannt,Osterfeldstraße (tlw.),wahr
02616,2,1904-03-11,tag,Haferfeldstraße,falsch
02616,3,1904-11-18,tag,Krayer Straße,falsch
02616,4,1934-01-12,tag,Rodenseelstraße,falsch
02617,1,1902-06-10,tag,Röckenstraße,falsch
02618,1,1932-10-03,tag,Röhrkestraße,falsch
02619,1,1902-05-16,tag,Römerstraße,falsch
02684,1,1970-02-24,tag,Römlingweg,falsch
02620,1,,unbekannt,Emmanuelplatz,wahr
02620,2,1902-05-16,tag,Röntgenplatz,falsch
02621,1,,unbekannt,Geibelstraße,wahr
02621,2,1902-05-16,tag,Röntgenstraße,falsch
02621,3,1933-08-14,tag,Marschallstraße (tlw,falsch
02621,4,1946-10-09,tag,Röntgenstraße (Umb.),falsch
02623,1,1920-10-01,tag,Rötterhoven,falsch
02624,1,1920-10-01,tag,Rötterhoverbaum,falsch
02625,1,1893-03-24,tag,Wilhelmstraße,falsch
02625,2,1916-02-18,tag,Röttgersbank,falsch
02626,1,1891-04-30,tag,Kornstraße,falsch
02626,2,1915-07-09,tag,Roggenstraße,falsch
02627,1,1872,jahr,Rolandstraße,falsch
00820,1,2006-06-13,tag,Rolf-Dieter-Koch-Weg,falsch
02628,1,1897-01-22,tag,Rollstraße,falsch
03742,1,1950-12-11,tag,Rombeckerweg,falsch
02629,1,1920-10-01,tag,Rombergweg,falsch
02630,1,1898-05-10,tag,Rondell,falsch
02631,1,1907-07-12,tag,Roonstraße,falsch
02632,1,1897-09-06,tag,Rosastraße,falsch
02632,2,1907-02-01,tag,Rosastraße (Verl,falsch
02632,3,1927-08-29,tag,Kirdorfstraße (Umb.),falsch
02632,4,1945-06-18,tag,Rosastraße (Umb.),falsch
02633,1,,unbekannt,Turmstraße,wahr
02633,2,,unbekannt,Stadtgartenstraße,wahr
02633,3,1926-06-01,tag,Am Stadtgarten,falsch
02633,4,1928-02-28,tag,Rosestraße,falsch
02661,1,1976-12-14,tag,Rosiepeweg,falsch
02688,1,1970-06-24,tag,Wolfsbankring (tiw.),falsch
02688,2,1975-12-16,tag,Rossenrayweg,falsch
02634,1,,unbekannt,Roßkothen,wahr
02634,2,1975-04-16,tag,Roßkothenweg,falsch
02635,1,1896-08-14,tag,Roßstaße,falsch
00831,1,2007-11-20,tag,Roswithastraße,falsch
02636,1,,unbekannt,Schleusenstraße,wahr
02636,2,1903-02-04,tag,Rotemühle (tiw.),falsch
02636,3,1934-06-05,tag,Glaserschleuse,falsch
02636,4,1961-12-13,tag,Rotemühle (Umb.),falsch
02638,1,1954-02-23,tag,Rottekamp,falsch
02639,1,1894-05-09,tag,Hauptstraße,falsch
02639,2,1896,vor,Krayer Straße,falsch
02639,3,1924-05-02,tag,Rotthauser Straße,falsch
02687,1,1975-12-16,tag,Rottmannshof,falsch
02640,1,1826,vor,Rottstraße,falsch
02640,2,1935-05-08,tag,Lichtschlagstraße (Umb.),falsch
02640,3,1945-05-15,tag,Rottstraße (Umb.),falsch
02641,1,,unbekannt,Herwartstraße (tiw.),wahr
02641,2,1902-05-16,tag,Rubensstraße,falsch
02686,1,1973-11-20,tag,Rudolf-Heinrich-Straße,falsch
02642,1,1903-05-11,tag,Schulstraße,falsch
02642,2,1920-09-19,tag,Rudolfstraße,falsch
02643,1,1910-09-16,tag,Rübezahlstraße,falsch
02644,1,1906-03-10,tag,Rüdesheimer Platz,falsch
02645,1,1906-03-10,tag,Rüdesheimer Straße,falsch
02682,1,1967-11-29,tag,Rüenkermesweg,falsch
02646,1,,unbekannt,H-Straße,wahr
02646,2,1937-11-20,tag,Rüggenhofer Weg,falsch
02647,1,1906-11-27,tag,Gerhardstraße,falsch
02647,2,1911-02-20,tag,Amalienstraße,falsch
02647,3,1937-11-20,tag,Rüggenkamp,falsch
02648,1,1904-05-27,tag,Rühlestraße,falsch
02649,1,,unbekannt,Rüpingsweg,wahr
02650,1,1955-01-19,tag,Rürupstraße,falsch
02651,1,1904-02-19,tag,Mintropstraße,falsch
02651,2,1935-11-14,tag,Rüscherie,falsch
02652,1,1902-05-15,tag,Rüselstraße,falsch
02653,1,1904-02-04,tag,Hochstraße,falsch
02653,2,1910-09-16,tag,Drosselstraße (tiw.),falsch
02653,3,1934-11-12,tag,Rüstermark,falsch
02654,1,1907-08-06,tag,Rüttelskamp,falsch
02675,1,1962-03-01,tag,Rüttenscheider Stern,falsch
02656,1,,unbekannt,Kettwiger Chaussee (Essen),wahr
02656,2,,unbekannt,Kettwiger Chaussee (Rüttenscheid),wahr
02656,3,1897-09-06,tag,Essener Straße,falsch
02656,4,1906-01-26,tag,Rüttenscheider Straße,falsch
02656,5,1933-07-13,tag,Hermann-Göring-Straße (Umb,falsch
02656,6,1945-06-18,tag,Rüttenscheider Straße (Umb.),falsch
02657,1,1938-10-21,tag,Ruhlandplatz,falsch
02658,1,1903-05-08,tag,Alleestraße,falsch
02658,2,1904-02-04,tag,Ruhrallee,falsch
02658,3,1908-06-05,tag,Ruhrallee (Verl),falsch
02658,4,1909-01-26,tag,Ruhrallee (Verl.),falsch
02659,1,1890-11-18,tag,Ruhrau,falsch
02660,1,1974-09-18,tag,Ruhrbruchshof,falsch
02662,1,1903-03-12,tag,Pettenstraße,falsch
02662,2,1935-11-14,tag,Gemperwiese (tlw.},falsch
02662,3,1951-07-04,tag,Ruhrglasstraße,falsch
02662,4,2010-09-21,tag,Ruhrglasstraße (Verl.),falsch
02663,1,1948-12-14,tag,Ruhrland,falsch
01546,1,2000-05-09,tag,Ruhrlandbogen,falsch
03743,1,1821,vor,Ruhrstraße,falsch
03743,2,1889-10-16,tag,Essener Straße [tiw.),falsch
03743,3,1977-11-29,tag,Ruhrstraße (Verl.),falsch
02665,1,,unbekannt,Ruhrtalstraße,wahr
02665,2,,unbekannt,Werdener Straße,wahr
02665,3,1876-12-04,tag,Bahnhofstraße,falsch
02665,4,1978-03-14,tag,Ruhrtalstraße (Verl.),falsch
01616,1,2002-12-31,tag,Ruhrwinkel,falsch
02666,1,1902-05-16,tag,Rullichstraße,falsch
02667,1,1953-03-03,tag,Rumpstraße,falsch
02668,1,1950-07-05,tag,I. Ruschenfeld,falsch
02669,1,1950-07-05,tag,Il,falsch
02670,1,1950-07-05,tag,Ill. Ruschenfeld,falsch
02671,1,1913-01-16,tag,Ruschenstraße,falsch
02672,1,1909-01-07,tag,Ruthertal,falsch
02672,2,1937-11-20,tag,Ruthertal (Verl.),falsch
02673,1,1957-01-23,tag,Rutherweg,falsch
02674,1,1906-05-25,tag,Ruthstraße,falsch
02710,1,1899,vor,Saal,falsch
02711,1,1960-02-24,tag,Saalestraße,falsch
02712,1,1898-03-11,tag,Saarbrücker Straße,falsch
02712,2,1901-10-10,tag,Hohe Straße,falsch
02712,3,1908-06-05,tag,Saarbrücker Straße (Verl.),falsch
02713,1,1927-12-01,tag,Saarplatz,falsch
02714,1,1927-12-01,tag,Saarstraße,falsch
02715,1,1894-08-07,tag,Saatbruchstraße,falsch
02716,1,1904-02-04,tag,Wilhelminenstraße,falsch
02716,2,1910-09-16,tag,Töpferstraße (tlw.),falsch
02716,3,1964-10-08,tag,Sabinastraße,falsch
02717,1,1905-03-14,tag,Kurzestraße,falsch
02717,2,1919-04-01,tag,Beckmannstraße (tiw.),falsch
02717,3,1919-04-01,tag,Mecklenbecksweg,falsch
02717,4,1919-04-01,tag,Renzelstraße,falsch
02717,5,1927-06-15,tag,Sachsenring,falsch
02717,6,1934-11-12,tag,General-von-Watter-Straße (Umb.),falsch
02717,7,1946-05-22,tag,Sachsenring (Umb.),falsch
02718,1,1891-07-01,tag,Sachsenstraße,falsch
02719,1,1868-01-17,tag,Sälzerstraße,falsch
02719,2,1883,vor,V-Straße,falsch
02719,3,1902-05-16,tag,Sälzerstraße (Verl.),falsch
02720,1,1936-08-05,tag,Sagenberg,falsch
02725,1,1967-05-03,tag,Salierweg,falsch
02722,1,1954-10-18,tag,Salzmarkt,falsch
02723,1,1899,jahr,H-Straße (tiw.),falsch
02723,2,1937-11-20,tag,Sammelband,falsch
02724,1,1939-05-26,tag,ee > Ternir! Salzmarkt Samoastraße,falsch
01541,1,1999-08-03,tag,Sandmannweg,falsch
02726,1,1900-11-13,tag,Sandstraße,falsch
02729,1,1959-09-08,tag,Sarnsbank,falsch
02730,1,,unbekannt,Heisinger Straße,wahr
02730,2,1928-02-27,tag,Sartoriusstraße,falsch
03003,1,1962-11-12,tag,Saturnstraße,falsch
02731,1,1913-12-09,tag,Theodor-Körner-Straße,falsch
02731,2,1937-11-20,tag,Savelshang,falsch
02732,1,,unbekannt,Turmstraße,wahr
02732,2,1902-05-16,tag,Savignystraße,falsch
02733,1,1912,jahr,Jakobstraße,falsch
02733,2,1937-11-20,tag,Schacht Jakob,falsch
02508,1,1986-03-12,tag,Schacht Neu-Cöln,falsch
03023,1,1968-03-20,tag,Schacht-Franz-Straße,falsch
02734,1,1916-02-18,tag,Schacht-Kronprinz-Straße,falsch
02736,1,,unbekannt,Wilhelminenstraße,wahr
02736,2,1902-05-16,tag,Schadowstraße,falsch
02737,1,1887-06-10,tag,Schäferstraße,falsch
02738,1,1938-10-21,tag,Schäpenkamp,falsch
02739,1,,unbekannt,Rahmannsweg,wahr
02739,2,1937-11-20,tag,Schaffelhofer Weg,falsch
02740,1,1950-07-05,tag,Schafskanzel,falsch
02741,1,1892-03-29,tag,HeBlerstraße (tIw.),falsch
02741,2,1973-11-20,tag,Schalker Straße,falsch
02742,1,1903,jahr,Marktstraße,falsch
02742,2,1903,jahr,Schulstraße,falsch
02742,3,1919-10-19,tag,Hagmannstraße,falsch
02742,4,1934-06-05,tag,Schangstraße,falsch
02743,1,1929-07-29,tag,Schaphausstraße,falsch
02744,1,1895-11-15,tag,Scharnhorststraße,falsch
02745,1,1934-11-12,tag,Scharpenhang,falsch
02745,2,1977-09-06,tag,Scharpenhang (Verl.),falsch
02745,3,1978-12-05,tag,Scharpenhang (Verl),falsch
02746,1,1915,vor,Falkestraße,falsch
02746,2,1934-06-05,tag,Scharweg,falsch
02747,1,1910-09-16,tag,Schatzreichstraße,falsch
02748,1,1954-10-18,tag,Schauinsland,falsch
03025,1,1969-03-19,tag,Scheckenstraße,falsch
02749,1,1902-05-16,tag,Schederhofstraße,falsch
02750,1,,unbekannt,Bredde,wahr
02750,2,1937-11-20,tag,Scheebredde,falsch
02751,1,1890-11-18,tag,Chausseestraße (tlw.),falsch
02751,2,1925-11-30,tag,Pennekampstor,falsch
02751,3,1926-06-01,tag,Scheidtmanntor,falsch
02752,1,1907,vor,Friesenstraße,falsch
02752,2,1910-09-16,tag,Scheidtstraße,falsch
02753,1,1896-08-14,tag,Scheinstraße,falsch
02754,1,1903-02-04,tag,Schloßstraße,falsch
02754,2,1915-07-09,tag,Schellenbergstraße,falsch
02806,1,1966-12-14,tag,Schellingweg,falsch
02755,1,1903-02-04,tag,Isenbergstraße,falsch
02755,2,1910-09-16,tag,Schellstraße,falsch
02756,1,1907-01-21,tag,Dammstraße,falsch
02756,2,1915-07-09,tag,Schemannsfeld,falsch
02756,3,1916-02-18,tag,Schemmannsfeld,falsch
02757,1,1922-06-02,tag,Scheppener Weg,falsch
02757,2,1922-06-02,tag,Paulstraße,falsch
02757,3,1937-02-25,tag,Scheppener Weg (Verl),falsch
02758,1,1895-11-28,tag,Burgstraße,falsch
02758,2,1915-07-09,tag,Scheppmannskamp,falsch
02759,1,1921-02-22,tag,Schettershofstraße,falsch
02759,2,1937-11-20,tag,Schetters Busch,falsch
02760,1,1903-11-27,tag,Steinstraße,falsch
02760,2,1915-07-09,tag,1. Schichtstraße,falsch
02761,1,1903-11-27,tag,Theodorstraße,falsch
02761,2,1915-07-09,tag,I. Schichtstraße,falsch
02762,1,1934-06-05,tag,Schiefenberg,falsch
02763,1,1937-11-20,tag,Schienenspur,falsch
02764,1,1896-10-08,tag,Saumstraße,falsch
02764,2,1915-07-09,tag,Schildberg,falsch
02765,1,1896-10-08,tag,Schilfstraße,falsch
03745,1,1930-01-28,tag,Schillerstraße,falsch
02767,1,1938-10-21,tag,Schimmelhofer Ring,falsch
03007,1,1964-05-20,tag,Schimmelsfeld,falsch
02768,1,1909-11-26,tag,Schinkelstraße,falsch
02769,1,,unbekannt,Eibergstraße,wahr
02769,2,1913-08-28,tag,Beckmannstraße,falsch
02769,3,1937-11-20,tag,Schirnbecker Teiche,falsch
02770,1,1896-02-13,tag,Schlackenstraße,falsch
02771,1,1892-03-29,tag,Schlägelstraße,falsch
03746,1,1897-11-04,tag,Schlatterstraße,falsch
02772,1,1929-01-10,tag,Schleifkottenweg,falsch
02773,1,1868-01-17,tag,Schlenhofstraße,falsch
02774,1,1927-08-29,tag,Schlenterstraße,falsch
02775,1,1959-02-02,tag,Schlettweg,falsch
02776,1,1954-02-23,tag,Schleuse,falsch
03035,1,1894-08-29,tag,Kerckhoffstraße {tlw.),falsch
03035,2,1929-07-24,tag,Leisers Feld (tlw.),falsch
03035,3,1973-06-13,tag,Schliemannstraße,falsch
02777,1,,unbekannt,Am Heidberg,wahr
02777,2,1908-01-03,tag,Schliepersberg,falsch
02735,1,1974-12-11,tag,Schliepershang,falsch
02778,1,1929-01-10,tag,Schliepmühle,falsch
02779,1,1915-05-10,tag,Schlingmannsweg,falsch
02780,1,1956-02-23,tag,Schloßaue,falsch
02782,1,1936-08-05,tag,Schloßgarten,falsch
02783,1,1891-04-30,tag,Schloßstraße,falsch
02783,2,1891-04-30,tag,Oberstraße,falsch
02783,3,1915-07-09,tag,Schloßstraße (Verl),falsch
02784,1,1936-08-05,tag,Schloßwiese,falsch
02785,1,1896-08-14,tag,Schluchtstraße,falsch
03030,1,1955-10-17,tag,Schlütersbusch,falsch
02786,1,1910-09-16,tag,Schlüterstraße,falsch
02787,1,1952-07-31,tag,Schlusenkamp,falsch
03747,1,1904,vor,Schmachtenbergstraße,falsch
03747,2,1934,jahr,Hindenburgstraße {Umb.),falsch
03747,3,1946-04-04,tag,Schmachtenberstraße (Umb),falsch
03747,4,1950-10-03,tag,Schmachtenbergstraße (Verl),falsch
02788,1,1895-11-28,tag,Kurze Straße,falsch
02788,2,1915-07-09,tag,Schmale Straße,falsch
03266,1,1983-02-08,tag,Schmelze,falsch
02790,1,1899-02-10,tag,Franzstraße,falsch
02790,2,1915-07-09,tag,Schmemannstraße,falsch
02791,1,1900-05-04,tag,Schmettaustraße,falsch
03008,1,1965-02-17,tag,Schmetterlingweg,falsch
03028,1,1969-06-12,tag,Schmetzweg,falsch
02792,1,1957-07-15,tag,Schmiedekottenweg,falsch
02793,1,1868-01-17,tag,Schmiedestraße,falsch
03009,1,1962-09-27,tag,Schmielfeld,falsch
02794,1,,unbekannt,Kirchstraße,wahr
02794,2,1902-05-16,tag,Schmitzstraße,falsch
03026,1,1969-04-15,tag,Schnabelstraße,falsch
02795,1,1903-10-29,tag,Roonstraße,falsch
02795,2,1937-11-20,tag,Schniedtkamp,falsch
02841,1,1961-12-13,tag,Schnieringshof,falsch
02796,1,,unbekannt,Weißenburger Straße,wahr
02796,2,1915-07-09,tag,1. Schnieringstraße,falsch
02796,3,1957-12-12,tag,I. Schnieringstraße (Verl.),falsch
02797,1,,unbekannt,Straßburger Straße,wahr
02797,2,1915-07-09,tag,Il,falsch
02798,1,1896-08-14,tag,Schnittstraße,falsch
02798,2,1915-07-09,tag,Schnitterweg,falsch
02799,1,,unbekannt,Laurentiusstraße,wahr
02799,2,1902-12-17,tag,Schnorrstraße,falsch
02800,1,,unbekannt,Ottostraße,wahr
02800,2,1927-06-15,tag,Schnütgenstraße,falsch
02801,1,1897-01-22,tag,Schnurstraße,falsch
02802,1,1909-11-26,tag,Schnutenhausstraße,falsch
02803,1,1903-03-12,tag,Saarbrücker Straße,falsch
02803,2,1930-05-31,tag,1. Schockenhecke,falsch
02804,1,1903-03-12,tag,Saarbrücker Straße,falsch
02804,2,1930-05-31,tag,1. Schockenhecke,falsch
02805,1,,unbekannt,Albertinenstraße,wahr
02805,2,1896-10-08,tag,Altendorfer Straße,falsch
02805,3,1902-05-16,tag,Schölerpad,falsch
02805,4,1915-07-09,tag,Schölerpad (Verl.),falsch
02807,1,,unbekannt,Schöllerskampstraße,wahr
02807,2,,unbekannt,Hochstraße (tlw.),wahr
02807,3,1929-07-12,tag,Schöllerskampstraße (Verl),falsch
02808,1,,unbekannt,Rullichstraße,wahr
02808,2,1902-05-16,tag,Schönaichstraße,falsch
02972,1,1966-12-12,tag,Margarethenweg,falsch
02972,2,1966-12-12,tag,Ursulaweg,falsch
02972,3,1970-12-11,tag,Schöne Aussicht,falsch
02809,1,1896-10-08,tag,Kronprinzenstraße,falsch
02809,2,1915-07-09,tag,Schönebecker Straße,falsch
02810,1,1914-10-09,tag,Schöngelegen,falsch
02811,1,1908-05-01,tag,Schönleinstraße,falsch
02812,1,1958-07-02,tag,Schönscheidts Hof,falsch
02813,1,,unbekannt,Äbtissinstraße,wahr
02813,2,,unbekannt,Moltkestraße,wahr
02813,3,,unbekannt,Am Knottenberg (tlw.),wahr
02813,4,1929-07-12,tag,Am Knottenberg,falsch
02813,5,1929-07-12,tag,Schönscheidtstraße,falsch
02813,6,1937-11-20,tag,Schönscheidtstraße (Verl.),falsch
03033,1,1972-01-12,tag,Schollbraukring,falsch
02814,1,1956-07-03,tag,Schollenbroich,falsch
02815,1,,unbekannt,Neue Rolandstraße,wahr
02815,2,1902-05-16,tag,Schongauerstraße,falsch
02816,1,1899-06-26,tag,Altenhofstraße,falsch
02816,2,1904,vor,Kirchstraße,falsch
02816,3,1937-11-20,tag,Schonnebeckhöfe,falsch
02817,1,1896-02-13,tag,Bernestraße,falsch
02817,2,1915-07-09,tag,Schonnefeldstraße,falsch
02872,1,1966-12-14,tag,Schopenhauerweg,falsch
02818,1,1911-04-21,tag,Schornstraße,falsch
02820,1,1899,jahr,G-Straße,falsch
02820,2,1937-11-20,tag,Schrägbauweg,falsch
02822,1,1935-06-03,tag,Schreibzeile,falsch
02823,1,1935-06-03,tag,Schroertal,falsch
02824,1,1904-05-27,tag,Schubertstraße,falsch
02825,1,1904-02-19,tag,Bergmannstraße,falsch
02825,2,1937-11-20,tag,Schürenbergstraße,falsch
03001,1,1962-03-01,tag,Schürenfeld,falsch
02826,1,1939-05-26,tag,Schürfacker,falsch
02827,1,1903-02-04,tag,Ringofenstraße,falsch
02827,2,1910-09-16,tag,Schürmannstraße,falsch
02828,1,,unbekannt,Düppelstraße,wahr
02828,2,1937-11-20,tag,Schützdellerweg,falsch
02829,1,,unbekannt,Beginenkamp,wahr
02829,2,1860,jahr,Schützenbahn,falsch
02830,1,1955-11-02,tag,Schützkamp,falsch
02831,1,,unbekannt,Mülheimer Weg,wahr
02831,2,1933-05-08,tag,Schuirweg,falsch
02833,1,1959-02-18,tag,Schulkirchweg,falsch
03748,1,1872,vor,Schulstraße,falsch
03748,2,1939-03-14,tag,Langemarckstraße (Umb,falsch
03748,3,1946-04-04,tag,Schulstraße (Umb.),falsch
02835,1,,unbekannt,Schultenkamp,wahr
02836,1,1919-05-28,tag,Schultenweg,falsch
02837,1,1897-11-29,tag,Siepenstraße (tlw.),falsch
02837,2,1957-01-23,tag,Schulte-Pelkum- Straße,falsch
02838,1,1897-11-29,tag,Schulzstraße,falsch
03630,1,1937-09-26,tag,Mackensenstraße,falsch
03630,2,1946-04-04,tag,Beethovenstraße,falsch
03630,3,1977-11-29,tag,Schumannstraße,falsch
02839,1,1896-02-13,tag,Schurenstraße,falsch
02840,1,1902-05-16,tag,Schwaigerstraße,falsch
02842,1,1897-11-29,tag,Frillendorfer Straße,falsch
02842,2,1908-06-05,tag,Schwanenbuschstraße,falsch
02843,1,1868,jahr,Schwanenkampstraße,falsch
02844,1,1892-03-29,tag,Kirchberg (tiw.),falsch
02844,2,1928-10-30,tag,Am alten Friedhof,falsch
02844,3,1937-11-20,tag,Schwanhildenhöhe,falsch
02845,1,1899-10-04,tag,Schwanhildenstraße,falsch
02846,1,1921-09-26,tag,Schwarzbachstraße,falsch
02847,1,1826,vor,Schwarze Horn,falsch
02847,2,1860,jahr,|,falsch
02847,3,1915-07-09,tag,II. Hagen (tlw,falsch
02847,4,1957-12-12,tag,Schwarze Horn (Verl.),falsch
02849,1,1826,vor,Schwarze Meer,falsch
02850,1,1896-02-13,tag,Schwarze Straße,falsch
02848,1,1903,jahr,Schwarze-Lenen- Straße,falsch
02848,2,1959-02-18,tag,Schwarze-Lenen-Weg,falsch
03029,1,1911-06-16,tag,In den Höfen (tiw.),falsch
03029,2,1968-09-12,tag,Im Bungert ftiw.),falsch
03029,3,1972-05-17,tag,Schwarzensteinweg,falsch
03029,4,1973-06-13,tag,Schwarzensteinweg (Verl.),falsch
02851,1,,unbekannt,Hofstraße,wahr
02851,2,1937-11-20,tag,Schwelmhöfe,falsch
02852,1,,unbekannt,Mühlenstraße,wahr
02852,2,1902-05-16,tag,Am Mühlenbach (tiv),falsch
02852,3,1930-05-31,tag,Potthälterpad,falsch
02852,4,1936-08-05,tag,Schweriner Straße,falsch
02852,5,1966-07-20,tag,Schweriner Straße (Verl),falsch
02853,1,1901-01-30,tag,Kirchstraße,falsch
02853,2,1934-06-05,tag,Schwermannstraße,falsch
02854,1,1901-03-01,tag,Sedanstraße,falsch
02855,1,1907-01-21,tag,Seestraße,falsch
02856,1,1866-07-06,tag,Segerothstraße,falsch
02856,2,1939-06-17,tag,Heinrich-Unger-Straße (Umb)),falsch
02856,3,1945-05-15,tag,Segerothstraße (Umb.),falsch
02857,1,1909-11-20,tag,Seibertzstraße,falsch
02858,1,1914-10-09,tag,SeidIstraße,falsch
02859,1,1959-09-08,tag,Seippelweg,falsch
03005,1,1961-12-13,tag,Selbachstraße,falsch
02860,1,1922-06-02,tag,Sellscheidt,falsch
02861,1,1887-06-10,tag,Selmastraße,falsch
02862,1,1897-11-29,tag,Friedhofstraße,falsch
02862,2,1916-02-18,tag,Seminarstraße,falsch
02863,1,1909-11-26,tag,Semperstraße,falsch
03749,1,1950-12-11,tag,Sengelmannsweg,falsch
03749,2,1970-10-06,tag,Sengel-mannsweg (Verl.),falsch
03750,1,1936,jahr,Sengenholzer Weg,falsch
02864,1,,unbekannt,Jahnstraße,wahr
02864,2,1902-05-16,tag,Serlostraße,falsch
02866,1,1868-01-17,tag,Sessenbergstraße,falsch
02867,1,1892-03-29,tag,Altenessener Straße,falsch
02867,2,1896-02-13,tag,Stoppenberger Straße,falsch
02867,3,1915-07-09,tag,Seumannstraße,falsch
02867,4,1933-05-08,tag,Seumannstraße (Verl.),falsch
02868,1,,unbekannt,Kampstraße (tiw.),wahr
02868,2,1915-07-09,tag,Sevenarstraße,falsch
02869,1,1894-05-18,tag,Severinstraße,falsch
02870,1,1902,vor,Bergstraße,falsch
02870,2,1926-05-19,tag,Wattenscheider Straße,falsch
02870,3,1937-11-20,tag,Sevinghauser Weg,falsch
02871,1,1897-09-06,tag,Sibyllastraße,falsch
00718,1,1974-12-11,tag,Siebrechtweg,falsch
00718,2,2006-01-31,tag,Siebrechtweg,falsch
02875,1,1921,jahr,Siegfriedstraße,falsch
02876,1,1921,jahr,Sieglindenstraße,falsch
02066,1,1904-02-04,tag,Papestraße,falsch
02066,2,1910-09-16,tag,Mainstraße,falsch
02066,3,1977-02-24,tag,Siegstraße,falsch
02878,1,,unbekannt,Johannisstraße,wahr
02878,2,1902-05-16,tag,Siemensstraße,falsch
02879,1,1937-02-25,tag,Thingstraße (tiw.),falsch
02879,2,1956-04-09,tag,Siepenblick,falsch
02880,1,1897-11-29,tag,Siepenstraße,falsch
02880,2,1897-11-29,tag,Lanterstraße,falsch
02880,3,1903-05-08,tag,Siepenstraße (Verl.),falsch
02881,1,1936-08-05,tag,Siepmanns Kamp,falsch
02882,1,1903-03-12,tag,Leonorenstraße,falsch
02882,2,1937-11-20,tag,Sigambrerweg,falsch
02874,1,1951-12-05,tag,Il,falsch
02874,2,1966-07-20,tag,Sigsfeldstraße,falsch
02883,1,1910-09-16,tag,Silberbankstraße,falsch
02884,1,1889-07-05,tag,Silberstraße,falsch
02885,1,1957-07-15,tag,Simonaue,falsch
02886,1,1911-04-21,tag,Simsonstraße,falsch
02886,2,1938-09-26,tag,Gustloffstraße (Umb.),falsch
02886,3,1945-06-18,tag,Simsonstraße (Umb.),falsch
02887,1,1950-07-05,tag,Singscheider Höhe,falsch
02889,1,1950-07-05,tag,Singscheider Weg,falsch
02890,1,1887-06-10,tag,Nikolausstraße,falsch
02890,2,1933-06-17,tag,Skagerrakstraße,falsch
02892,1,1874-01-30,tag,Wilhelmstraße,falsch
02892,2,1874-01-30,tag,Am Hospital,falsch
02892,3,1895-11-15,tag,Söllingstraße,falsch
02892,4,1915-07-09,tag,Söllingstraße (Verl.),falsch
03024,1,1933-11-27,tag,Einbleckstraße,falsch
03024,2,1969-01-15,tag,Söllockweg,falsch
02893,1,1897-06-22,tag,Bahnhofstraße,falsch
02893,2,1937-11-20,tag,Soester Straße,falsch
02894,1,1937-11-20,tag,Sollwiesenbusch,falsch
02895,1,1911-04-21,tag,Sommerburgstraße,falsch
03752,1,1937,jahr,Sommersberg,falsch
02896,1,,unbekannt,Kirchstraße (tlw.),wahr
02896,2,1936-01-15,tag,Sonderfeld,falsch
02909,1,1965-01-21,tag,Sonderwerkstraße,falsch
03036,1,1975-12-16,tag,Soniusweg,falsch
02897,1,1914-10-09,tag,Sonnenblick,falsch
02898,1,1914-05-10,tag,Sonnenscheinsweg,falsch
02899,1,1912,jahr,Sonnenstraße,falsch
01609,1,2001-11-06,tag,Sonnenweg,falsch
02900,1,1897-09-06,tag,Sophienstraße,falsch
02901,1,1903-03-12,tag,Robertstraße,falsch
02901,2,1937-11-20,tag,Spakenbroich,falsch
02902,1,1903-03-12,tag,Spichernstraße,falsch
02902,2,1934-06-05,tag,Spanierwehr,falsch
00955,1,1966-12-12,tag,Finkenweg,falsch
00955,2,1978-09-05,tag,Spechtweg,falsch
02904,1,1904-02-04,tag,Wiesenstraße,falsch
02904,2,1910-09-16,tag,Sperberstraße,falsch
03002,1,1965-01-21,tag,Spieckermannstraße,falsch
02907,1,1953-03-03,tag,Spiekbank,falsch
03011,1,1962-11-12,tag,Spiekeroogweg,falsch
03012,1,1963-02-20,tag,Spielkampshof,falsch
02908,1,1914-05-10,tag,Spielkampsweg,falsch
02910,1,1897-11-29,tag,Koppstraße,falsch
02910,2,1904-02-04,tag,Spillenburger Weg,falsch
02910,3,1908-06-05,tag,Spillenburgstraße,falsch
02910,4,1910-09-19,tag,Spillenburgstraße (Verl.),falsch
02911,1,1959-09-08,tag,Spillheide,falsch
02912,1,1934-06-05,tag,Spindelgang,falsch
02912,2,1971-09-22,tag,Spindelgang (Verl.),falsch
03027,1,1969-04-15,tag,Spindelmannstraße,falsch
03013,1,1966-12-14,tag,Spinozastraße,falsch
02913,1,1909-11-26,tag,Spittlerstraße,falsch
02914,1,1970-01-21,tag,Schlackenring,falsch
02914,2,1972-01-12,tag,Sponheuerstraße,falsch
02915,1,1956-07-03,tag,Spreestraße,falsch
03753,1,1950-12-11,tag,Berchemer Weg,falsch
03753,2,1951-03-30,tag,Springberg,falsch
03004,1,1961-12-13,tag,Springhoffsfeld,falsch
02916,1,1912,vor,Hirschstraße,falsch
02916,2,1936-01-15,tag,Springloh,falsch
02917,1,1910-12-20,tag,Springmannstraße,falsch
02917,2,1910-12-20,tag,Beuststraße,falsch
02917,3,1937-11-20,tag,Springmannstraße (Verl.),falsch
02918,1,1903-11-27,tag,Spritzenstraße,falsch
02727,1,1904-02-04,tag,Kapellenstraße,falsch
02727,2,1910-09-16,tag,Walpurgisstraße (tiw.),falsch
02727,3,1926-09-18,tag,St. Annental,falsch
02728,1,1921,jahr,Nelkenstraße,falsch
02728,2,1935-11-14,tag,St.-Ingbert-Höhe,falsch
02728,3,1953-03-03,tag,St.-Ingbert-Höhe (Verl.),falsch
02919,1,1896-02-13,tag,Schulstraße,falsch
02919,2,1915-07-09,tag,Stadtfeld,falsch
02921,1,1957-07-15,tag,Stadtwaldplatz,falsch
02922,1,1933-08-14,tag,Stadtwaldwende,falsch
02923,1,1912,vor,Schloßstraße,falsch
02923,2,1912,vor,Staelsfelder Straße,falsch
02923,3,1934-06-05,tag,Staelsfeld,falsch
02924,1,,unbekannt,Heilige-Geist-Straße,wahr
02924,2,1903-06-29,tag,Kurzestraße,falsch
02924,3,1928-02-27,tag,Stahlstraße,falsch
02924,4,1961-12-13,tag,Stahlstraße (Verl),falsch
02925,1,1930-05-31,tag,Stakenholt,falsch
02926,1,1903-11-27,tag,Moltkestraße,falsch
02926,2,1908,jahr,Parkstraße,falsch
02926,3,1911-12-07,tag,Stankeitstraße,falsch
02926,4,1915-07-09,tag,Stankeitstraße (Verl.),falsch
02927,1,1953-10-13,tag,Stapenhorststraße,falsch
02928,1,1963-12-17,tag,Stattropstraße,falsch
03014,1,1875,vor,Bruckmannstraße,falsch
03014,2,1967-11-29,tag,Stauderstraße,falsch
02929,1,1915,vor,Ringstraße,falsch
02929,2,1937-11-20,tag,Stauseebogen,falsch
02930,1,1896-10-08,tag,Steegstraße,falsch
00338,1,1889-10-16,tag,Bergstraße,falsch
00338,2,1977-03-08,tag,Steeler Bergstraße,falsch
02932,1,1894-05-09,tag,Ottilienstraße,falsch
02932,2,1929-07-12,tag,Steeler Pfad,falsch
02933,1,1936-01-15,tag,Steeler Platz,falsch
02934,1,,unbekannt,Steeler Chaussee,wahr
02934,2,1908-06-05,tag,Steeler Straße,falsch
02934,3,1909-03-26,tag,Essener Straße,falsch
02934,4,1936-01-15,tag,Steeler Straße (Verl.),falsch
02935,1,1903-11-27,tag,Hedwigstraße,falsch
02935,2,1915-07-09,tag,Steigerstraße,falsch
02937,1,1911-04-21,tag,Steile Straße,falsch
02936,1,1953-03-03,tag,Steiler Garten,falsch
02938,1,1898-05-10,tag,Steinbeck,falsch
02938,2,1915-07-06,tag,Steinbeck (Verl.),falsch
02939,1,1951-07-04,tag,Steinberg,falsch
02940,1,1915-07-09,tag,Wolfsbankstraße (tiw.),falsch
02940,2,1955-09-21,tag,Steinbrink,falsch
02941,1,1954-02-23,tag,Steinerweg,falsch
03032,1,1970-12-16,tag,Steingatt,falsch
02942,1,1910-12-20,tag,Steingröverstraße,falsch
02943,1,1907,jahr,Wisthoffstraße,falsch
02943,2,1907-10-28,tag,Steinhagen,falsch
02944,1,1909-11-26,tag,Steinhausenstraße,falsch
02945,1,1951-12-05,tag,Zornige Ameise,falsch
02945,2,1954-10-18,tag,Steinkuhle,falsch
02946,1,1953-10-13,tag,Steinland,falsch
02947,1,1930-05-31,tag,Steinmannshofstraße,falsch
02948,1,1894-05-18,tag,Steinmetzstraße,falsch
03006,1,1962-04-25,tag,Steinpfad,falsch
03285,1,1894-05-18,tag,Steinplatz,falsch
03285,2,1965-02-02,tag,Steinplatz (Aufgeh.),falsch
03285,3,1987-10-27,tag,Steinplatz (Neuben.),falsch
02950,1,1950-07-05,tag,Steins Feld,falsch
02951,1,1868-01-17,tag,Steinstraße,falsch
03754,1,1821,vor,Steinweg,falsch
02952,1,1910,vor,Stemmeringstraße,falsch
02952,2,1933-11-27,tag,Stemmering,falsch
03015,1,1915-07-09,tag,Hagedornstraße (tiw.),falsch
03015,2,1966-06-13,tag,Stienkamps Busch,falsch
03015,3,1966-12-14,tag,Stenkamps Busch,falsch
03016,1,1896-10-18,tag,Moosstraße (tiw.),falsch
03016,2,1966-06-13,tag,Stensbeckhof,falsch
02953,1,1911-04-21,tag,Stensstraße,falsch
02954,1,,unbekannt,Herbertstraße,wahr
02954,2,1902-05-06,tag,Stenzelstraße,falsch
01613,1,2002-05-07,tag,Stephan- Tembories-Ring,falsch
02955,1,1906-03-10,tag,Stephensonstraße,falsch
02956,1,1902-05-16,tag,Dellwiger Straße,falsch
02956,2,1915-07-09,tag,Sterkrader Straße,falsch
02957,1,1968-12-30,tag,Sternstraße,falsch
01610,1,2002-09-10,tag,Sterntalerweg,falsch
03017,1,1961-02-22,tag,Stettiner Straße,falsch
02958,1,1895-11-15,tag,Friedenstraße,falsch
02958,2,1931-02-12,tag,Steubenstraße,falsch
02959,1,1937-11-20,tag,Stevens Kamp,falsch
02960,1,1953-03-03,tag,1. Stiege,falsch
02961,1,1953-03-03,tag,II. Stiege,falsch
02962,1,1953-03-03,tag,IH,falsch
02963,1,1937-02-25,tag,Stiftbusch,falsch
02964,1,1904-02-04,tag,Klosterstraße,falsch
02964,2,1910-09-16,tag,Geierstraße,falsch
02964,3,1937-02-25,tag,Stiftmühlenbrink,falsch
02965,1,1904-02-04,tag,Kaiserplatz,falsch
02965,2,1910-09-16,tag,Stiftplatz,falsch
02966,1,1907-07-12,tag,Bismarckstraße,falsch
02966,2,1937-11-20,tag,Stiftsdamenwald,falsch
02967,1,1904-02-04,tag,Stiftstraße,falsch
01098,1,1913-05-30,tag,Grüner Weg,falsch
01098,2,1978-06-27,tag,Stiller Weg,falsch
02968,1,1900,jahr,Stinnesstraße,falsch
02969,1,1907-09-27,tag,Stobbestraße,falsch
03022,1,1968-11-21,tag,Stockkampweg,falsch
02970,1,1907-08-06,tag,Stocksiepenstraße,falsch
02970,2,1915-07-09,tag,Stocksiepen,falsch
03010,1,1963-09-04,tag,Stöckmannweg,falsch
03018,1,1966-06-15,tag,Stoetzelweg,falsch
02971,1,1895-11-28,tag,Augustastraße,falsch
02971,2,1915-07-09,tag,Stolbergstraße,falsch
03019,1,1965-06-03,tag,Stolzingweg,falsch
02973,1,1892-03-29,tag,Rathausplatz,falsch
02973,2,1935-11-14,tag,Stoppenberger Platz,falsch
02974,1,1860,jahr,Stoppenberger Straße,falsch
02974,2,1900-05-04,tag,Lützowstraße (tiw,falsch
02974,3,1933,jahr,Karpinskistraße (Umb.),falsch
02974,4,1937,vor,Provinzialstraße (tlw.Umb.),falsch
02974,5,1945-05-15,tag,Stoppenberger Straße (Umb.),falsch
02974,6,1940-01-12,tag,Provinzialstraße,falsch
02974,7,1964-05-20,tag,Stoppenberger Straße (Verl.),falsch
02975,1,1953-03-03,tag,Stornefranzstraße,falsch
00709,1,2004-11-09,tag,Storpplatz,falsch
02976,1,1905-06-16,tag,Eintrachtstraße (tlw.),falsch
02976,2,1929-07-06,tag,Storpstraße,falsch
02976,3,1976-05-19,tag,Storpstraße (Verl.),falsch
02977,1,1899,vor,Stotznocken,falsch
03677,1,1897-11-04,tag,Hermannstraße,falsch
03677,2,1977-11-29,tag,Strängerstraße,falsch
01602,1,2001-05-08,tag,Straßburger Straße,falsch
02978,1,1933-05-08,tag,Stratmanns Hang,falsch
02979,1,1895-11-28,tag,Streckweg,falsch
02980,1,1903-11-27,tag,Wiesenstraße,falsch
02980,2,1915-07-09,tag,Strickerstraße,falsch
02981,1,1894,jahr,Altenhof,falsch
02981,2,1910-09-16,tag,Altenhof II (tlw.),falsch
02981,3,1935-10-14,tag,Strouxpfad,falsch
02983,1,1903-11-27,tag,Bergstraße,falsch
02983,2,1915-07-09,tag,Strünksweg,falsch
02984,1,,unbekannt,Mittelstraße,wahr
02984,2,1937-11-20,tag,Stubbenkamp,falsch
02985,1,1934-06-05,tag,Stubertal,falsch
02985,2,1972-09-20,tag,Stubertal (Verl.),falsch
02986,1,1922-06-02,tag,Kotthausstraße,falsch
02986,2,1935-11-14,tag,Stüfken,falsch
02987,1,1951-12-05,tag,Stüpertweg,falsch
02988,1,1907-07-05,tag,Stüvestraße,falsch
02989,1,1891-04-30,tag,Sandstraße,falsch
02989,2,1915-07-09,tag,Sturmshof,falsch
02990,1,,unbekannt,Winkhauser Straße,wahr
02990,2,1902-05-16,tag,Fulerumer Straße,falsch
02990,3,1915-07-09,tag,Styrumer Straße,falsch
02990,4,1920-10-01,tag,Mendener Straße (Umb.),falsch
02990,5,1977-02-25,tag,Styrumer Straße (Verl.),falsch
02991,1,,unbekannt,Friedenstraße,wahr
02991,2,1902-05-16,tag,Suarezstraße,falsch
02992,1,1894-05-18,tag,Süderichstraße,falsch
02992,2,1900-05-04,tag,Süderichstraße (Verl.),falsch
02993,1,1939-05-26,tag,Südseestraße,falsch
02994,1,1897-09-06,tag,Berthastraße,falsch
02994,2,1906-01-26,tag,Brunhildenstraße,falsch
02994,3,1937-02-25,tag,Süthers Garten,falsch
03034,1,1973-02-21,tag,Suitbertstraße,falsch
02995,1,1891-04-30,tag,Schulstraße,falsch
02995,2,1935-11-14,tag,Sulterkamp,falsch
02995,3,1970-02-24,tag,Sulterkamp (Verl.),falsch
02996,1,1901-02-21,tag,Heinrichstraße,falsch
02996,2,1903-05-11,tag,Lahnbeckestraße (tiw.),falsch
02996,3,1920-09-19,tag,Georgstraße,falsch
02996,4,1935-11-14,tag,Sulzbachtal,falsch
02996,5,1976-12-14,tag,Sulzbachtal (Verl.),falsch
03020,1,1961-02-22,tag,Sunderlandstraße,falsch
02997,1,1903-02-04,tag,Riesweg {tlw.),falsch
02997,2,1929-07-06,tag,Sunderholz,falsch
02997,3,1931-12-11,tag,Sunderholz (Verl.),falsch
02998,1,1902-05-16,tag,Sursstraße,falsch
02999,1,1909-11-26,tag,Susannastraße,falsch
03000,1,,unbekannt,Blumenthalstraße,wahr
03000,2,1902-05-16,tag,Sybelstraße,falsch
03021,1,1897-09-06,tag,Rosastraße (tiw.),falsch
03021,2,1962-09-27,tag,Sylviastraße,falsch
03041,1,1907-08-06,tag,Langenbachstraße,falsch
03041,2,1915-07-09,tag,Talbogen,falsch
03042,1,1959-12-03,tag,Talstraße,falsch
03112,1,1909-03-26,tag,Frillendorfer Straße (tlw.),falsch
03112,2,1926-06-01,tag,Am Stadtgarten,falsch
03112,3,1971-09-22,tag,Tamperestraße,falsch
03043,1,1939-05-26,tag,Tangabucht,falsch
03044,1,1899,vor,Tannenberg,falsch
03045,1,1946-05-22,tag,Tannscheidtweg,falsch
03046,1,1966-12-12,tag,Taubenstraße,falsch
03047,1,1956-07-03,tag,Taunusbogen,falsch
03048,1,1896-08-14,tag,Rahmstraße,falsch
03048,2,1915-07-09,tag,Rahmannstraße (tIw.),falsch
03048,3,1956-07-03,tag,Tauweg,falsch
03049,1,1868-01-17,tag,Teichstraße,falsch
03050,1,1896-02-13,tag,Lazarettstraße,falsch
03050,2,1915-07-09,tag,Teilungsweg,falsch
03051,1,1907-01-21,tag,Teisselstraße,falsch
03051,2,1915-07-09,tag,Teisselsberg,falsch
03052,1,1921-10-18,tag,Teisselstraße,falsch
03052,2,1963-09-04,tag,Teisselstraße (Verl),falsch
03053,1,1897-06-22,tag,Kappertstraße,falsch
03053,2,1937-11-20,tag,Tempelhof,falsch
01131,1,1996-10-29,tag,Tenderweg,falsch
03114,1,1975-12-16,tag,Ten- Hövel-Weg,falsch
03054,1,1908,jahr,Terbeckstraße,falsch
03055,1,1892,vor,Bruchstraße,falsch
03055,2,1937-11-20,tag,Termeerhöfe,falsch
03056,1,,unbekannt,Reichsstraße,wahr
03056,2,1938-10-21,tag,Termiedenhof,falsch
03057,1,1934-11-12,tag,Tersteegenweg,falsch
03105,1,1960-06-08,tag,I. Terwestenweg,falsch
03106,1,1960-06-08,tag,Il,falsch
03107,1,1960-06-08,tag,IN,falsch
03058,1,1899,jahr,D-Straße,falsch
03058,2,1937-11-20,tag,Teutoburger Weg,falsch
01142,1,1998-02-03,tag,Thea- Leymann-Straße,falsch
03059,1,1903-09-25,tag,Theaterplatz,falsch
03060,1,1897-09-06,tag,Sofienstraße (tlw.),falsch
03060,2,1903-12-14,tag,Theklastraße,falsch
03061,1,1911-12-16,tag,Theobaldstraße,falsch
03108,1,1907-08-06,tag,Adelskamp,falsch
03108,2,1915-07-09,tag,Beckmannsbusch (tw),falsch
03108,3,1967-11-29,tag,Theodor-Althoff-Straße,falsch
03757,1,1968-10-17,tag,Theodor- Fontane-Weg,falsch
03109,1,1891-04-30,tag,Wilhelmstraße,falsch
03109,2,1915-07-09,tag,Borbecker Straße (tlw.),falsch
03109,3,1947-01-15,tag,Hartzstraße,falsch
03109,4,1965-02-06,tag,Theodor-Hartz-Straße,falsch
00583,1,1982-02-17,tag,Theodor-Heuss-Brücke,falsch
03110,1,1901-05-04,tag,Schulstraße,falsch
03110,2,1937-11-20,tag,Schulhof,falsch
03110,3,1970-12-16,tag,Theodor-Pyls-Straße,falsch
03062,1,1889-11-29,tag,Theodorstraße,falsch
03064,1,1960-02-24,tag,Therbeckenring,falsch
03063,1,1897-09-06,tag,Theresenstraße,falsch
03065,1,1914-10-09,tag,Thielenplatz,falsch
03758,1,1930-01-28,tag,Thiemannstraße,falsch
03758,2,1950-12-11,tag,Thiemannstraße (Verl.),falsch
03066,1,1920-10-01,tag,Thiesbürgerweg,falsch
03067,1,1896-02-13,tag,Schützenstraße,falsch
03067,2,1915-07-09,tag,Thiesstraße,falsch
03068,1,1937-02-25,tag,Thingstraße,falsch
01547,1,2000-05-09,tag,Tholshof,falsch
03069,1,1902-05-16,tag,Tholstraße,falsch
03070,1,1920-10-06,tag,Am Goetheplatz (tlw.),falsch
03070,2,1937-11-20,tag,Thusneldaplatz (tiw.),falsch
03070,3,1937-11-20,tag,Thusneldaplatz,falsch
03071,1,1920-10-06,tag,Am Goetheplatz (tiw.),falsch
03071,2,1920-10-06,tag,Schillerallee,falsch
03071,3,1920-10-06,tag,Kantstraße,falsch
03071,4,1937-11-20,tag,Thusneldastraße,falsch
00827,1,2008-01-29,tag,ThyssenKrupp Allee,falsch
03072,1,1896-02-13,tag,Feldstraße,falsch
03072,2,1915-07-09,tag,Tiefbaustraße,falsch
03073,1,1896-02-03,tag,Tiefenbruchstraße,falsch
03074,1,1913-05-30,tag,Tiefer Weg,falsch
03075,1,1887-06-10,tag,Großenbruchstraße,falsch
03075,2,1915-07-09,tag,Tiegelstraße,falsch
03076,1,1903-05-11,tag,Elsterbuschstraße (tlw.),falsch
03076,2,1935-11-14,tag,Tiemannleite,falsch
03077,1,,unbekannt,Florastraße,wahr
03077,2,1937-11-20,tag,Tiergarten,falsch
03078,1,1903-03-12,tag,Timpestraße,falsch
03080,1,1897-11-29,tag,Töpferstraße,falsch
03080,2,1903-02-04,tag,Wilhelminenstraße,falsch
03080,3,1910-09-16,tag,Töpferstraße (Verl),falsch
03082,1,1914-05-10,tag,Tommesweg,falsch
03083,1,1896-10-08,tag,Tonstraße,falsch
03084,1,1919-05-28,tag,Rademachers Weg,falsch
03084,2,1935-06-03,tag,Tossens Büschken,falsch
03084,3,1963-12-17,tag,Tossens Büschken (Verl.),falsch
03085,1,1934-06-05,tag,Towersack,falsch
03085,2,1966-12-24,tag,Towersgarten,falsch
03086,1,1931-02-10,tag,Tränke,falsch
03087,1,1903-02-04,tag,Trappenbergstraße,falsch
03088,1,1911-04-21,tag,Rosenweg,falsch
03088,2,1937-11-20,tag,Trautes Heim,falsch
03089,1,1838,jahr,Treibweg,falsch
03091,1,1826,vor,Trentelgasse,falsch
02051,1,2015-03-18,tag,Treidiplatz,falsch
03092,1,1898,vor,Waisenstraße,falsch
03092,2,1902-05-16,tag,Trierer Straße,falsch
03093,1,1896-08-14,tag,Triftstraße,falsch
03093,2,1933-05-08,tag,Triftstraße (Verl.),falsch
03094,1,1896-08-14,tag,Troststraße,falsch
02533,1,1992-04-28,tag,Tuchmacherplatz,falsch
03095,1,1898-05-10,tag,Wilhelmstraße,falsch
03095,2,1898-05-10,tag,Johannesstraße,falsch
03095,3,1936-08-05,tag,Tuchmachersteig,falsch
03081,1,1977-09-13,tag,Tübbingweg,falsch
03096,1,1922-06-02,tag,Tüschener Weg,falsch
03097,1,1907-08-06,tag,Zeppelinstraße,falsch
03097,2,1915-07-09,tag,Tulpenweg,falsch
03098,1,1896-10-08,tag,Tunnelstraße,falsch
03100,1,1865-07-21,tag,Turmstraße,falsch
03101,1,1951-01-17,tag,Turnerweg,falsch
03102,1,1892-03-29,tag,Altenessener Straße,falsch
03102,2,1933-06-17,tag,Tuttmannstraße,falsch
03103,1,,unbekannt,Bachstraße,wahr
03103,2,1892-03-29,tag,Lohstraße (tlw.),falsch
03103,3,1903-11-27,tag,Helenenstraße,falsch
03103,4,1915-07-09,tag,Twentmannstraße,falsch
03103,5,1937-11-20,tag,Twentmannstraße (Verl),falsch
03104,1,1923-09-24,tag,Twingenbergplatz,falsch
03140,1,1908,vor,Altendorfer Weg,falsch
03140,2,1911-06-16,tag,Überruhrer Straße,falsch
03140,3,1933-05-08,tag,Überruhrstraße,falsch
03140,4,1970-12-16,tag,Überruhrstraße (Verl),falsch
03142,1,1892-03-29,tag,Rotthausener Straße,falsch
03142,2,1935-11-14,tag,Uckendorfer Straße,falsch
01883,1,2013-05-22,tag,Uferpromenade,falsch
03143,1,1909-11-26,tag,Uhdestraße,falsch
03760,1,1955-03-25,tag,Uhlandstraße,falsch
03145,1,1956-02-23,tag,Uhlenbank,falsch
03146,1,1919-05-28,tag,Uhlendahlweg,falsch
03147,1,1938-10-21,tag,Uhlenhautstraße,falsch
03148,1,1922-09-13,tag,Uhlenkruggarten,falsch
03149,1,,unbekannt,Uhlenstraße,wahr
03141,1,1912-01-26,tag,Ulmenhof (tIw.),falsch
03141,2,1971-09-22,tag,Ulmengarten,falsch
03164,1,1912-01-26,tag,Ulmenhof (tiw.),falsch
03164,2,1971-09-22,tag,Ulmenhang,falsch
03151,1,1912-01-26,tag,Ulmenhof,falsch
03152,1,1903-02-04,tag,Grünewaldstraße,falsch
03152,2,1910-09-16,tag,Ulmenstraße,falsch
03152,3,1971-09-22,tag,Ulmenstraße (Verl.),falsch
03153,1,1898-05-08,tag,Umstraße,falsch
03153,2,1922-06-02,tag,Zimmermannstraße (tlw.Umb.),falsch
03153,3,1934-06-05,tag,Umstraße (Verl.),falsch
03166,1,1891-07-01,tag,Unionstraße,falsch
03166,2,1976-06-23,tag,Universitätsstraße,falsch
03155,1,1868-01-17,tag,Horster Straße (tlw.),falsch
03155,2,1937-11-20,tag,Unsuhrstraße,falsch
03156,1,,unbekannt,Unterbergstraße,wahr
03157,1,1891,jahr,Unterdorfstraße,falsch
03158,1,1933-11-27,tag,Untere Fuhr,falsch
03159,1,1899,vor,Bergstraße,falsch
03159,2,1935-11-14,tag,Pustenberg,falsch
03159,3,1955-09-21,tag,Unterer Pustenberg,falsch
03160,1,1929-07-06,tag,Unterer Schloßhang,falsch
03761,1,1934,jahr,Alte Straße (tlw.),falsch
03761,2,1977-11-29,tag,Unterlehberg,falsch
00701,1,2004-09-21,tag,Unterm Sternenzelt,falsch
03161,1,1891-04-30,tag,Unterstraße,falsch
03163,1,1962-11-12,tag,Uranusstraße,falsch
03165,1,1974-05-22,tag,Urbachstraße,falsch
03162,1,1897-09-06,tag,Viktoriastraße,falsch
03162,2,1906-01-26,tag,Ursulastraße,falsch
03262,1,1911-06-16,tag,Vaestestraße,falsch
03200,1,1916-10-13,tag,Valentinenstraße,falsch
03201,1,1868-01-17,tag,Varnhorststraße,falsch
03259,1,1965-01-21,tag,Veddershang,falsch
03202,1,,unbekannt,Klarastraße,wahr
03202,2,1902-05-16,tag,Veitstraße,falsch
03204,1,,unbekannt,Ruhrstraße (tlw.),wahr
03204,2,1898-05-10,tag,Velberter Straße,falsch
03257,1,1966-06-08,tag,Veldeckestraße,falsch
03205,1,1975-01-15,tag,Veledastraße,falsch
03206,1,1937-11-20,tag,Velthover Winkel,falsch
03258,1,1962-11-12,tag,Venusweg,falsch
03208,1,1861-04-26,tag,Vereinstraße,falsch
03209,1,1897-09-06,tag,Veronikastraße,falsch
03210,1,1894,jahr,Altenhof,falsch
03210,2,1910-09-16,tag,Altenhof II (tiw.),falsch
03210,3,1935-10-14,tag,Verreshöhe,falsch
02530,1,1991-09-26,tag,Victoriahain,falsch
03229,1,1966-07-20,tag,Viefhaushof,falsch
03213,1,1501,jahrhundert,Viehauser Straße,falsch
03213,2,1922-06-02,tag,Viehauser Berg,falsch
03213,3,1937-11-20,tag,Viehauser Berg (Verl.),falsch
03214,1,1860,jahr,Viehofer Platz,falsch
03214,2,1933-05-08,tag,Oettingplatz (Umb.),falsch
03214,3,1945-05-15,tag,Viehofer Platz (Umb.),falsch
03215,1,1501,jahrhundert,Veyver Strate,falsch
03215,2,1825,jahr,Viehofer Straße,falsch
03215,3,1826,vor,Altenessener Straße,falsch
03215,4,1933-04-20,tag,Adolf-Hitler-Straße (Umb.),falsch
03215,5,1945-05-15,tag,Viehofer Straße (Umb.),falsch
03215,6,1915-07-09,tag,Viehofer Straße (Verl.),falsch
03216,1,1936-01-15,tag,Viereichenhöhe,falsch
03217,1,1910,vor,Josephstraße,falsch
03217,2,1937-02-25,tag,Vierhandbank,falsch
03218,1,1893,vor,Teichstraße,falsch
03218,2,1937-02-25,tag,Viermännerhöfe,falsch
03219,1,1936-08-05,tag,Vieselmanns Ried,falsch
03220,1,1904-11-18,tag,Köllmannstraße,falsch
03220,2,1926-06-01,tag,Vietingstraße,falsch
03221,1,1894-05-18,tag,Viktoriastraße,falsch
03221,2,1894-05-18,tag,Kaiserstraße,falsch
03221,3,1937-11-20,tag,Viktoriastraße (Verl.),falsch
03222,1,1912,jahr,Viltenweg,falsch
03223,1,1895-11-28,tag,Friedrichstraße,falsch
03223,2,1915-07-09,tag,Vinckestraße,falsch
03224,1,1902-02-04,tag,Vinzenzstraße,falsch
03225,1,1902-05-16,tag,Virchowstraße,falsch
03227,1,1904-02-04,tag,Burgstraße,falsch
03227,2,1910-09-16,tag,Vittinghoffstraße,falsch
03260,1,1960-09-07,tag,Vöcklinger Hang,falsch
03228,1,1897-09-06,tag,Karolinenstraße (tiw.),falsch
03228,2,1937-11-20,tag,Vöcklinghausen,falsch
03228,3,1939-05-26,tag,Vom-Rath-Straße,falsch
03228,4,1945-05-15,tag,Vöcklinghauser Straße,falsch
03230,1,1875-07-20,tag,Vogelheimer Straße,falsch
03230,2,1891-04-30,tag,Bernestraße,falsch
03230,3,1915-07-09,tag,Langenhorster Straße (Umb.),falsch
03230,4,1936-01-15,tag,Vogelheimer Straße (Umb.),falsch
03231,1,,unbekannt,Geitlingstraße,wahr
03231,2,1937-11-20,tag,Vogelsangsberg,falsch
03232,1,1938-10-21,tag,Vogenbeck,falsch
03233,1,1934-06-05,tag,Vogtei,falsch
03762,1,,unbekannt,Volckmarstraße,wahr
03762,2,,unbekannt,Rathausstraße,wahr
03762,3,1930-10-07,tag,Volckmarstraße (Verl.),falsch
03263,1,1899-02-24,tag,Humannstraße,falsch
03263,2,1931-02-10,tag,Volkeningstraße,falsch
03263,3,1956-07-03,tag,Volkeningstraße (Aufgeh.),falsch
03263,4,1973-06-13,tag,Volkeningstraße,falsch
03234,1,1911-06-16,tag,Goethestraße,falsch
03234,2,1920-08-04,tag,Rosenstraße (tiw.),falsch
03234,3,1935-11-14,tag,Röchlingstraße,falsch
03234,4,1946-05-22,tag,Volksgartenweg,falsch
03235,1,1949-12-22,tag,Vollbergwinkel,falsch
03255,1,1960-09-07,tag,Vollmerskamp,falsch
03236,1,1897-11-29,tag,Teichstraße,falsch
03236,2,1908-06-05,tag,Vollmerstraße,falsch
03236,3,1937-11-20,tag,Vollmerstraße (Verl.),falsch
03237,1,1892-03-29,tag,Grabenstraße (tiw.),falsch
03237,2,1925-01-29,tag,Kleine Grabenstraße,falsch
03237,3,1937-11-20,tag,Von-Bergmann-Straße,falsch
03238,1,1894,jahr,Altenhof,falsch
03238,2,1910-09-16,tag,Altenhof II (tiw.),falsch
03238,3,1935-10-14,tag,Von-Bodenhausen-Weg,falsch
03239,1,1895-11-29,tag,Bachstraße,falsch
03239,2,1915-07-09,tag,Vondernstraße,falsch
03240,1,1898-03-11,tag,Von-der-Tann- Straße,falsch
03256,1,1966-06-08,tag,Von-der-Vogelweide-Straße,falsch
03241,1,1887-09-06,tag,Ottilienstraße,falsch
03241,2,1906-01-26,tag,Ortrudstraße,falsch
03241,3,1937-11-20,tag,Von-Einem-Straße,falsch
03242,1,1937-02-25,tag,Vonnemanns Wiese,falsch
03243,1,1938-10-21,tag,Von-Oerdingen-Weg,falsch
03264,1,1973-11-20,tag,Von-Ossietzky-Ring,falsch
03244,1,,unbekannt,Sedanstraße,wahr
03244,2,1937-11-20,tag,Von-Schirp-Straße,falsch
03245,1,1957-07-15,tag,Von- Schmoller-Straße,falsch
03246,1,1897-09-06,tag,Henriettenstraße,falsch
03246,2,1906-01-26,tag,Irmgardstraße,falsch
03246,3,1937-11-20,tag,Von-Seeckt-Straße,falsch
03247,1,1887-06-10,tag,Eiserne Hand (tiw.),falsch
03247,2,1904-02-19,tag,Phönixstraße,falsch
03247,3,1915-07-09,tag,Steingröverstraße,falsch
03247,4,1935-11-14,tag,Vorrathstraße,falsch
03247,5,1976-11-09,tag,Vorrathstraße (Verl.),falsch
03248,1,1956-07-03,tag,Im Karkamp (tlw.),falsch
03248,2,1956-07-03,tag,Voßbergring,falsch
03249,1,,unbekannt,! Voßbuschstraße,wahr
03249,2,1915-07-09,tag,Voßbusch,falsch
03261,1,1963-06-25,tag,Vosselerweg,falsch
03250,1,1953-03-03,tag,Voßhegge,falsch
03251,1,1910-09-16,tag,Voßkühlerstraße,falsch
03252,1,1959-02-02,tag,Voßnacker Weg,falsch
03254,1,1919-05-28,tag,Horststraße (tiw.),falsch
03254,2,1937-11-20,tag,Vryburg,falsch
01598,1,2000-11-14,tag,Wacholder Hecken,falsch
03290,1,1896-10-08,tag,Wachtstraße,falsch
03291,1,1901-02-21,tag,Karlstraße,falsch
03291,2,1920-09-19,tag,Lindenstraße,falsch
03291,3,1935-01-14,tag,Wackenberg,falsch
03292,1,1896-02-13,tag,Wackerbeckstraße,falsch
03293,1,1891-07-01,tag,Wächtlerstraße,falsch
03294,1,1953-03-03,tag,Wagenfuhr,falsch
03295,1,1909-03-26,tag,Piekenbrockstraße,falsch
03295,2,1937-11-20,tag,Waisenhausbrink,falsch
03296,1,1896-02-13,tag,Waisenstraße,falsch
03298,1,1907-08-06,tag,Waldeck,falsch
03299,1,1903-03-12,tag,Sedanstraße,falsch
03299,2,1934-06-28,tag,Waldemey,falsch
03300,1,1922-09-13,tag,Waldfrieden,falsch
03301,1,1914-10-09,tag,Waldlehne,falsch
03302,1,1913-05-30,tag,Waldsaum,falsch
03303,1,1895-11-15,tag,Waldthausenstraße,falsch
03304,1,1927-12-01,tag,Waldtrautstraße,falsch
03305,1,1919-04-01,tag,Zechenweg,falsch
03305,2,1926-06-01,tag,Waldweg,falsch
03306,1,1891-04-30,tag,Grenzstraße,falsch
03306,2,1915-07-09,tag,Walkmühlenstraße,falsch
00525,1,1978-09-28,tag,Wallmannaue,falsch
03316,1,1914-05-10,tag,Eststraße (tlw.),falsch
03316,2,1967-06-29,tag,Wallneyer Straße,falsch
03308,1,1909-11-26,tag,Wallotstraße,falsch
03309,1,1900,jahr,Wallstraße,falsch
03309,2,1977-01-12,tag,Wallstraße (Verl),falsch
03310,1,1936-08-05,tag,Walmanger,falsch
03310,2,1953-03-03,tag,Walmanger (Verl.),falsch
03311,1,1897-09-06,tag,Wilhelminenstraße,falsch
03311,2,1904-02-04,tag,Kapellenstraße,falsch
03311,3,1906-01-26,tag,Walburgisstraße,falsch
03311,4,1910-09-16,tag,Walburgisstraße (Verl.),falsch
03311,5,1920-03-06,tag,Walpurgisstraße (Verl.),falsch
03444,1,1868-01-17,tag,Kaupenstraße (tlw.),falsch
03444,2,1968-03-20,tag,Walter- Hohmann-Straße,falsch
03312,1,1900,vor,Ruhrsteinstraße,falsch
03312,2,1915-07-09,tag,Am Ruhrstein (tlw.),falsch
03312,3,1929-07-06,tag,Walter- Sachsse-Weg,falsch
03313,1,1897-09-06,tag,Wandastraße,falsch
03448,1,1962-11-12,tag,Wangeroogeweg,falsch
03314,1,1922,jahr,Uhlandstraße,falsch
03314,2,1935-11-14,tag,Wandtleite,falsch
03315,1,1956-07-03,tag,Warthestraße,falsch
03325,1,1965-06-03,tag,Wasserschnepfe,falsch
03318,1,1933-08-14,tag,Waterfohrplatz,falsch
03319,1,1933-08-14,tag,Waterfohrstraße,falsch
03320,1,1868-01-17,tag,Bruchstraße,falsch
03320,2,1935-11-14,tag,Waterloostraße,falsch
03321,1,1909-09-26,tag,Wattenbachstraße,falsch
03322,1,1903-05-11,tag,Krayer Straße,falsch
03322,2,1914-04-07,tag,Wattenscheider Straße,falsch
03323,1,1895-11-15,tag,Weberplatz,falsch
03324,1,1826,vor,I. Weberstraße,falsch
03326,1,1912,jahr,Neustraße,falsch
03326,2,1934-06-05,tag,Wechselpfad,falsch
03447,1,1961-06-28,tag,Weckenkamp,falsch
03327,1,1907-08-06,tag,Am Rathaus,falsch
03327,2,1915-07-09,tag,Mückestraße,falsch
03327,3,1938-10-21,tag,Weddigenstraße,falsch
03328,1,1919-05-28,tag,Jakobstraße,falsch
03328,2,1937-11-20,tag,Weg am Berge,falsch
03331,1,1914-05-10,tag,Weg zur Platte,falsch
03329,1,1897-09-06,tag,Franzstraße,falsch
03329,2,1906-01-26,tag,Ludgerusstraße,falsch
03329,3,1937-11-20,tag,Wegenerstraße,falsch
03330,1,1919-05-28,tag,Wegmannstraße,falsch
03332,1,1897-09-06,tag,Ernststraße,falsch
03332,2,1937-11-20,tag,Wehmenkamp,falsch
03333,1,1894,jahr,Altenhof,falsch
03333,2,1910-09-16,tag,Altenhof II (tiw.),falsch
03333,3,1935-10-14,tag,Wehnertweg,falsch
03334,1,1903-02-04,tag,Wehrstraße,falsch
03335,1,1903-02-04,tag,Grüner Weg,falsch
03335,2,1910-09-16,tag,Weichselstraße,falsch
03336,1,1907-08-06,tag,Bruchstraße,falsch
03336,2,1915-07-09,tag,Weidenbruch,falsch
03337,1,1891-04-30,tag,Wiesenstraße,falsch
03337,2,1915-07-09,tag,Weidenstraße,falsch
03338,1,1953-03-03,tag,Weidepfad,falsch
03339,1,1891-04-30,tag,Hesselstraße,falsch
03339,2,1891-04-30,tag,Niederstraße (tIw.),falsch
03339,3,1915-07-09,tag,Weidkamp,falsch
03403,1,1896-02-13,tag,Parallelstraße,falsch
03403,2,1915-07-09,tag,Freiladestraße,falsch
03403,3,1964-05-20,tag,Weigelwerkstraße,falsch
03340,1,1890-10-10,tag,Wernerstraße,falsch
03340,2,1933-05-08,tag,Weiglestraße,falsch
03341,1,1907-02-26,tag,Weinberg,falsch
03342,1,1909-11-26,tag,Weißbachstraße,falsch
03450,1,1960-09-07,tag,Weißdornweg,falsch
03343,1,1896-05-29,tag,Weißenburgstraße,falsch
03344,1,1891-04-30,tag,Mittelstraße,falsch
03344,2,1915-07-09,tag,Weizenstraße,falsch
03345,1,1930-05-31,tag,Welkerhude,falsch
03346,1,1906-12-07,tag,Welterstraße,falsch
03347,1,1936-01-15,tag,Wendelinstraße,falsch
03348,1,1932-10-03,tag,Wendersbachweg,falsch
03349,1,1921,jahr,Voßstraße,falsch
03349,2,1937-11-20,tag,Wendtwiese,falsch
03350,1,1910-09-16,tag,Weneswaldstraße,falsch
03351,1,1921-02-22,tag,Wengestraße,falsch
03352,1,1898-05-10,tag,Markt,falsch
03352,2,1937-11-20,tag,Werdener Markt,falsch
03766,1,,unbekannt,Ruhrstraße,wahr
03766,2,1922,vor,Werdener Straße,falsch
03766,3,1930-10-02,tag,Laupendahler Straße (Umb.),falsch
03766,4,1977-11-29,tag,Werdener Straße (Verl.),falsch
03353,1,1900-05-04,tag,Werderstraße,falsch
03460,1,1977-01-12,tag,Werkhausenstraße,falsch
03354,1,,unbekannt,Wernerstraße,wahr
03354,2,1936-01-15,tag,Werneraue,falsch
03355,1,,unbekannt,Franziskastraße,wahr
03355,2,1937-11-20,tag,Werner-Viebig- Weg,falsch
03356,1,1903-02-04,tag,Huttroper Straße,falsch
03356,2,1910-09-16,tag,Werrastraße,falsch
03357,1,1956-04-09,tag,Wersbaum,falsch
03358,1,1896-08-14,tag,Wertstraße,falsch
03359,1,1903-02-04,tag,Alfredusstraße,falsch
03359,2,1910-09-16,tag,Weserstraße,falsch
03359,3,1936-01-15,tag,Joseph-Hommer-Weg (Umb,falsch
03359,4,1945-06-13,tag,Weserstraße (Umb.),falsch
03360,1,1954-07-15,tag,Wesselbaumweg,falsch
03361,1,1878-06-07,tag,Bismarckstraße,falsch
03361,2,1937-11-20,tag,Wesselswerth,falsch
03362,1,1927-10-25,tag,Im Niekamp,falsch
03362,2,1931-12-11,tag,Niekamp,falsch
03362,3,1937-11-20,tag,Westbergkamp,falsch
03363,1,1894-08-07,tag,Westbergstraße,falsch
03364,1,1953-10-13,tag,Westendhof,falsch
03365,1,1868-01-17,tag,Westendstraße,falsch
00533,1,1895-11-28,tag,Lohstraße (tlw.),falsch
00533,2,1979-07-06,tag,Westerbergweg,falsch
03366,1,1903-11-27,tag,Luisenplatz,falsch
03366,2,1915-07-09,tag,Westerdorfplatz,falsch
03367,1,1901-07-19,tag,Josephstraße,falsch
03367,2,1915-07-09,tag,Westerdorfstraße,falsch
03368,1,1951-07-04,tag,Westernfeld,falsch
03369,1,1914-05-10,tag,Meckenstocker Weg {tiw.),falsch
03369,2,1935-01-14,tag,Westerwaldstraße,falsch
03369,3,1954-07-15,tag,Westerwaldstraße (Verl),falsch
03370,1,1890-11-18,tag,Bredeneyer Straße,falsch
03370,2,1903-02-04,tag,Steeler Straße,falsch
03370,3,1910-09-16,tag,Westfalenstraße,falsch
03370,4,1936-02-15,tag,Westfalenstraße (Verl),falsch
03371,1,1915,vor,Heidestraße,falsch
03371,2,1933-05-08,tag,Westpreußenstraße,falsch
03452,1,1966-12-14,tag,Westuferstraße,falsch
03372,1,1949-08-31,tag,Weubelshof,falsch
03373,1,1902-05-16,tag,Weuenstraße,falsch
03374,1,1914-10-09,tag,Weyerstraße,falsch
03375,1,1911,vor,Charlottenweg (tiw.),falsch
03375,2,1936-01-15,tag,Wichteltal,falsch
03376,1,1902-05-16,tag,Wickenburgstraße,falsch
03377,1,1900-08-23,tag,Kalkstraße,falsch
03377,2,1915-07-09,tag,Wickingstraße,falsch
03378,1,1927-08-09,tag,Wiebeanlage,falsch
03379,1,1938-10-21,tag,Wiedbach,falsch
03380,1,1907-08-06,tag,Waldstraße (Bredeney),falsch
03380,2,1914-10-09,tag,Waldstraße (Rüttenscheid),falsch
03380,3,1929-07-06,tag,Wiedfeldtstraße,falsch
03381,1,1910,vor,Paulstraße,falsch
03381,2,1915-07-09,tag,Wiehagenstraße,falsch
03382,1,1938-10-21,tag,Wieksiepen,falsch
03383,1,1901-06-25,tag,Schillerstraße,falsch
03383,2,1915-07-09,tag,Wielandstraße,falsch
03384,1,,unbekannt,Kantstraße,wahr
03384,2,1910-09-16,tag,Wienenbuschstraße,falsch
03386,1,1954-02-23,tag,Wieprechtstraße,falsch
03387,1,,unbekannt,Spanische Beck,wahr
03387,2,1902-05-16,tag,Wiesbadener Straße,falsch
03387,3,1906-03-10,tag,Wiesbadener Straße (Verl.),falsch
03448,1,1898-03-11,tag,Hülsenbruchstraße (tlw.),falsch
03448,2,1965-09-06,tag,Wieselweg,falsch
03388,1,1902-05-16,tag,Wiesenbergstraße,falsch
03389,1,1954-07-15,tag,Wiesengrund,falsch
03390,1,1868-01-17,tag,Wiesenstraße,falsch
03391,1,1919-05-28,tag,Wiesmannsweg,falsch
03391,2,1935-06-03,tag,Wißmannbrink,falsch
03391,3,1935-11-14,tag,Wiesmannbrink,falsch
01542,1,1999-08-03,tag,Wiesmannskotten,falsch
03392,1,,unbekannt,Wigstraße,wahr
03393,1,1903-11-27,tag,Jägerstraße,falsch
03393,2,1915-07-09,tag,Wildbannstraße,falsch
03394,1,1922-03-08,tag,Wildpferdehut,falsch
03395,1,1905-03-20,tag,Wildstraße,falsch
03456,1,1974-04-24,tag,Wilhelm-Beckmann-Straße,falsch
03396,1,,unbekannt,Steinhäuser Weg,wahr
03396,2,1935-06-03,tag,Wilhelm-Bernsau-Weg,falsch
00837,1,2009-03-21,tag,Wilhelm- Döllken-Straße,falsch
00835,1,2008-08-26,tag,Wilhelm- Gefeller-Weg,falsch
03397,1,1892-03-29,tag,Wilhelminenstraße,falsch
03399,1,1938-10-21,tag,Wilhelm-Meinrich-Weg,falsch
03455,1,1971-09-22,tag,Wilhelm- Melchert-Straße,falsch
02518,1,1990-11-22,tag,"Wilhelm- ""lieswandt-Allee",falsch
03459,1,1976-12-08,tag,Wilhelm- Segerath-Straße,falsch
03400,1,1920-10-06,tag,Freiligrathstraße,falsch
03400,2,1936-01-15,tag,Wilhelmshavener Straße,falsch
03768,1,1871,jahr,Wilhelmstraße,falsch
03768,2,1934-10-20,tag,Straße der SA (Umb.),falsch
03768,3,1945-04-26,tag,Wilhelmstraße (Umb.),falsch
02048,1,2013-12-17,tag,Wilhelm- Vogelsang-Weg,falsch
03402,1,1909-11-26,tag,Wilkenstraße,falsch
03404,1,1957-12-12,tag,Willekestraße,falsch
02538,1,1994-05-18,tag,Willy-Brandt- Platz,falsch
03405,1,1939-05-26,tag,Wilmsweg,falsch
03406,1,1922-06-02,tag,Wimberstraße,falsch
03407,1,1939-05-26,tag,Windhukweg,falsch
03408,1,1891,jahr,Windmühlenstraße,falsch
03409,1,,unbekannt,Sebaldstraße,wahr
03409,2,1902-05-16,tag,Windscheidstraße,falsch
03410,1,1953-03-03,tag,Windweier,falsch
03457,1,1974-09-18,tag,Winkelskämpchen,falsch
03411,1,1911-04-21,tag,Winkelstraße,falsch
03412,1,1896-02-13,tag,Dammstraße,falsch
03412,2,1933-05-08,tag,Winkhausstraße,falsch
03413,1,1953-10-13,tag,Wintersellweg,falsch
03446,1,1965-06-03,tag,Wintershove,falsch
03414,1,1936-08-05,tag,Wintgenhof,falsch
03415,1,1922-06-02,tag,Wintgenstraße,falsch
00537,1,1903-02-04,tag,Kutscherweg,falsch
00537,2,1937-11-20,tag,Wippenbeckhang (alte Führung),falsch
00537,3,1980-03-05,tag,Wippenbeckhang (neue Führung),falsch
03417,1,1897-11-29,tag,Höhenstraße (tlw.),falsch
03417,2,1933-06-17,tag,Wisthoffweg,falsch
03418,1,1910-09-16,tag,Wittekindstraße,falsch
03420,1,1897-09-06,tag,Ottilienstraße,falsch
03420,2,1897-09-06,tag,Veronikastraße (tiw.),falsch
03420,3,1903-02-04,tag,Gerbranderstraße,falsch
03420,4,1906-01-26,tag,Ortrudstraße (tiw.),falsch
03420,5,1937-02-25,tag,Wittenbergstraße,falsch
03420,6,1910-09-16,tag,Wittekindstraße,falsch
03420,7,1968-03-20,tag,Wittenbergstraße (Verl.),falsch
03421,1,1860,jahr,Witteringstraße,falsch
03422,1,1933-08-14,tag,Wittgenbusch,falsch
03423,1,1933-08-14,tag,Wittgenpfad,falsch
03424,1,1892,jahr,Hobeisenstraße (tw),falsch
03424,2,1902-05-16,tag,Wöhlerstraße,falsch
03425,1,1922,vor,Herderstraße,falsch
03426,1,1896-05-29,tag,Wörthstraße,falsch
03426,2,1900-05-04,tag,Wörthstraße (Verl.),falsch
03427,1,1954-07-15,tag,Wohlgemuthweg,falsch
03428,1,1975-04-16,tag,Wohlverwahrtstraße,falsch
03429,1,1902-11-27,tag,Voßstraße,falsch
03429,2,1915-07-09,tag,Wolbeckstraße,falsch
03429,3,1931-02-12,tag,Wolbeckstraße (Verl.),falsch
03430,1,1931-12-11,tag,Woldrüggen,falsch
03451,1,1914-05-10,tag,Wolfsbachweg (tlw.),falsch
03451,2,1961-12-13,tag,Wolfsbachtal,falsch
03431,1,1914-05-10,tag,Wolfsbachweg,falsch
03431,2,1933-05-08,tag,Wolfsbachweg (Verl.),falsch
03453,1,1970-06-24,tag,Wolfsbankring,falsch
03453,2,1972-09-20,tag,Wolfsbankring (Verl.),falsch
03432,1,1896-10-08,tag,Viktoriastraße,falsch
03432,2,1897-01-22,tag,Frankstraße,falsch
03432,3,1896-10-08,tag,Viktoriastraße,falsch
03432,4,1906-06-20,tag,Funkestraße,falsch
03432,5,1907-03-01,tag,Carl-Funke- Straße,falsch
03432,6,1915-07-09,tag,Wolfsbankstraße,falsch
03432,7,1972-09-20,tag,Wolfsbankstraße (Verl),falsch
03433,1,1956-02-23,tag,Wolfsdelle,falsch
03434,1,,unbekannt,Wolfskuhle,wahr
03445,1,1961-12-13,tag,Woltersberg,falsch
03435,1,1921-10-18,tag,Woltmannweg,falsch
03436,1,,unbekannt,Weststraße,wahr
03436,2,1937-11-20,tag,Woodsiepenweg,falsch
03437,1,1902-05-16,tag,Wordstraße,falsch
03454,1,1911-06-16,tag,Buschstraße,falsch
03454,2,1911-06-16,tag,Am Bahnhof,falsch
03454,3,1971-03-17,tag,Worringstraße,falsch
03438,1,1935-09-30,tag,Wortbergrode,falsch
03439,1,1903-11-27,tag,Bergmannstraße,falsch
03439,2,1903-11-27,tag,Kampstraße,falsch
03439,3,1915-07-09,tag,Wüllnerskamp,falsch
03440,1,,unbekannt,Styrumer Straße,wahr
03440,2,1891,jahr,Kuhstraße (Teil von Borbecker bis Bocholder Straße),falsch
03440,3,1895-11-28,tag,Buschstraße (tiw.),falsch
03440,4,1933-11-27,tag,Wüstenhöferstraße,falsch
03440,5,1934-01-12,tag,Wüstenhöferstraße (Verl.),falsch
03769,1,1910-10-06,tag,Wupperstraße,falsch
03442,1,1899,jahr,Hexentaufe,falsch
03442,2,1903-02-04,tag,Heisinger Straße,falsch
03442,3,1910,jahr,Ruhrtalstraße,falsch
03442,4,1928-02-27,tag,Sartoriusstraße (tiw.),falsch
03442,5,1937-11-20,tag,Wuppertaler Straße,falsch
03442,6,1937-11-20,tag,Wuppertaler Straße (Verl.),falsch
03443,1,1911-04-21,tag,Wusthoffstraße,falsch
03490,1,1936-08-05,tag,Zahnrad,falsch
03491,1,1909-11-26,tag,Zangenstraße,falsch
03492,1,1913-04-01,tag,Kirchpfad {tiw.),falsch
03492,2,1933-11-27,tag,Zeche Eiberg,falsch
03493,1,1910-12-20,tag,Zechenstraße (tiw.),falsch
03493,2,1933-11-27,tag,Zeche Ernestine,falsch
03537,1,1974-04-24,tag,Zeche Katharina,falsch
03495,1,1891-04-30,tag,Zechenstraße,falsch
03496,1,1900,jahr,Glückaufstraße,falsch
03496,2,1933-08-14,tag,Schacht Katharina,falsch
03496,3,1954-02-23,tag,Zehntfeld,falsch
03497,1,1904-02-04,tag,Parallelstraße,falsch
03497,2,1910-09-16,tag,Zeisigstraße,falsch
03498,1,1936-08-05,tag,Zeißbogen,falsch
03499,1,1901-01-30,tag,Cementstraße,falsch
03499,2,1934-06-05,tag,Zementstraße,falsch
03500,1,1937-11-20,tag,Zerresbuschweg,falsch
03501,1,1928-06-09,tag,Zeunerstraße,falsch
03535,1,1974-12-11,tag,Ziegelbäckerweg,falsch
03502,1,1868-01-17,tag,Ziegelstraße,falsch
03503,1,1896-10-08,tag,Zielstraße,falsch
03504,1,1922-06-02,tag,Zimmermannstraße,falsch
03504,2,1922-06-02,tag,Hüsgenweg,falsch
03504,3,1937-11-20,tag,Zimmermannstraße (Verl),falsch
03505,1,1868-01-17,tag,Zimmerstraße,falsch
03533,1,1868-01-17,tag,Kaupenstraße (tiw.),falsch
03533,2,1968-03-20,tag,Zindelstraße,falsch
03506,1,1957-01-23,tag,Zingelpfad,falsch
03507,1,1891-04-30,tag,Zinkstraße,falsch
03508,1,1891-04-30,tag,Poststraße,falsch
03508,2,1935-11-14,tag,Zipfelweg,falsch
03509,1,,unbekannt,Engelbertstraße,wahr
03509,2,1902-05-16,tag,Zirkelstraße,falsch
03510,1,1903,jahr,Kampstraße,falsch
03510,2,1903,jahr,Winkelstraße,falsch
03510,3,1934-06-05,tag,Zölestinstraße,falsch
03511,1,1899,jahr,C-Straße,falsch
03511,2,1937-01-20,tag,Zollernweg,falsch
03512,1,,unbekannt,Bottroper Straße,wahr
03512,2,1897-01-22,tag,Zollstraße,falsch
03512,3,1915-07-09,tag,Zollstraße (Verl.),falsch
03513,1,1892-03-29,tag,Zollvereinstraße,falsch
03534,1,1963-12-17,tag,Zornige Ameise,falsch
03514,1,1929-07-12,tag,Zu den Brembergskotten,falsch
03515,1,1901-06-25,tag,Zugstraße,falsch
01618,1,2002-12-31,tag,Zum Felsbüschken,falsch
03516,1,1954-07-15,tag,Zum Gutswald,falsch
03517,1,,unbekannt,Hermannstraße,wahr
03517,2,,unbekannt,Parkweg,wahr
03517,3,1929-07-12,tag,Zum Oberhof,falsch
03517,4,1929-07-12,tag,Zum Oberhof (Verl.),falsch
03519,1,1922-06-02,tag,Zum Timpen,falsch
02511,1,1988-08-23,tag,Zum Wolbeckshof,falsch
03770,1,,unbekannt,Ruhrstraße,wahr
03770,2,1930,vor,Mühlenstraße,falsch
03770,3,1934-10-02,tag,Laupendahler Straße (tlw.),falsch
03770,4,1977-11-29,tag,Zur Alten Fähre,falsch
03520,1,,unbekannt,Ziegelstraße,wahr
03520,2,1929-07-12,tag,Zur Beckhove,falsch
03521,1,1927-08-09,tag,Zur Eibe,falsch
00970,1,2010-07-06,tag,Zur Friedenseiche,falsch
03522,1,1929-07-12,tag,Zur Hagelfier,falsch
01145,1,1999-02-24,tag,Zur Halbinsel,falsch
01889,1,2013-08-30,tag,Zur Kammgarnspinnerei,falsch
03771,1,1935,jahr,Zur Kammgarnspinnerei - Kammgarnspinnerei 1914 Zur Kanzel,falsch
03524,1,1954-07-15,tag,Zur Nieden,falsch
01132,1,1996-10-29,tag,Zur Schmiede,falsch
03525,1,1950-07-05,tag,Zur Tackenburg,falsch
00969,1,2010-10-19,tag,Zur Waldesquelle,falsch
03526,1,1950-03-15,tag,Zur Wöllenbök,falsch
03526,2,1968-03-20,tag,Zur Wöllenbök (Verl.),falsch
03523,1,1955-03-31,tag,Zur-Linde-Weg,falsch
03527,1,1905,vor,Schmiedestraße,falsch
03527,2,1937-11-20,tag,Zweibachegge,falsch
03528,1,1906-01-26,tag,Felixstraße,falsch
03528,2,1907-05-03,tag,Zweigertstraße,falsch
03529,1,1896-08-14,tag,Zweigstraße,falsch
03530,1,1921-10-18,tag,Am Zweihonnschaftenwald {tiw.),falsch
03530,2,1930-05-31,tag,Zweihonnschaftenwald,falsch
03531,1,1896-10-08,tag,Zwergstraße,falsch
03536,1,1899-02-24,tag,Sternstraße,falsch
03536,2,1970-12-16,tag,Zwinglistraße,falsch
03532,1,1860,jahr,Bergstraße,falsch
03532,2,1934-06-05,tag,Zwölfling,falsch
03532,3,1951-07-04,tag,Zwölfling (Verl),falsch
