schl_nr,buchseite,feld,wert_parser,wert_qwen,wert_mistral,status_parser,einig,korrektur,beleg
00005,23,lemma,Achternbergstraße,Achtermbergstraße,Achtermbergstraße,automatisch,beide,,
00005,23,stadium_1_name,Achternbergstraße,Achtermbergstraße,Achtermbergstraße,automatisch,beide,,
00005,23,stadium_3_name,Achternbergstraße (Umb.),Achtermbergstraße (Umb.),Achtermbergstraße (Umb.),automatisch,beide,,
001321,43,eintrag,,Am Stadtgarten,Am Stadtgarten,,beide,,
00303,63,namensgruppe,Industrie und Wirtschaft,Industrie,Industrie,automatisch,beide,,
00355,70,lemma,Bewerungestraße,Bewerungstraße,Bewerungstraße,geprueft,beide,,
00355,70,stadium_2_name,Bewerungestraße,Bewerungstraße,Bewerungstraße,geprueft,beide,,
00401,74,stadium_1_datum,1953-03-03,03. März (nicht normalisierbar),03. März (nicht normalisierbar),geprueft,beide,,
00481,84,namensgruppe,"Person, Mann, Deutscher, Klemptnermeister","Person, Mann, Deutscher, Klempnermeister","Person, Mann, Deutscher, Klempnermeister",geprueft,beide,,
00525,339,lemma,Wallmannaue,Wallmannau,Wallmannau,automatisch,beide,,
00525,339,stadium_1_name,Wallmannaue,Wallmannau,Wallmannau,automatisch,beide,,
00595,91,stadium_3_name,Dahlhauser Straße,Schottländerweg,Schottländerweg,unsicher,beide,,
00922,121,lemma,Friesenaue,Friesenau,Friesenau,automatisch,beide,,
00922,121,stadium_1_name,Friesenaue,Friesenau,Friesenau,automatisch,beide,,
01015,127,stadium_1,vor 1895 Gerlingplatz,"(urspr., kein Datum) Gerlingswiese","(urspr., kein Datum) Gerlingswiese",geprueft,beide,,
01104,136,stadium_1_datum,1892-03-29,29. (nicht normalisierbar),29. (nicht normalisierbar),geprueft,beide,,
01143,213,namensgruppe,"Person, Mann, Deutscher, Professor , Choreograph, Tanzpädagoge","Person, Mann, Deutscher, Professor, Choreograph, Tanzpädagoge","Person, Mann, Deutscher, Professor, Choreograph, Tanzpädagoge",automatisch,beide,,
01216,146,namensgruppe,Lehngut,Lehnsgut,Lehnsgut,geprueft,beide,,
01217,146,namensgruppe,Lehngut,Lehnsgut,Lehnsgut,geprueft,beide,,
01273,155,stadium_1_datum,1910,etwa 1910/11 (eingeschränkt lesbar),etwa 1910/11 (eingeschränkt lesbar),geprueft,beide,,
01392,170,stadium_1_datum,1941-05-14,14. Mai (nicht normalisierbar),14. Mai (nicht normalisierbar),geprueft,beide,,
01439,154,stadium_2_name,Am Kreuz (tlw.),Am Kreuz (tw.),Am Kreuz (tw.),geprueft,beide,,
01603,227,eintrag,,Luxemburger Straße,Luxemburger Straße,,beide,,
01632,187,verweis_auf,Koopmanns Hude,,,unsicher,beide,,
01637,188,lemma,Kamisheide,Kamischeide,Kamischeide,automatisch,beide,,
01637,188,stadium_1_name,Kamisheide,Kamischeide,Kamischeide,automatisch,beide,,
01655,189,eintrag,,Kappertsiepen,Kappertsiepen,,beide,,
01666,191,lemma,Karolienenstraße,Karolinenstraße,Karolinenstraße,automatisch,beide,,
01827,211,stadium_1_name,Kruselbeck,Kruselbeek,Kruselbeek,automatisch,beide,,
02119,235,verweis_auf,Elsaßstraße,,,automatisch,beide,,
02273,248,verweis_auf,Elsaßstraße,,,automatisch,beide,,
02356,254,stadium_1_datum,1970-01-21,21. Januar (nicht normalisierbar),21. Januar (nicht normalisierbar),automatisch,beide,,
02393,256,namensgruppe,"Person, Mann, Deutscher, Bankdirektor, Beigeordneter",,,geprueft,beide,,
02402,263,verweis_auf,Porschekanzel und Am Porscheplatz,,,unsicher,beide,,
02425,260,namensgruppe,"Person, Mann, Deutscher, Hochschullehrer, Maler, Malerviertel-Holsterhausen","Person, Mann, Deutscher, Hochschullehrer, Maler, Malerviertel","Person, Mann, Deutscher, Hochschullehrer, Maler, Malerviertel",geprueft,beide,,
02441,263,verweis_auf,Porscheplatz und Am Porscheplatz,,,automatisch,beide,,
02454,264,lemma,Potthoffs Börde,Pothoffs Börde,Pothoffs Börde,automatisch,beide,,
02454,264,stadium_3_name,Potthofs Börde,Pothoffs Börde,Pothoffs Börde,automatisch,beide,,
02566,270,eintrag,,Rebenranke,Rebenranke,,beide,,
02568,270,stadium_1,1936-08-05 Rebenranke,1868-01-17 Hammerstraße,1868-01-17 Hammerstraße,unsicher,beide,,
02591,272,verweis_auf,Rheinischer Platz,,,automatisch,beide,,
02611,275,namensgruppe,"Person, Mann, Deutscher, Architekt, Prokurist, Kruppscher Beamter, Platz","Person, Mann, Deutscher, Architekt, Prokurist, Kruppscher","Person, Mann, Deutscher, Architekt, Prokurist, Kruppscher",automatisch,beide,,
02655,280,eintrag,,Rüttenscheider Platz,Rüttenscheider Platz,,beide,,
02681,273,namensgruppe,"Person, Mann, Deutscher, Unternehmer, Ballonfahrer","Person, Mann","Person, Mann",unsicher,beide,,
02756,288,stadium_2_name,Schemannsfeld,Schemmannsfeld,Schemmannsfeld,automatisch,beide,,
02906,306,eintrag,,Spichernstraße,Spichernstraße,,beide,,
02961,315,verweis_auf,,I. Stiege,I. Stiege,geprueft,beide,,
03009,293,lemma,Schmielfeld,Schmiefeld,Schmiefeld,automatisch,beide,,
03009,293,stadium_1_name,Schmielfeld,Schmiefeld,Schmiefeld,automatisch,beide,,
03014,310,namensgruppe,Familienname,,,geprueft,beide,,
03015,313,namensgruppe,Behandigungsgut,Behandlungsgut,Behandlungsgut,automatisch,beide,,
03151,328,stadium_1_datum,1912-01-26,26. Januar (nicht normalisierbar),26. Januar (nicht normalisierbar),automatisch,beide,,
03203,330,stadium_1,,"(urspr., kein Datum) Velberter Sträßchen","(urspr., kein Datum) Velberter Sträßchen",unsicher,beide,,
03417,351,stadium_1_datum,1897-11-29,29. November (nicht normalisierbar),29. November (nicht normalisierbar),automatisch,beide,,
03425,352,stadium_2_datum,1937-11-20,20. November (nicht normalisierbar),20. November (nicht normalisierbar),geprueft,beide,,
03444,339,namensgruppe,"Person, Mann, Deutscher, Stadtbaurat, Ingenieur",Person,Person,automatisch,beide,,
03696,186,stadium_1_name,Kaisersgasse,Kaisergasse,Kaisergasse,automatisch,beide,,
,46,eintrag,,Zu den Karmelitern,Am Waldhausenpark – Villa Waldhausen,,eines,,
00000,383,eintrag,,,,,eines,,
00000,383,stadium_1_datum,,,1857 – 1904 (nicht normalisierbar),,eines,,
00000,383,stadium_2_datum,,,1905 – 31.07.1929 (nicht normalisierbar),,eines,,
00000,383,stadium_3_datum,,,1813 – 1819 (nicht normalisierbar),,eines,,
00000,383,stadium_4_datum,,,1819 – 1851 (nicht normalisierbar),,eines,,
00000,383,stadium_5_datum,,,1851 – 1886 (nicht normalisierbar),,eines,,
00000,383,stadium_6_datum,,,1886 – 1896 (nicht normalisierbar),,eines,,
00000,383,stadium_7_datum,,,1896 – 1904 (nicht normalisierbar),,eines,,
00000,383,stadium_8_datum,,,1904 – 31.07.1929 (nicht normalisierbar),,eines,,
00001,23,lemma,Aachener Straße,Aachener Straße,Bürgermeister,automatisch,eines,,
00001,23,namensgruppe,Stadt und Ort,Stadt und Ort,,automatisch,eines,,
00001,23,stadium_1,vor 1898 Victoriastraße (tlw.),vor 1898 Victoriastraße (tlw.),vor 1898 Victoriastraße (tlw.),automatisch,eines,,
00001,23,stadium_1_datum,vor 1898,vor 1898,1920 – 1929 (nicht normalisierbar),automatisch,eines,,
00001,23,stadtteile,Frohnhausen,Frohnhausen,,automatisch,eines,,
00001,23,strassenklasse,Gemeindestraße,Gemeindestraße,,automatisch,eines,,
00002,23,lemma,Abteistraße,Abteistraße,Rellinghauser Straße,automatisch,eines,,
00002,23,namensgruppe,Lagebezeichnung,Lagebezeichnung,,automatisch,eines,,
00002,23,stadium_1,1959-02-18 Abteistraße,1959-02-18 Abteistraße,1959-02-18 Abteistraße,automatisch,eines,,
00002,23,stadium_1_datum,1959-02-18,1959-02-18,1876 – 1910 (nicht normalisierbar),automatisch,eines,,
00002,23,stadtteile,Werden,Werden,,automatisch,eines,,
00002,23,strassenklasse,Bundesstraße,Bundesstraße,,automatisch,eines,,
00003,23,lemma,Achenbachhang,Achenbachhang,Rüttenscheider Straße,automatisch,eines,,
00003,23,namensgruppe,"Person, Mann, Deutscher, Maler","Person, Mann, Deutscher, Maler",,automatisch,eines,,
00003,23,stadium_1,1902-05-16 Achenbachstraße,1902-05-16 Achenbachstraße,1902-05-16 Achenbachstraße,automatisch,eines,,
00003,23,stadium_1_datum,1902-05-16,1902-05-16,1900 – 1905 (nicht normalisierbar),automatisch,eines,,
00003,23,stadtteile,Holsterhausen,Holsterhausen,,automatisch,eines,,
00003,23,strassenklasse,Gemeindestraße,Gemeindestraße,,automatisch,eines,,
00004,23,lemma,Da Achternbergstraße - Haus Achternberg Achtermbergbredde,Achtermbergbredde,Steeler Straße,unsicher,eines,,
00004,23,namensgruppe,Flurname,Flurname,,unsicher,eines,,
00004,23,stadium_1,1921-09-26 Kreftenscheerstraße,1921-09-26 Kraftenscheerstraße,1921-09-26 Kreftenscheerstraße,unsicher,eines,,
00004,23,stadium_10,,,"(urspr., kein Datum) Theodor Märcker",unsicher,eines,,
00004,23,stadium_10_datum,,,1877 – 1880 (nicht normalisierbar),unsicher,eines,,
00004,23,stadium_11,,,"(urspr., kein Datum) Theodor Freiherr von Cloedt",unsicher,eines,,
00004,23,stadium_11_datum,,,1880 – 1881 (nicht normalisierbar),unsicher,eines,,
00004,23,stadium_12,,,"(urspr., kein Datum) Hugo Jesse",unsicher,eines,,
00004,23,stadium_12_datum,,,1882 – 1894 (nicht normalisierbar),unsicher,eines,,
00004,23,stadium_13,,,"(urspr., kein Datum) Aloys Carl Pietz",unsicher,eines,,
00004,23,stadium_13_datum,,,1894 – 1898 (nicht normalisierbar),unsicher,eines,,
00004,23,stadium_14,,,"(urspr., kein Datum) Theodor Heider",unsicher,eines,,
00004,23,stadium_14_datum,,,1899 – 1923 (nicht normalisierbar),unsicher,eines,,
00004,23,stadium_15,,,"(urspr., kein Datum) Wilhelm Farwick",unsicher,eines,,
00004,23,stadium_15_datum,,,1923 – 31.07.1929 (nicht normalisierbar),unsicher,eines,,
00004,23,stadium_1_datum,1921-09-26,1921-09-26,01.09.1808 – 28.06.1811 (nicht normalisierbar),unsicher,eines,,
00004,23,stadium_1_name,Kreftenscheerstraße,Kraftenscheerstraße,Kreftenscheerstraße,unsicher,eines,,
00004,23,stadium_2,1937-11-20 Achtermbergbredde,1937-11-20 Achtermbergbredde,"(urspr., kein Datum) Albert Friedrich Bach",unsicher,eines,,
00004,23,stadium_2_datum,1937-11-20,1937-11-20,1811 – 1813 (nicht normalisierbar),unsicher,eines,,
00004,23,stadium_3_datum,,,1814 – 1822 (nicht normalisierbar),unsicher,eines,,
00004,23,stadium_4,,,"(urspr., kein Datum) Maximilian Friedrich Freiherr von Vittinghoff gen. von Schell",unsicher,eines,,
00004,23,stadium_4_datum,,,1824 – 1834 (nicht normalisierbar),unsicher,eines,,
00004,23,stadium_5,,,"(urspr., kein Datum) Maximilian Friedrich Freiherr von Vittinghoff gen. von Schell",unsicher,eines,,
00004,23,stadium_5_datum,,,1834 – 1838 (nicht normalisierbar),unsicher,eines,,
00004,23,stadium_6,,,"(urspr., kein Datum) Christian Noot",unsicher,eines,,
00004,23,stadium_6_datum,,,1838 – 1844 (nicht normalisierbar),unsicher,eines,,
00004,23,stadium_7,,,"(urspr., kein Datum) Bertram Pfeiffer",unsicher,eines,,
00004,23,stadium_7_datum,,,1844 – 1851 (nicht normalisierbar),unsicher,eines,,
00004,23,stadium_8,,,"(urspr., kein Datum) Samuel Friedrich Biegon von Czudnochowski",unsicher,eines,,
00004,23,stadium_8_datum,,,1851 – 1863 (nicht normalisierbar),unsicher,eines,,
00004,23,stadium_9,,,"(urspr., kein Datum) Friedrich de Wolff",unsicher,eines,,
00004,23,stadium_9_datum,,,1863 – 1876 (nicht normalisierbar),unsicher,eines,,
00004,23,stadtteile,Kray,Kray,,unsicher,eines,,
00004,23,strassenklasse,Gemeindestraße,Gemeindestraße,,unsicher,eines,,
000061,32,eintrag,,,Am Bocklerbaum,,eines,,
00008,24,stadium_2,1897-01-22 Bornstraße,1897-01-22 Bornstraße,1915-07-09 Ackerstraße (Verl.),automatisch,eines,,
00009,24,namensgruppe,"Bergbau, Weiblicher Vorname","Bergbau, Weiblicher Vorname",Weiblicher Vorname,automatisch,eines,,
00009,24,stadtteile,Bergerhausen,Bergerhausen,Bergeborbeck,automatisch,eines,,
00010,24,namensgruppe,"Essener Geschichte und Örtlichkeit, Kotten","Essener Geschichte und Örtlichkeit, Kotten","Essener Geschichte und Örtlichkeit, Kotten, vor 1874: Adelkampstraße",unsicher,eines,,
00010,24,stadium_1,vor 1874 Adelkampstraße,vor 1874 Adelkampstraße,"(urspr., kein Datum) Adelkamp",unsicher,eines,,
000147,47,eintrag,,,Am Wittkop,,eines,,
000148,47,eintrag,,,Am Wünnesberg,,eines,,
00016,25,stadium_1_name,Knottenberg (tlw.),Knottenberg (tlw.),Knotenberg (tlw.),geprueft,eines,,
00016,25,stadium_3_name,Knottenbergstraße,Knottenbergstraße,Knotenbergstraße,geprueft,eines,,
00016,25,stadium_6_name,Am Knottenberg (tlw.),Am Knottenberg (tlw.),Am Knotenberg (tlw.),geprueft,eines,,
00017,25,stadtteile,Stadtwald; Bredeney,Stadtwald; Bredeneey,Stadtwald; Bredeney,automatisch,eines,,
00017,25,verweis_auf,An der Kluse,An der Kluse,,automatisch,eines,,
00019,25,lemma,Agnesstraße,Agnessstraße,Agnesstraße,automatisch,eines,,
00019,25,stadium_1_name,Agnesstraße,Agnessstraße,Agnesstraße,automatisch,eines,,
00020,25,stadium_1_name,Aastraße,Aastraße,Aastrraße,automatisch,eines,,
00022,25,stadium_1_name,Bergisch-Märkische Straße,Bergisch-Märkische Straße,Ahornstraße,automatisch,eines,,
00022,25,stadium_2_name,Ahornstraße,Ahornstraße,Bergisch-Märkische Straße,automatisch,eines,,
00025,26,lemma,Akazienallee,Akazienallee,Deichmannweg,geprueft,eines,,
00025,26,namensgruppe,Essener Geschichte und Örtlichkeit,Essener Geschichte und Örtlichkeit,Familienname,geprueft,eines,,
00025,26,stadium_1,1860 Akazienallee,1860 Akazienallee,1860 Akazienallee,geprueft,eines,,
00025,26,stadtteile,Stadtkern,Stadtkern,Schönebeck,geprueft,eines,,
00031,27,namensgruppe,"Person, Mann, Deutscher, Maler, Kupferstecher, Siegelschneider, Malerviertel-Holsterhausen","Person, Mann, Deutscher, Maler, Kupferstecher, Sieelschneider, Malerviertel-Holsterhausen","Person, Mann, Deutscher, Maler, Kupferstecher, Siegelschneider, Malerviertel-Holsterhausen, urspr.: Schachtstraße",automatisch,eines,,
00031,27,stadium_3,,,"(urspr., kein Datum) Heinrich Aldegrever (in seiner niederdeutschen Heimatsprache eigentlich Hinrik Trippenmäker)",automatisch,eines,,
00031,27,stadium_3_datum,,,*1502 in Paderborn (nicht normalisierbar),automatisch,eines,,
00031,27,stadium_4,,,"(urspr., kein Datum)",automatisch,eines,,
00031,27,stadium_4_datum,,,†um 1560 in Soest (nicht normalisierbar),automatisch,eines,,
00033,28,stadium_1_name,Alfredistraße (tlw.),Alfredistraße (tlw.),Alfredstraße (tlw.),automatisch,eines,,
00034,28,stadium_1_name,Alfredistraße,Alfredistraße,Alfredstraße,automatisch,eines,,
00035,28,stadium_1,1958-07-02 Alfred-Pott-Weg,1958-07-02 Alfred-Pott-Weg,1984-06-22 Alfred-Neuse-Weg,automatisch,eines,,
00035,28,stadtteile,Bredeney,Bredenei,Bredeney,automatisch,eines,,
00036,28,stadtteile,Rüttenscheid; Bredeney,Rüttenscheid; Bredenei,Rüttenscheid; Bredeney,geprueft,eines,,
00039,29,lemma,Alleestraße,Alleestraße,Am Kunstwerk,automatisch,eines,,
00039,29,namensgruppe,,Botanik,Bergbau,automatisch,eines,,
00039,29,stadium_1,1904-11-18 Alleestraße,1904-11-18 Alleestraße,1904-11-18 Alleestraße,automatisch,eines,,
00039,29,stadtteile,Freisenbruch,Freisenbruch,Bergerhausen,automatisch,eines,,
00040,29,stadium_1,1903-02-04 Idastraße,1903-02-04 Idastraße,1910-09-16 Allerstraße,automatisch,eines,,
00042,29,stadium_1,,1922-06-02 Aloisstraße,"(urspr., kein Datum) Heinrichstraße",unsicher,eines,,
00042,29,stadium_1_datum,,1922-06-02,Juni 1922 (nicht normalisierbar),unsicher,eines,,
00042,29,stadium_2,,,1922-06-02 Aloisstraße,unsicher,eines,,
00047,30,lemma,Altenau,Altenau,Am Funkturm,automatisch,eines,,
00047,30,namensgruppe,Flurname,Flurname,Lagebezeichnung,automatisch,eines,,
00047,30,stadium_1,1929-07-26 Altenau,1929-07-26 Altenau,1929-07-26 Altenau,automatisch,eines,,
00047,30,stadtteile,Margarethenhöhe,Margarethenhöhe,Holsterhausen,automatisch,eines,,
00049,30,stadium_2_name,Yorckstraße,Yorckstraße,Vorckstraße,automatisch,eines,,
00053,31,stadium_1,"(urspr., kein Datum) Viehofer Chausee","(urspr., kein Datum) Viehofer Chaussee",1908-08-07 Altenessener Straße,automatisch,eines,,
00053,31,stadium_1_name,Viehofer Chausee,Viehofer Chaussee,Altenessener Straße,automatisch,eines,,
00053,31,stadium_3,"(urspr., kein Datum) Essen-Horster-Straße","(urspr., kein Datum) Essen-Horster-Straße",,automatisch,eines,,
00057,31,stadium_1_datum,"(urspr., kein Datum)","(urspr., kein Datum)",1914-10-09,automatisch,eines,,
00057,31,stadium_2,1914-10-09 Alfredspark,1914-10-09 Alfredspark,1959-12-11 Am Alfredspark,automatisch,eines,,
00058,27,stadium_2,,,"(urspr., kein Datum) Albert Schweitzer",automatisch,eines,,
00058,27,stadium_2_datum,,,14. Januar 1875 in Kaysersberg im Oberelsass bei Colmar (nicht normalisierbar),automatisch,eines,,
00058,27,stadium_3,,,"(urspr., kein Datum)",automatisch,eines,,
00058,27,stadium_3_datum,,,"†04. September 1965 in Lambaréné, Gabun (nicht normalisierbar)",automatisch,eines,,
000580,155,eintrag,,,Hemsingskotten,,eines,,
00059,31,verweis_auf,Ardeyplatz,Ardeyplatz,,automatisch,eines,,
00061,32,eintrag,Am Bocklerbaum,Am Bocklerbaum,,automatisch,eines,,
00062,32,namensgruppe,"Flurname, Kotten, Familienname","Flurname, Kotten, Familiennname","Flurname, Kotten, Familienname, urspr.: Bosselstraße",automatisch,eines,,
00062,32,stadium_1,"(urspr., kein Datum) Bosselstraße","(urspr., kein Datum) Bosselstraße",vor 1925 Am Bonnenberg,automatisch,eines,,
00062,32,verweis_auf,Bonnenbergstraße,Bonnenbergstraße,,automatisch,eines,,
00064,32,stadtteile,Bredeney,Bredenev,Bredeney,automatisch,eines,,
00065,32,namensgruppe,Lagebezeichnung,Lagebezeichnung,"Lagebezeichnung, 22. Januar 1897",automatisch,eines,,
00065,32,stadium_1,1897-01-22 Gertrudstraße,1897-01-22 Gertrudstraße,1915-07-09 Am Brauhaus,automatisch,eines,,
00066,32,eintrag,Am Broch,Am Broch,,automatisch,eines,,
00067,32,lemma,Am Brönngen,Am Brönngen,Bargmannstraße,automatisch,eines,,
00067,32,namensgruppe,Flurname,Flurname,"Person, Mann, Deutscher, Politiker, Beigeordneter",automatisch,eines,,
00067,32,stadium_1,1941-05-14 Am Brönngen,1941-05-14 Am Brönngen,1941-05-14 Am Brönnchen,automatisch,eines,,
00067,32,stadium_1_name,Am Brönngen,Am Brönngen,Am Brönnchen,automatisch,eines,,
00067,32,stadtteile,Haarzopf,Haarzopf,Westviertel,automatisch,eines,,
00069,33,stadium_1,1909-01-07 Am Brunnen,1909-01-07 Am Brunnen,1927-08-09 Bottroper Straße (tlw.),automatisch,eines,,
00069,33,stadium_2,,,1909-01-07 Am Brunnen,automatisch,eines,,
00069,33,stadtteile,Bredeney,Bredeneey,Bredeney,automatisch,eines,,
00070,33,lemma,Am Buschgarten,Am Buschgarten,Am Fichtenbusch,automatisch,eines,,
00070,33,namensgruppe,Flurname,Flurname,"Botanik, Wald",automatisch,eines,,
00070,33,stadium_1,1926 Am Buschgarten,1926 Am Buschgarten,1926 Am Buschgarten,automatisch,eines,,
00070,33,stadtteile,Steele,Steele,Haarzopf,automatisch,eines,,
00071,33,lemma,Am Deimelsberg,Am Deimelsberg,Erlenkampsweg,automatisch,eines,,
00071,33,namensgruppe,"Flurname, Hofname","Flurname, Hofname",Flurname,automatisch,eines,,
00071,33,stadium_1,1890-11-18 Am Deimelsberg,1890-11-18 Am Deimelsberg,1890-11-18 Am Deimelsberg,automatisch,eines,,
00071,33,stadium_2,,,1981-04-03 Daniel-Eckhardt-Straße,automatisch,eines,,
00071,33,stadium_3,,,2005-12-20 Eichholzhof,automatisch,eines,,
00071,33,stadium_4,,,1904-02-04 Winkelstraße,automatisch,eines,,
00071,33,stadtteile,Steele,Steele,Stoppenberg,automatisch,eines,,
000715,155,eintrag,,,Helmut-Werner-Weg,,eines,,
00072,33,lemma,Am Dönhof,Am Dönhof,Ernastraße,automatisch,eines,,
00072,33,namensgruppe,Hofname,Hofname,Weiblicher Vorname,automatisch,eines,,
00072,33,stadium_1,1913-05-30 Eyhof,1913-05-30 Eyhof,1913-05-30 Am Dönhof,automatisch,eines,,
00072,33,stadium_1_name,Eyhof,Eyhof,Am Dönhof,automatisch,eines,,
00072,33,stadium_2,1931-12-11 Am Dönhof,1931-12-11 Am Dönhof,1897-09-06 Elisenstraße,automatisch,eines,,
00072,33,stadtteile,Stadtwald,Stadtwald,Rüttenscheid,automatisch,eines,,
00073,110,eintrag,,,Ernestinenstraße,,eines,,
00074,33,lemma,Am Ehrenfriedhof,Am Ehrenfriedhof,Ernststraße,automatisch,eines,,
00074,33,namensgruppe,Ruhestätte,Ruhestätte,"Person, Mann, Deutscher, Landwirt, Männlicher Vorname",automatisch,eines,,
00074,33,stadium_1,1935-09-30 Lührmannstraße (tlw.),1935-09-30 Lührmannstraße (tlw.),1935-09-30 Lührmannstraße (tlw.),automatisch,eines,,
00074,33,stadium_2,1957-07-15 Am Ehrenfriedhof,1957-07-15 Am Ehrenfriedhof,1897-09-06 Ernstraße,automatisch,eines,,
00074,33,stadtteile,Fulerum,Fulerum,Kray,automatisch,eines,,
000740,104,eintrag,,,Eiergasse,,eines,,
000741,104,eintrag,,,Eigene Scholle,,eines,,
000742,104,eintrag,,,Eigene Tat,,eines,,
000743,104,eintrag,,,Eigenstraße,,eines,,
000744,104,eintrag,,,Eiland,,eines,,
000745,104,eintrag,,,Einbleckstraße,,eines,,
000746,104,eintrag,,,Einigkeitsstraße,,eines,,
00076,33,lemma,Am Elsenbusch,Am Elsenbusch,Eickelbecktal,automatisch,eines,,
00076,33,namensgruppe,"Person, Mann, Deutscher, Schreiner","Person, Mann, Deutscher, Schreiner",Gewässer,automatisch,eines,,
00076,33,stadium_1,1908-07-10 Elsenstraße,1908-07-10 Elsenstraße,1908-07-10 Elsenstraße,automatisch,eines,,
00076,33,stadium_2,1915-07-09 Am Elsenbusch,1915-07-09 Am Elsenbusch,1936-08-05 Rollländchen,automatisch,eines,,
00076,33,stadtteile,Vogelheim,Vogelheim,Kupferdreh,automatisch,eines,,
00077,34,lemma,Am Freistein,Am Freistein,Eickelkamp,unsicher,eines,,
00077,34,namensgruppe,Lagebezeichnung,Lagebezeichnung,Flurname,unsicher,eines,,
00077,34,stadium_1,1868-01-17 Am Freistein,1868-01-17 Am Freistein,1868-01-17 Am Freistein,unsicher,eines,,
00077,34,stadium_2,1892-03-29 Feldstraße,1892-03-29 Feldstraße,1890-11-18 Elisenstraße,unsicher,eines,,
00077,34,stadtteile,Nordviertel,Nordviertel,Steele,unsicher,eines,,
00078,104,eintrag,,Am Frommen Joseph,Eickenscheider Fuhr,,eines,,
00079,34,lemma,Am Gehölz,Am Gehölz,Eickwinkelstraße,automatisch,eines,,
00079,34,namensgruppe,Botanik,Botanik,Hofname,automatisch,eines,,
00079,34,stadium_1,1914-10-09 Am Gehölz,1914-10-09 Am Gehölz,1914-10-09 Am Gehölz,automatisch,eines,,
00079,34,stadium_2,,,1903-11-27 Grabenstraße,automatisch,eines,,
00079,34,stadtteile,Margarethenhöhe,Margarethenhöhe,Altenessen-Nord,automatisch,eines,,
000795,110,eintrag,,,Erntedankweg,,eines,,
000797,110,eintrag,,,Eschenburg,,eines,,
000798,110,eintrag,,,Eschenstraße,,eines,,
000809,104,eintrag,,,Eifelhang,,eines,,
00081,35,namensgruppe,Essener Geschichte und Örtlichkeit,Essener Geschichte und Örtlichkeit,"Lagebezeichnung, Str.-Gr.: Flurname",automatisch,eines,,
00081,35,stadium_2_name,Kurzestraße,Kurzestraße,Kürzestraße,automatisch,eines,,
00081,35,stadtteile,Rellinghausen; Stadtwald,Rellinghausen; Stadtwald,Rellinghausen,automatisch,eines,,
000810,110,eintrag,,,Ernst-Tengelmann-Ring,,eines,,
000816,110,eintrag,,,Eskensfeld,,eines,,
000817,110,eintrag,,,Eskenshof,,eines,,
000819,110,eintrag,,,Ernst-Barlach-Straße,,eines,,
000822,39,eintrag,,,Am Kunstschacht,,eines,,
000833,32,eintrag,,,Am Blambeckpark,,eines,,
00090,36,stadtteile,Bredeney; Werden,Bredenei; Werden,Bredeney; Werden,automatisch,eines,,
00092,37,stadium_2,,,"(urspr., kein Datum) Hinsberg",automatisch,eines,,
00092,37,stadtteile,Bredeney,Bredenei,Bredeney,automatisch,eines,,
00094,48,eintrag,Amixstraße,Amixstraße,,automatisch,eines,,
00096,37,namensgruppe,Flurname,Flurname,"Flurname, urspr.: Bergstraße",automatisch,eines,,
00096,37,stadium_1,"(urspr., kein Datum) Bergstraße","(urspr., kein Datum) Bergstraße",1929-07-12 Am Kalverkämpchen,automatisch,eines,,
000962,110,eintrag,,,Ernst-Schmidt-Platz,,eines,,
00098,38,eintrag,Am Kohlenkämpchen,Am Kohlenkämpchen,,automatisch,eines,,
00098,38,stadtteile,Bredeney,Bredenei,,automatisch,eines,,
00099,38,eintrag,Am Korintenberg,Am Korinthenberg,,automatisch,eines,,
00099,38,lemma,Am Korintenberg,Am Korinthenberg,,automatisch,eines,,
00099,38,stadium_3_name,Am Korintenberg,Am Korinthenberg,,automatisch,eines,,
00099,38,stadtteile,Bredeney; Werden,Bredenei; Werden,,automatisch,eines,,
00102,38,lemma,Am Krausen Bäumchen,Am Krausen Bäumchen,Am krausen Bäumchen,automatisch,eines,,
00102,38,namensgruppe,Flurname,Flurname,"Flurname, urspr.: Josefstraße",automatisch,eines,,
00102,38,stadium_2_datum,1903-02-04,1903-02-04,1903-09-16,automatisch,eines,,
00102,38,stadium_2_name,Hovescheidtstraße ftlw.),Hovescheidtstraße (tlw.),Am krausen Bäumchen (tlw.),automatisch,eines,,
00102,38,stadium_3_datum,1910-09-16,1910-09-16,1957-07-15,automatisch,eines,,
00102,38,stadium_3_name,Am krausen Bäumchen (Verl.),Am krausen Bäumchen (Verl.),Am krausen Bäumchen,automatisch,eines,,
00102,38,stadium_4,1957-07-15 Am Krausen Bäumchen,1957-07-15 Am Krausen Bäumchen,,automatisch,eines,,
00104,39,namensgruppe,"Flurname, Familienname","Flurname, Familienname",Flurname,automatisch,eines,,
00104,39,stadtteile,Überruhr-Holthausen,Überruhr-Holthausen,Überruhr-Holtausen,automatisch,eines,,
00105,39,stadium_1,"(urspr., kein Datum) Baumstraße","(urspr., kein Datum) Baumstraße",1937-11-20 Am Krusen,automatisch,eines,,
00106,39,namensgruppe,"Flurname, Familienname","Flurname, Familienname",Flurname,automatisch,eines,,
00107,39,stadium_1_name,Lilienstraße,Lilienstraße,Am Lehmberg,automatisch,eines,,
00107,39,stadium_2,1946-05-22 Am Lehmberg,1946-05-22 Am Lehmberg,,automatisch,eines,,
00109,40,stadtteile,Bredeney,Bredenei,Bredeney,automatisch,eines,,
00119,42,stadtteile,Bredeney,Bredenei,Bredeney,automatisch,eines,,
00124,42,stadtteile,Altenessen-Süd,Altenessen-Süd,Altensessen-Süd,automatisch,eines,,
00125,42,namensgruppe,"Flurname, Hofname","Flurname, Hofname",Hofname,automatisch,eines,,
00125,42,stadium_1,1957-01-23 Am Schlangenberg,1957-01-23 Am Schlangenberg,1965-02-17 Waldthausenbrücke,automatisch,eines,,
00125,42,stadium_2,,,1957-01-23 Am Schlangenberg,automatisch,eines,,
00125,42,stadtteile,Bergerhausen,Bergerhausen,Bergeborbeck,automatisch,eines,,
00128,43,lemma,Am Schultenhof,Am Schultenhof,Am Schultehof,automatisch,eines,,
00128,43,stadium_1_name,Am Schultenhof,Am Schultenhof,Am Schultehof,automatisch,eines,,
00130,48,eintrag,Amselstraße,Amselstraße,,automatisch,eines,,
00132,44,eintrag,Am Stift,Am Stift,,automatisch,eines,,
00134,44,stadium_3_datum,1950-07-05,1950-07-05,1951-03-05,automatisch,eines,,
00134,44,stadium_4_datum,1951-03-05,1951-03-05,1950-07-05,automatisch,eines,,
00134,44,stadtteile,Bredeney,Bredeneey,Bredeney,automatisch,eines,,
00136,45,stadium_1,1953-10-13 Am Treppchen,1953-10-13 Am Treppchen,1918 Am Treppchen,geprueft,eines,,
00139,45,lemma,Am Vogelherd,Am Vogelherd,Am Vogelsang,automatisch,eines,,
00139,45,stadium_1_name,Am Vogelherd,Am Vogelherd,Am Vogelsang,automatisch,eines,,
00145,46,namensgruppe,Lehngut,Lehngut,Lehnsgut,automatisch,eines,,
00146,46,stadtteile,Bredeney,Bredeneey,Bredeney,automatisch,eines,,
00147,47,eintrag,Am Wittkop,Am Wittkop,,automatisch,eines,,
00147,47,stadtteile,Bredeney,Bredenei,,automatisch,eines,,
00148,47,eintrag,Am Wünnesberg,Am Wünnesberg,,automatisch,eines,,
00149,47,lemma,Am Zehnthof,Am Zehnhof,Am Zehnthof,automatisch,eines,,
00149,47,stadium_2,1933-05-08 Am Zehnthof,1933-05-08 Am Zehnhof,1897-11-29 Wisthoffstraße,automatisch,eines,,
00149,47,stadium_2_datum,1933-05-08,1933-05-08,1897-11-29,automatisch,eines,,
00149,47,stadium_2_name,Am Zehnthof,Am Zehnhof,Wisthoffstraße,automatisch,eines,,
00149,47,stadium_3,"(urspr., kein Datum) Eickenscheidterstraße","(urspr., kein Datum) Eickenscheidterstraße","(urspr., kein Datum) Schönscheidtstraße (tlw.)",automatisch,eines,,
00149,47,stadium_3_name,Eickenscheidterstraße,Eickenscheidterstraße,Schönscheidtstraße (tlw.),automatisch,eines,,
00149,47,stadium_3_urspruenglich,wahr,wahr,falsch,automatisch,eines,,
00149,47,stadium_4_name,Am Zehnthof (Verl.),Am Zehnhof (Verl.),Am Zehnthof,automatisch,eines,,
001515,104,eintrag,,,Eilpeweg,,eines,,
00154,48,lemma,An der Bläufabrik,An der Bläufabrik,An der Blaufabrik,automatisch,eines,,
00154,48,stadium_1_name,An der Bläufabrik,An der Bläufabrik,An der Blaufabrik,automatisch,eines,,
00156,49,lemma,An der Fliehburg,An der Fliehburg,An der Flieburg,automatisch,eines,,
00156,49,stadium_1_name,An der Fliehburg,An der Fliehburg,An der Flieburg,automatisch,eines,,
00157,49,stadtteile,Bredeney,Bredeneey,Bredeney,automatisch,eines,,
00161,50,namensgruppe,Essener Geschichte und Örtlichkeit,Essener Geschichte und Örtlichkeit,"Gemeindestraße, Str.-Gr.: Essener Geschichte und Örtlichkeit",automatisch,eines,,
00168,53,stadtteile,Bredeney,Bredenei,Bredeney,automatisch,eines,,
00170,34,stadtteile,Überruhr-Hinsel,Ürruhr-Hinsel,Überruhr-Hinsel,automatisch,eines,,
00171,52,stadtteile,Bergerhausen,Bergerhausen,Bergeborbeck,automatisch,eines,,
00174,52,lemma,An St. Immakulata,An St. Immaculata,An St. Immakulata,automatisch,eines,,
00175,53,stadium_1_datum,1868-01-17,1868-01-17,1868,automatisch,eines,,
00176,53,namensgruppe,"Essener Geschichte und Örtlichkeit, Kirche und Kloster","Essener Geschichte und Örtlichkeit, Kirche und Kloster","Eßener Geschichte und Örtlichkeit, Kirche und Kloster",automatisch,eines,,
00178,53,stadtteile,Vogelheim,Vogelheim,Bergeborbeck,automatisch,eines,,
00179,54,namensgruppe,"Person, Mann, Deutscher, Lehrer","Person, Mann, Deutscher, Lehrer","Person, Mann",automatisch,eines,,
00179,54,stadium_1,1900-11-06 Schulstraße,1900-11-06 Schulstraße,1937-11-20 Anstockstraße,automatisch,eines,,
00181,54,lemma,Antoniusstraße,Antoniusstraße,Antoniastraße,automatisch,eines,,
00181,54,stadium_1_name,Antoniusstraße,Antoniusstraße,Antoniastraße,automatisch,eines,,
00182,34,eintrag,Am Gerichtshaus - Gerichtshaus Byfang 1916 Am Gerichtshaus,Am Gerichtshaus,,unsicher,eines,,
00182,34,lemma,Am Gerichtshaus - Gerichtshaus Byfang 1916 Am Gerichtshaus,Am Gerichtshaus,,unsicher,eines,,
00183,54,stadium_1_datum,1905,1905,ca. 1905 (nicht normalisierbar),automatisch,eines,,
00184,54,stadium_1,"(urspr., kein Datum) Stolzestraße","(urspr., kein Datum) Stolzestraße",1902-05-16 Archenholzstraße,automatisch,eines,,
00187,54,verweis_auf,Ardeyplatz,Ardeyplatz,,automatisch,eines,,
00190,55,lemma,Arminiusgarten,Arminiushof,Arminiustraße,automatisch,eines,,
00190,55,stadium_2_name,Arminiusgarten,Arminiushof,Arminiustraße,automatisch,eines,,
00193,55,stadtteile,Bredeney,Bredenei,Bredeney,automatisch,eines,,
00194,55,stadium_1,"(urspr., kein Datum) Asbachtalweg","(urspr., kein Datum) Asbachtalweg",1937-11-20 Asbachtal,automatisch,eines,,
00197,55,stadtteile,Bredeney; Schuir,Bredenei; Schuir,Bredeney; Schuir,automatisch,eines,,
00198,56,eintrag,Askaristraße,Askaristraße,,automatisch,eines,,
00199,56,eintrag,Asthöwerstraße,Asthöwerstraße,,unsicher,eines,,
00200,56,eintrag,Auf dem Bretzberg,Auf dem Bretzberg,,automatisch,eines,,
00202,56,namensgruppe,"Flurname, Familienname","Flurname, Familiennname",Flurname,automatisch,eines,,
00202,56,stadtteile,Bedingrade,Bedingrade,Bediengrad,automatisch,eines,,
00204,56,lemma,Auf dem Holleter,Auf dem Holleter,Auf dem Hollerter,automatisch,eines,,
00204,56,stadium_1_name,Auf dem Holleter,Auf dem Holleter,Auf dem Hollerter,automatisch,eines,,
00205,56,lemma,Auf dem Kolfen,Auf dem Kolfen,Auf dem Kolken,automatisch,eines,,
00205,56,stadium_1_name,Auf dem Kolfen,Auf dem Kolfen,Auf dem Kolken,automatisch,eines,,
00214,57,namensgruppe,"Essener Geschichte und ÖOrtlichkeit, Flurname","Essener Geschichte und Örtlichkeit, Flurname",Essener Geschichte und Örtlichkeit,automatisch,eines,,
002179,243,eintrag,,,Museumsplatz,,eines,,
002220,243,eintrag,,,Naatlandstraße,,eines,,
002221,243,eintrag,,,Nachbarnweg,,eines,,
002222,243,eintrag,,,Nagelstraße,,eines,,
002223,243,eintrag,,,Narjesstraße,,eines,,
002224,243,eintrag,,,Narzissenweg,,eines,,
002225,243,eintrag,,,Nebenbankstraße,,eines,,
002227,243,eintrag,,,Nedelmannstraße,,eines,,
002228,243,eintrag,,,Neißestraße,,eines,,
002229,243,eintrag,,,Nekesweg,,eines,,
002230,243,eintrag,,,Nelkengarten,,eines,,
002231,243,eintrag,,,Netheweg,,eines,,
002233,243,eintrag,,,Nettelnbusch,,eines,,
00224,58,lemma,Aufhau,Aufhau,Aufbau,automatisch,eines,,
00224,58,stadium_1_name,Aufhau,Aufhau,Aufbau,automatisch,eines,,
002244,47,eintrag,,,Am Wolfshof,,eines,,
00225,58,lemma,Auf'm Berg,Auf'm Berg,Aufm Berg,automatisch,eines,,
00225,58,namensgruppe,"Flurname, Hofname","Flurname, Hofname",Flurname,automatisch,eines,,
00225,58,stadium_1_datum,1953-03-03,1953-03-03,1668,automatisch,eines,,
00225,58,stadium_1_name,Auf'm Berg,Auf'm Berg,Aufm Berg,automatisch,eines,,
00225,58,strassenklasse,Gemeindestraße,Gemeindestraße,Flurname; Hofname,automatisch,eines,,
00226,58,lemma,Auf'm Bögel,Auf'm Bögel,Aufm Bögel,automatisch,eines,,
00226,58,stadium_1_name,Auf'm Bögel,Auf'm Bögel,Aufm Bögel,automatisch,eines,,
00227,58,lemma,Auf'm Böntchen,Auf'm Böntchen,Aufm Böntchen,automatisch,eines,,
00227,58,stadium_2_name,Auf'm Böntchen,Auf'm Böntchen,Aufm Böntchen,automatisch,eines,,
00228,58,lemma,Auf'm Bruch,Auf'm Bruch,Aufm Bruch,automatisch,eines,,
00228,58,stadium_1_name,Auf'm Bruch,Auf'm Bruch,Aufm Bruch,automatisch,eines,,
002282,243,eintrag,,,Neptunstraße,,eines,,
002287,243,eintrag,,,Natorpstraße,,eines,,
00229,58,lemma,Auf'm Dörnchen,Auf'm Dörnchen,Aufm Dörnchen,automatisch,eines,,
00229,58,stadium_1_name,Auf'm Dörnchen,Auf'm Dörnchen,Aufm Dörnchen,automatisch,eines,,
00230,58,lemma,Auf'm Gartenstück,Auf'm Gartenstück,Aufm Gartenstück,automatisch,eines,,
00230,58,stadium_1_name,Auf'm Gartenstück,Auf'm Gartenstück,Aufm Gartenstück,automatisch,eines,,
00231,58,lemma,Auf'm Kahr,Auf'm Kahr,Aufm Kahr,automatisch,eines,,
00231,58,stadium_1_name,Auf'm Kahr,Auf'm Kahr,Aufm Kahr,automatisch,eines,,
00232,58,lemma,Auf'm Kirchenland,Auf'm Kirchenland,Aufm Keller,automatisch,eines,,
00232,58,namensgruppe,Flurname,Flurname,"Hofname, Familienname",automatisch,eines,,
00232,58,stadium_1_datum,1959-02-02,1959-02-02,1971-10-20,automatisch,eines,,
00232,58,stadium_1_name,Auf'm Kirchentand,Auf'm Kirchenland,Aufm Keller,automatisch,eines,,
00232,58,stadtteile,Leithe,Leithe,Haarzopf,automatisch,eines,,
00233,58,lemma,Auf'm Rolland,Auf'm Rolland,Aufm Kirchenland,automatisch,eines,,
00233,58,stadium_1_datum,1953-07-31,1953-07-31,1959-02-02,automatisch,eines,,
00233,58,stadium_1_name,Auf'm Rolland,Auf'm Rolland,Aufm Kirchenland,automatisch,eines,,
00233,58,stadtteile,Borbeck-Mitte,Borbeck-Mitte,Leithe,automatisch,eines,,
00234,58,lemma,Auf'm Steinacker,Auf'm Steinacker,Aufm Rolland,automatisch,eines,,
00234,58,stadtteile,Werden,Werden,Borbeck-Mitte,automatisch,eines,,
00235,59,stadium_1,1958-07-02 Auf'm Uhlenbroich,1958-07-02 Auf'm Uhlenbroich,1907-08-06 Helmesberg,geprueft,eines,,
00235,59,stadium_2,,,1958-07-02 Auf'm Uhlenbroich,geprueft,eines,,
00236,59,lemma,Augenerstraße,Augenerstraße,Augenstraße,automatisch,eines,,
00236,59,stadium_1_datum,"(urspr., kein Datum)","(urspr., kein Datum)",1933-08-14,automatisch,eines,,
00236,59,stadium_1_name,Prozessionsweg,Prozessionsweg,Augenstraße,automatisch,eines,,
00236,59,stadium_1_urspruenglich,wahr,wahr,falsch,automatisch,eines,,
00236,59,stadium_2,1933-08-14 Augenerstraße,1933-08-14 Augenerstraße,,automatisch,eines,,
00239,39,eintrag,Am Kunstwerk,Am Kunstwerk,,automatisch,eines,,
00241,40,lemma,Am Luftschacht,Am Luftschaft,Am Luftschacht,automatisch,eines,,
00241,40,stadium_1_name,Am Luftschacht,Am Luftschaft,Am Luftschacht,automatisch,eines,,
00243,27,stadium_2,,,"(urspr., kein Datum) Nach dem Kotten Aldenhof, der hart am sog. Abzweig Katernberg am Katernberger Bach lag",automatisch,eines,,
00243,27,stadium_3,,,"(urspr., kein Datum)",automatisch,eines,,
00243,27,stadium_3_datum,,,"(Fließtext, 173 Zeichen, verworfen) (nicht normalisierbar)",automatisch,eines,,
00243,27,stadium_4_datum,,,Grundherr ist der Offizial Can. Brockhoff in Essen (nicht normalisierbar),automatisch,eines,,
00244,47,eintrag,Am Wolfshof,Am Wolfshof,,automatisch,eines,,
00245,54,lemma,Antoniushang,Antonius hang,Antoniushang,automatisch,eines,,
00245,54,stadium_1_name,Antoniushang,Antonius hang,Antoniushang,automatisch,eines,,
00245,54,verweis_auf,Antoniusstraße,Antoniusstraße,,automatisch,eines,,
00247,34,eintrag,Am Funkturm,Am Funkturm,,automatisch,eines,,
00250,49,eintrag,An der Hütung,An der Hütung,,automatisch,eines,,
002510,41,eintrag,,,Am Reiterhof,,eines,,
002515,74,eintrag,,,Bonsiepen,,eines,,
00254,48,stadtteile,Borbeck-Mitte,Borbeck-Mitte,Bordeck-Mitte,unsicher,eines,,
00262,38,eintrag,Am Kieskamp,Am Kieskamp,,automatisch,eines,,
00263,38,eintrag,Am Kirchhof,Am Kirchhof,,automatisch,eines,,
00265,48,eintrag,Amselweg,Amselweg,,automatisch,eines,,
00266,43,stadium_1_datum,1951-11-13,1951-11-13,1951-11-11,automatisch,eines,,
00267,44,eintrag,Am Stern,Am Stern,,automatisch,eines,,
00272,59,stadtteile,Altenessen-Süd; Stoppenberg,Altensessen-Süd; Stoppenberg,Altendorf-Süd; Stoppenberg,automatisch,eines,,
00274,60,lemma,Baedekerstraße,Baedeckerstraße,Baedekerstraße,automatisch,eines,,
00274,60,stadium_2_name,Baedekerstraße,Baedeckerstraße,Baedekerstraße,automatisch,eines,,
00276,60,stadtteile,Altenessen-Süd,Altenessen-Süd,Altessen-Süd,automatisch,eines,,
00280,61,namensgruppe,"Nummerierungsbezirk, Rittersitz","Nummerierungsbezirk, Rittersitz","Nummerierungsbezirk, Ritteritz",automatisch,eines,,
00281,61,namensgruppe,"Person, Mann, Deutscher, Meteorologe, Ballonfahrer","Person, Mann, Deutscher, Meteorologe, Ballonfahrer","Person, Mann",geprueft,eines,,
00282,61,namensgruppe,"Person, Mann, Deutscher, Architekt, Bildhauer, Maler","Person, Mann, Deutscher, Architekt, Bildhauer, Maler","Person, Mann",automatisch,eines,,
00284,61,stadium_1_name,Barbarastraße,Barbarastrasse,Barbarastraße,automatisch,eines,,
00285,61,lemma,Barbarastraße,Barbarastrasse,Barbarastraße,automatisch,eines,,
00285,61,stadium_1_name,Barbarastaße,Barbarastaße,Barbarastraße,automatisch,eines,,
00286,61,namensgruppe,"Person, Mann, Kaiser,Platz","Person, Mann, Kaiser,Platz","Person, Mann",geprueft,eines,,
00286,61,stadium_1_name,Marktplatz,Marktplatz,Kaiserplatz,geprueft,eines,,
00287,61,namensgruppe,"Person, Mann, Deutscher, Professor, Mediziner, Chirurg","Person, Mann, Deutscher, Professor, Mediziner, Chirurg","Person, Mann",automatisch,eines,,
00290,62,stadium_1_name,Barkhofenallee,Barkhofenallee,Barkhofallee,automatisch,eines,,
00291,62,stadium_1,"(urspr., kein Datum) Augustinusstraße","(urspr., kein Datum) Augustinusstraße",1902-05-16 Barthel-Bruyn-Straße,automatisch,eines,,
00292,62,namensgruppe,Lehngut,Lehngut,Lehnsgut,automatisch,eines,,
00293,63,stadium_1,"(urspr., kein Datum) Am Hochbassin","(urspr., kein Datum) Am Hochbassin",1868-01-17 Bassinstraße,automatisch,eines,,
00294,63,stadtteile,Altenessen-Nord,Altenessen-Nord,Altensen-Nord,automatisch,eines,,
00296,63,lemma,Baumblüte,Baumbüte,Baumblüte,automatisch,eines,,
00296,63,stadium_2_name,Baumblüte,Baumbüte,Baumblüte,automatisch,eines,,
00296,63,stadtteile,Bredeney,Bredenev,Bredeney,automatisch,eines,,
00298,65,lemma,Behaimring,Behaimring,Behamring,automatisch,eines,,
00298,65,stadium_1_name,Behaimring,Behaimring,Behamring,automatisch,eines,,
00299,68,eintrag,Berliner Platz,Berliner Platz,,automatisch,eines,,
00300,63,verweis_auf,Dreilindenstraße,Dreilindenstraße,,automatisch,eines,,
00301,63,stadtteile,Altenessen-Nord,Altenessen-Nord,Altensen-Nord,automatisch,eines,,
00303,63,stadtteile,Bergerhausen,Bergerhausen,Bergeborbeck,automatisch,eines,,
00304,64,namensgruppe,"Flurname, Familienname","Flurname, Familienname","Flurname, Familienname, urspr.: Beckerskamp",automatisch,eines,,
00304,64,stadium_1_datum,"(urspr., kein Datum)","(urspr., kein Datum)",1969-01-15,automatisch,eines,,
00304,64,stadium_1_name,Beckerskamp,Beckerskamp,Beckerskamp (Verl.),automatisch,eines,,
00304,64,stadium_1_urspruenglich,wahr,wahr,falsch,automatisch,eines,,
00304,64,stadium_2,1969-01-15 Beckerskamp (Vert.),1969-01-15 Beckerskamp (Verl.),,automatisch,eines,,
00304,64,stadium_2_name,Beckerskamp (Vert.),Beckerskamp (Verl.),,automatisch,eines,,
00305,64,lemma,Beckhansweg,Beckhansweg,Beckansweg,automatisch,eines,,
00305,64,stadium_2_name,Beckhansweg,Beckhansweg,Beckansweg,automatisch,eines,,
00306,64,stadium_1_name,Adelskamp,Adelkamp,Adelskamp,automatisch,eines,,
00306,64,stadtteile,Bredeney,Bredeneey,Bredeney,automatisch,eines,,
00308,64,lemma,Beckstädtstraße,Beckstädtstraße,Beckstädter Straße,automatisch,eines,,
00308,64,stadium_2_name,Beckstädtstraße,Beckstädtstraße,Beckstädter Straße,automatisch,eines,,
00310,64,lemma,Beckumsfeld,Beckumfeld,Beckumsfeld,automatisch,eines,,
00310,64,stadium_2_name,Beckumsfeld,Beckumfeld,Beckumsfeld,automatisch,eines,,
00311,64,stadium_2,,,1937-11-20 Bedastraße,automatisch,eines,,
00313,64,lemma,Beekerwerth,Beeperwerth,Beekerwerth,automatisch,eines,,
00314,65,lemma,Beekmannstraße,Beekmannstraße,Beeckmannstraße,automatisch,eines,,
00314,65,stadium_1_datum,"(urspr., kein Datum)","(urspr., kein Datum)",1910-09-16,automatisch,eines,,
00314,65,stadium_1_name,Bismarckstraße,Bismarckstraße,Beeckmannstraße,automatisch,eines,,
00314,65,stadium_1_urspruenglich,wahr,wahr,falsch,automatisch,eines,,
00314,65,stadium_2,1910-09-16 Beekmannstraße,1910-09-16 Beekmannstraße,,automatisch,eines,,
00314,65,verweis_auf,,,Spiekermannstraße,automatisch,eines,,
00315,65,stadium_1_datum,"(urspr., kein Datum)","(urspr., kein Datum)",1900-05-04,automatisch,eines,,
00315,65,stadium_2_datum,1900-05-04,1900-05-04,1915-07-09,automatisch,eines,,
00315,65,stadium_3,1915-07-09 Beethovenstraße (Verl.),1915-07-09 Beethovenstraße (Verl.),,automatisch,eines,,
00316,68,stadium_2,,,1859-08-06 Joseph Arthur Stanislaus Berson (auch: Joseph Arthur Stanislaus Berson),automatisch,eines,,
00317,65,eintrag,,,Beisekampsfurt,,eines,,
00318,65,stadium_2_name,Alfred-Schröer-Straße,Alfred-Schröer-Straße,Alfred-Schröder-Straße,automatisch,eines,,
00318,65,stadium_3_name,Beisenstraße (Verl.),Beisenstraße (Verl.),Beisenstraße,automatisch,eines,,
00319,65,stadium_2,,,"(urspr., kein Datum) An Beiseweg",automatisch,eines,,
00320,65,verweis_auf,Peterstraße,Peterstraße,,automatisch,eines,,
00326,66,stadium_1_name,Rausenbergerstraße (tlw.),Rausenbergerstraße (tlw.),Rausenbergstraße (tlw.),automatisch,eines,,
00326,66,stadtteile,Bredeney,Bredenei,Bredeney,automatisch,eines,,
003265,110,eintrag,,,Erzstraße,,eines,,
00327,66,stadtteile,Bredeney,Bredenei,Bredeney,automatisch,eines,,
00328,66,lemma,Bergbaustraße,Bergbaustraße,Bergbauaue,automatisch,eines,,
00328,66,stadium_2_name,Viktoriastraße (tlw.),Viktoriastraße (tlw.),Viktoriastraße,automatisch,eines,,
00328,66,stadium_3_name,Bergbaustraße,Bergbaustraße,Bergbauaue,automatisch,eines,,
00328,66,stadium_5_name,Bergbaustraße (Verl.),Bergbaustraße (Verl.),Bergbauaue (Verl.),automatisch,eines,,
00328,66,stadium_6_name,Bergbaustraße (Verl.),Bergbaustraße (Verl.),Bergbauaue (Verl.),automatisch,eines,,
00331,66,verweis_auf,Bergheimer Straße,Bergheimer Straße,,geprueft,eines,,
00336,67,stadtteile,Bochold,Bochold,Bocholz,automatisch,eines,,
00337,67,stadtteile,Bochold,Bochold,Bocholz,automatisch,eines,,
00337,67,verweis_auf,Bergmühle,Bergmühle,,automatisch,eines,,
00338,311,stadium_1,1889-10-16 Bergstraße,1889-10-16 Bergstraße,1937-07-15 Bergerhof,automatisch,eines,,
00342,68,eintrag,Berliner Straße,Berliner Straße,,automatisch,eines,,
00343,68,eintrag,Bernestraße,Bernestraße,,automatisch,eines,,
00344,68,eintrag,Bernhardstraße,Bernhardstraße,,automatisch,eines,,
00345,68,lemma,Berswortschanze,Berswortschanze,Berswordtstraße,automatisch,eines,,
00345,68,stadium_2_name,Berswortschanze,Berswortschanze,Berswordtstraße,automatisch,eines,,
00345,68,stadium_3,,,"(urspr., kein Datum) Adrian von Berswordt (Berswordt)",automatisch,eines,,
00348,69,stadium_1_name,Frohnhauser Straße (tlw.),Frohnhauser Straße (tlw.),Frohnhauser Straße,automatisch,eines,,
00349,69,stadium_1_datum,"(urspr., kein Datum)","(urspr., kein Datum)",urspr.: Martinstraße (nicht normalisierbar),automatisch,eines,,
00349,69,stadium_1_name,Martinstraße,Martinstraße,,automatisch,eines,,
00350,69,stadium_1_name,Schraeplerstraße (tlw.),Schraeplerstraße (tlw.),Schraeperstraße (tlw.),automatisch,eines,,
00350,69,stadtteile,Bergeborbeck,Borgeborbeck,Bergeborbeck,automatisch,eines,,
00352,69,lemma,Beulenhof,Beulenhof,Beulenerhof,automatisch,eines,,
00352,69,stadium_2_name,Beulenhof,Beulenhof,Beulenerhof,automatisch,eines,,
003561,53,eintrag,,,Angelikastraße,,eines,,
003562,53,eintrag,,,Anemonenweg,,eines,,
00357,70,namensgruppe,"Gemeindestraße, Stadt und Ort, Siedlung","Gemeindestraße, Stadt und Ort, Siedlung",Stadt und Ort,unsicher,eines,,
00357,70,stadtteile,Bedingrade; Geschede,Bedingrade; Geschede,Bedingrade; Gerschede,unsicher,eines,,
00357,70,strassenklasse,,,Gemeindestraße; Siedlung,unsicher,eines,,
003601,32,eintrag,,,Am Bilstein,,eines,,
003631,65,eintrag,,,Beetstraße,,eines,,
00364,80,verweis_auf,Breukelmannhof,Breukelmannhof,,automatisch,eines,,
003652,26,eintrag,,,Akademiestraße,,eines,,
00367,71,lemma,Bischoffstraße,Bischoffstraße,Bischofsstraße,automatisch,eines,,
00367,71,stadium_3_name,Bischoffstraße,Bischoffstraße,Bischofsstraße,automatisch,eines,,
00367,71,stadtteile,Altenessen-Nord; Süd,Altenessen-Nord; Süd,Altenessen-Nord; Altenessen-Süd,automatisch,eines,,
003689,47,eintrag,,,Am Wildbach,,eines,,
00369,71,strassenklasse,Bundesstraße; Kreisstraße,Bundesstraße; Kreisstraße,Bundestraße; Kreisstraße,automatisch,eines,,
00369,71,verweis_auf,Bismarckplatz,Bismarckplatz,,automatisch,eines,,
00370,71,namensgruppe,"Bergbau, Nummerierungsbezirk","Bergbau, Nummerierungsbezirk","Bergbau, Nummernierungsbezirk",automatisch,eines,,
00370,71,stadium_1,1910 Siepenweg,1910 Siepenweg,1937-11-20 Bissenkamp,automatisch,eines,,
00372,71,stadium_2_datum,1937-11-20,1937-11-20,"(urspr., kein Datum)",automatisch,eines,,
00375,71,namensgruppe,"Person, Mann, Deutscher, Fürst, Generalfeldmarschall, Kriegserinnerung","Person, Mann, Deutscher, Fürst, Generalfeldmarschall, Kriegserinnerung","Person, Mann, Deutscher, Fürst, Generalfeldmarschall, Kriegs-erinnerung",automatisch,eines,,
00377,72,stadtteile,Bredeney,Bredenei,Bredeney,automatisch,eines,,
00378,72,lemma,Blumenthalstraße,Blumenthalstraße,Fritz Dietzel,automatisch,eines,,
00378,72,namensgruppe,"Person, Mann, Deutscher, Graf, Generalfeldmarschall, Kriegserinnerung","Person, Mann, Deutscher, Graf, Generalfeldmarschall, Kriegserinnerung",,automatisch,eines,,
00378,72,stadium_1,1900-05-04 Blumenthalstraße,1900-05-04 Blumenthalstraße,1900-05-04 Blumenthalstraße,automatisch,eines,,
00378,72,stadium_1_datum,1900-05-04,1900-05-04,1943 - 1945 (nicht normalisierbar),automatisch,eines,,
00378,72,stadium_2,,,"(urspr., kein Datum) Carl Hold",automatisch,eines,,
00378,72,stadtteile,Südostviertel; Huttrop,Südostviertel; Huttrop,,automatisch,eines,,
00378,72,strassenklasse,Gemeindestraße,Gemeindestraße,,automatisch,eines,,
00379,72,namensgruppe,Bauerschaft,Bauerschaft,"Bauerschaft, urspr. Bocholder Landstraße",unsicher,eines,,
00379,72,stadium_1,"(urspr., kein Datum) Bocholder Landstraße","(urspr., kein Datum) Bocholder Landstraße",1891-04-30 Hochstraße,unsicher,eines,,
00380,72,namensgruppe,Stadt und Ort,Stadt und Ort,Lagebezeichnung,automatisch,eines,,
00380,72,stadium_1_datum,vor 1875,vor 1875,1890,automatisch,eines,,
00380,72,stadium_1_name,Berliner Straße,Berliner Straße,Chausseestraße,automatisch,eines,,
00380,72,stadium_2_datum,1890-11-18,1890-11-18,1909,automatisch,eines,,
00380,72,stadium_2_name,Chausseestraße,Chausseestraße,Bahnhofstraße,automatisch,eines,,
00380,72,stadium_3_datum,1909-03-26,1909-03-26,1926-05-19,automatisch,eines,,
00380,72,stadium_3_name,Bahnhofstraße,Bahnhofstraße,Bochumer Straße (tlw.),automatisch,eines,,
00380,72,stadium_4_datum,1926-05-19,1926-05-19,1980-05-23,automatisch,eines,,
00380,72,stadium_4_name,Bochumer Straße,Bochumer Straße,Bochumer Landstraße,automatisch,eines,,
00380,72,stadium_5,1936-01-15 Bochumer Straße (Verl.),1936-01-15 Bochumer Straße (Verl.),,automatisch,eines,,
00380,72,stadium_6,1979-08-22 Bochumer Straße (Verl.),1979-08-22 Bochumer Straße (Verl.),,automatisch,eines,,
00380,72,stadtteile,Steele,Steele,Stadtkern,automatisch,eines,,
00382,72,stadium_1_name,Ludgerusstraße,"Ludgerusstraße, Kirchstraße und Kuckuckstraße (tlw.)",Ludgerusstraße,automatisch,eines,,
00383,72,lemma,Böcklinstraße,Böcklinstraße,Stadtoberhäupter,automatisch,eines,,
00383,72,namensgruppe,"Person, Mann, Schweizer, Maler, Zeichner, Grafiker, Bildhauer, Malerviertel-Holsterhausen","Person, Mann, Schweizer, Maler, Zeichner, Grafiker, Bildhauer, Malerviertel-Holsterhausen",,automatisch,eines,,
00383,72,stadium_10_datum,,,1984 – 1989 (nicht normalisierbar),automatisch,eines,,
00383,72,stadium_11_datum,,,1989 – 1999 (nicht normalisierbar),automatisch,eines,,
00383,72,stadium_12_datum,,,1999 – 2009 (nicht normalisierbar),automatisch,eines,,
00383,72,stadium_13_datum,,,2009 – 2015 (nicht normalisierbar),automatisch,eines,,
00383,72,stadium_1_datum,1931-02-12,1931-02-12,1933 – 1937 (nicht normalisierbar),automatisch,eines,,
00383,72,stadium_2_datum,,,1937 – 1945 (nicht normalisierbar),automatisch,eines,,
00383,72,stadium_3_datum,,,04.–07.1945 (nicht normalisierbar),automatisch,eines,,
00383,72,stadium_4_datum,,,1945 – 1946 (nicht normalisierbar),automatisch,eines,,
00383,72,stadium_6_datum,,,1946 – 1949 (nicht normalisierbar),automatisch,eines,,
00383,72,stadium_7_datum,,,1949 – 1956 (nicht normalisierbar),automatisch,eines,,
00383,72,stadium_8_datum,,,1956 – 1969 (nicht normalisierbar),automatisch,eines,,
00383,72,stadium_9_datum,,,1969 – 1984 (nicht normalisierbar),automatisch,eines,,
00383,72,stadtteile,Holsterhausen,Holsterhausen,,automatisch,eines,,
00383,72,strassenklasse,Gemeindestraße,Gemeindestraße,,automatisch,eines,,
00384,72,stadium_2_datum,1915-07-09,09. Juli (nicht normalisierbar),1915-07-09,automatisch,eines,,
00385,73,namensgruppe,"Person, Mann, Deutscher, Historiker","Person, Mann, Deutscher, Historiker","Person, Mann, Deutscher, Historiker, urspr.: Mariastraße",automatisch,eines,,
00385,73,stadium_1_datum,"(urspr., kein Datum)","(urspr., kein Datum)",1902-05-16,automatisch,eines,,
00385,73,stadium_1_name,Mariusstraße,Mariusstraße,Böhmerstraße,automatisch,eines,,
00385,73,stadium_1_urspruenglich,wahr,wahr,falsch,automatisch,eines,,
00385,73,stadium_3,,,1795-04-22 Johann Friedrich Böhmer,automatisch,eines,,
00385,73,stadium_4,,,1863-10-22 Frankfurt/Main,automatisch,eines,,
00387,73,namensgruppe,"Person, Mann, Deutscher, Chemiker, Physiker","Person, Mann, Deutscher, Chemiker, Physiker","Person, Mann, Deutscher, Chemiker, Physiker, urspr.: Bischoffstraße",automatisch,eines,,
00387,73,stadium_1_name,Bischoffstraße,Bischoffstraße,Boettgerstraße,automatisch,eines,,
00387,73,stadium_3,,,1806-04-28 Aschersleben,automatisch,eines,,
00387,73,stadium_4,,,1881-04-29 Frankfurt am Main,automatisch,eines,,
00388,73,namensgruppe,Lagebezeichnung,Lagebezeichnung,"Lagebezeichnung, etwa 1922: Bogenstraße",automatisch,eines,,
00397,74,namensgruppe,"Flurname, Kotten","Flurname, Kotten","Flurname, Kotten, etwa",automatisch,eines,,
00398,74,lemma,Bonscheidter Straße,Bonscheidter Straße,Bonscheider Straße,automatisch,eines,,
00398,74,namensgruppe,Flur-name,Flurname,Str.-Gr.: Flurname,automatisch,eines,,
00398,74,stadium_1_name,Bonnscheidter Straße,Bonscheidter Straße,Bonscheider Straße,automatisch,eines,,
00399,74,stadium_3,,,"(urspr., kein Datum)",automatisch,eines,,
00399,74,stadium_3_datum,,,"Platz ""Alter Markt"" im Zentrum der ehemaligen Bürgermeisterei Borbeck (nicht normalisierbar)",automatisch,eines,,
00401,74,lemma,Borgemeisterstraße,Borgemeisterstraße,Borgmeisterstraße,geprueft,eines,,
00402,75,stadium_1_datum,1934-11-12,1934-11-12,"(urspr., kein Datum)",automatisch,eines,,
00404,75,stadium_1,1902-05-16 Borsigstraße,"(urspr., kein Datum) Parkstraße",1902-05-16 Borsigstraße,geprueft,eines,,
00407,75,stadtteile,Stadtwald; Bredeney,Stadtwald; Bredeneey,Stadtwald; Bredeney,automatisch,eines,,
00408,76,stadium_6_name,Auf dem Bleek,Auf dem Bleek,Auf dem Bleck,geprueft,eines,,
00408,76,stadium_9,,,1927-08-29 Bottroper Straße,geprueft,eines,,
00408,76,stadtteile,Nordviertel; Bochold; Altenessen-Süd; Bergeborbeck; Dellwig; Gerschede,Nordviertel; Bochold; Altenessen-Süd; Borgeborbeck; Dellwig; Gerschede,Nordviertel; Bochold; Altessen-Süd; Bergeborbeck; Dellwig; Gerschede,geprueft,eines,,
00410,76,stadium_2_datum,1909,1909,"(urspr., kein Datum)",automatisch,eines,,
00412,76,stadtteile,Bredeney,Bredeneey,Bredeney,automatisch,eines,,
00415,76,lemma,Bramkamphof,Bramkamphof,Bramkamp,automatisch,eines,,
00416,77,verweis_auf,Bramkamphof,Bramkamphof,Bramkamp,automatisch,eines,,
00417,77,lemma,Brandenburger Straße,Brandenburger Straße,Bürgermeister,unsicher,eines,,
00417,77,namensgruppe,Stadt und Ort,Stadt und Ort,,unsicher,eines,,
00417,77,stadium_1,vor 1900 Breilmannstraße,vor 1900 Breilmannstraße,vor 1898 Pfannenschoppen,unsicher,eines,,
00417,77,stadium_10,,,"(urspr., kein Datum) Heinrich Körner (CDU)",unsicher,eines,,
00417,77,stadium_10_datum,,,20.03.1961 – 07.10.1964 (nicht normalisierbar),unsicher,eines,,
00417,77,stadium_11_datum,,,08.10.1964 – 31.12.1974 (nicht normalisierbar),unsicher,eines,,
00417,77,stadium_1_datum,vor 1900,vor 1900,1945 – 1946 (nicht normalisierbar),unsicher,eines,,
00417,77,stadium_2,1902-05-16 Brandenburger Straße,1902-05-16 Brandenburger Straße,vor 1900 Breilmannstraße,unsicher,eines,,
00417,77,stadium_2_datum,1902-05-16,1902-05-16,14.02.1946 – 31.03.1946 (nicht normalisierbar),unsicher,eines,,
00417,77,stadium_3,,,"(urspr., kein Datum) Lambert Soesters",unsicher,eines,,
00417,77,stadium_3_datum,,,14.05.1946 – 27.09.1946 (nicht normalisierbar),unsicher,eines,,
00417,77,stadium_4,,,1902-05-16 Brandenburger Straße,unsicher,eines,,
00417,77,stadium_4_datum,,,27.09.1946 – 05.11.1948 (nicht normalisierbar),unsicher,eines,,
00417,77,stadium_5,,,"(urspr., kein Datum) Richard Vollmer",unsicher,eines,,
00417,77,stadium_5_datum,,,06.11.1948 – 28.11.1952 (nicht normalisierbar),unsicher,eines,,
00417,77,stadium_6,,,"(urspr., kein Datum) Albert Eumann",unsicher,eines,,
00417,77,stadium_6_datum,,,28.11.1952 – 10.08.1953 (nicht normalisierbar),unsicher,eines,,
00417,77,stadium_7,,,"(urspr., kein Datum) Alexander Müller (CDU)",unsicher,eines,,
00417,77,stadium_7_datum,,,10.08.1953 – 28.11.1954 (nicht normalisierbar),unsicher,eines,,
00417,77,stadium_8,,,"(urspr., kein Datum) Heinrich Berns (SPD)",unsicher,eines,,
00417,77,stadium_8_datum,,,29.11.1954 – 31.01.1960 (nicht normalisierbar),unsicher,eines,,
00417,77,stadium_9,,,"(urspr., kein Datum) Peter Stürznickel (Zentrum)",unsicher,eines,,
00417,77,stadium_9_datum,,,01.02.1960 – 19.03.1961 (nicht normalisierbar),unsicher,eines,,
00417,77,stadtteile,Frohnhausen,Frohnhausen,,unsicher,eines,,
00417,77,strassenklasse,,Gemeindestraße,,unsicher,eines,,
00418,77,lemma,Brandhoffs Delle,Brandhoffs Delle,Amt Königssteele,automatisch,eines,,
00418,77,namensgruppe,Hofname,Hofname,Landkreis Hattingen,automatisch,eines,,
00418,77,stadium_1,1953-03-03 Brandhoffs Delle,1953-03-03 Brandhoffs Delle,vor 1898 Pfarrkamp,automatisch,eines,,
00418,77,stadium_1_datum,1953-03-03,1953-03-03,01.03.1885 – 01.04.1903 (nicht normalisierbar),automatisch,eines,,
00418,77,stadium_2,,,1953-03-03 Brandhoffs Delle,automatisch,eines,,
00418,77,stadium_2_datum,,,01.04.1904 – 31.06.1917 (nicht normalisierbar),automatisch,eines,,
00418,77,stadium_3,,,"(urspr., kein Datum) Wilhelm Hans Amtmann",automatisch,eines,,
00418,77,stadium_3_datum,,,01.08.1919 – 31.03.1926 (nicht normalisierbar),automatisch,eines,,
00418,77,stadtteile,Schonnebeck,Schonnebeck,,automatisch,eines,,
00418,77,strassenklasse,Gemeindestraße,Gemeindestraße,,automatisch,eines,,
00419,77,lemma,Brandhövel,Brandhövel,Kray,automatisch,eines,,
00419,77,namensgruppe,Hofname,Hofname,,automatisch,eines,,
00419,77,stadium_1,1920-11-30 Brandstraße,1920-11-30 Brandstraße,vor 1898 Pfarrstraße,automatisch,eines,,
00419,77,stadium_1_datum,1920-11-30,1920-11-30,01.10.1906 – 31.08.1924 (nicht normalisierbar),automatisch,eines,,
00419,77,stadium_2,1936-11-14 Brandhövel,1936-11-14 Brandhövel,1920-11-30 Brandstraße,automatisch,eines,,
00419,77,stadium_2_datum,1936-11-14,1936-11-14,1925 – 31.07.1929 (nicht normalisierbar),automatisch,eines,,
00419,77,stadium_2_name,Brandhövel,Brandhövel,Brandstraße,automatisch,eines,,
00419,77,stadtteile,Frillendorf,Frillendorf,,automatisch,eines,,
00419,77,strassenklasse,Gemeindestraße,Gemeindestraße,,automatisch,eines,,
00420,77,lemma,Brandstorgasse,Brandstorgasse,Kupferdreh,automatisch,eines,,
00420,77,namensgruppe,Essener Geschichte und Örtlichkeit,Essener Geschichte und Örtlichkeit,,automatisch,eines,,
00420,77,stadium_1,"(urspr., kein Datum) Brandstorgasse","(urspr., kein Datum) Brandstorgasse",vor 1898 Pfefferkamp,automatisch,eines,,
00420,77,stadium_1_datum,"(urspr., kein Datum)","(urspr., kein Datum)",1896 – 1901 (nicht normalisierbar),automatisch,eines,,
00420,77,stadium_2,"(urspr., kein Datum) Josephsgasse","(urspr., kein Datum) Josephsgasse","(urspr., kein Datum) Brandstorgasse",automatisch,eines,,
00420,77,stadium_2_datum,"(urspr., kein Datum)","(urspr., kein Datum)",1901 – 1919 (nicht normalisierbar),automatisch,eines,,
00420,77,stadtteile,Werden,Werden,,automatisch,eines,,
00420,77,strassenklasse,Gemeindestraße,Gemeindestraße,,automatisch,eines,,
00420,77,verweis_auf,Brandstorstraße,Brandstorstraße,,automatisch,eines,,
00422,78,stadium_1,"(urspr., kein Datum) (16. Jh.): opme Brand","(urspr., kein Datum) opme Brand",vor 1898 Pferdemarkt,unsicher,eines,,
00422,78,stadium_1_datum,"(urspr., kein Datum)",(16. Jh.) (nicht normalisierbar),16. Jh. (nicht normalisierbar),unsicher,eines,,
00422,78,stadium_1_name,(16. Jh.): opme Brand,opme Brand,Pferdemarkt,unsicher,eines,,
00422,78,stadium_1_urspruenglich,wahr,wahr,falsch,unsicher,eines,,
00422,78,stadium_2,1860 Brandstraße,1826 aufm Brande,"(urspr., kein Datum) opme Brand",unsicher,eines,,
00423,78,stadium_1,1897-09-06 Clementinenstraße,1897-09-06 Clementinenstraße,vor 1898 Pferdkamp,unsicher,eines,,
00424,78,stadium_1,1895-01-15 Brauerstraße,1895-01-15 Brauerstraße,vor 1898 Pferdstraße,automatisch,eines,,
00424,78,stadium_1_datum,1895-01-15,1895-01-15,vor 1898,automatisch,eines,,
00424,78,stadium_1_name,Brauerstraße,Brauerstraße,Pferdstraße,automatisch,eines,,
00425,76,stadium_1,1903-03-12 Waldstraße,1903-03-12 Waldstraße,vor 1898 Pfingstberg,automatisch,eines,,
00426,78,stadium_1,1921-09-26 Girondellenstraße,1921-09-26 Gironellenstraße,vor 1898 Pfingststraße,automatisch,eines,,
00426,78,stadium_1_name,Girondellenstraße,Gironellenstraße,Pfingststraße,automatisch,eines,,
00427,78,stadium_1,1932 Waterfohrplatz (tlw.),1932 Waterfohrplatz (tlw.),vor 1898 Pfirsichweg,automatisch,eines,,
00428,78,namensgruppe,Stadt und Ort,Stadt und Ort,"Stadt und Ort, urspr.: Güntherstraße",automatisch,eines,,
00428,78,stadium_1_datum,"(urspr., kein Datum)","(urspr., kein Datum)",vor 1898,automatisch,eines,,
00428,78,stadium_1_name,Güntherstraße,Güntherstraße,Pflaumenkamp,automatisch,eines,,
00428,78,stadium_1_urspruenglich,wahr,wahr,falsch,automatisch,eines,,
00429,78,stadium_1,1896-10-08 Ringstraße,1896-10-08 Ringstraße,vor 1898 Pflugstraße,automatisch,eines,,
00430,78,namensgruppe,Lagebezeichnung,Lagebezeichnung,"Lagebezeichnung, urspr.: Marienberg (tlw.)",automatisch,eines,,
00430,78,stadium_1_datum,"(urspr., kein Datum)","(urspr., kein Datum)",vor 1898,automatisch,eines,,
00430,78,stadium_1_name,Marienberg (tlw.),Marienberg (tlw.),Pförtnerstraße,automatisch,eines,,
00430,78,stadium_1_urspruenglich,wahr,wahr,falsch,automatisch,eines,,
00432,79,stadium_1,1962-03-11 Breddestraße,1962-03-11 Breddestraße,vor 1898 Pfützenweg,automatisch,eines,,
00433,79,stadium_1,1907-08-06 Werdener Straße,1907-08-06 Werdener Straße,vor 1898 Piazza,automatisch,eines,,
00434,79,stadium_1,1900-05-04 Bredowstraße,1900-05-04 Bredowstraße,vor 1898 Picardstraße,automatisch,eines,,
00435,74,lemma,Bonnekamphöhe,Bonnekamphöhe,Piepenstock,automatisch,eines,,
00435,74,namensgruppe,Hofname,Hofname,Familienname,automatisch,eines,,
00435,74,stadium_1_datum,1892-03-29,1892-03-29,vor 1898,automatisch,eines,,
00435,74,stadium_1_name,Katernberger Straße,Katernberger Straße,Piepenstock,automatisch,eines,,
00435,74,stadium_2,1924-04-02 Bonnekampstraße (tlw.),1924-04-02 Bonnekampstraße (tlw.),,automatisch,eines,,
00435,74,stadium_3,1966-12-14 Bonnekamphöhe,1966-12-14 Bonnekamphöhe,,automatisch,eines,,
00435,74,stadtteile,Katernberg,Katernberg,Frohnhausen,automatisch,eines,,
00435,74,verweis_auf,Bonnekampstraße,Bonnekampstraße,,automatisch,eines,,
00436,79,stadium_2,1910-09-16 Altenhof Il (tlw.),1910-09-16 Altenhof II (tlw.),1894 Altenhof,automatisch,eines,,
00436,79,stadium_2_datum,1910-09-16,1910-09-16,1894,automatisch,eines,,
00436,79,stadium_2_name,Altenhof Il (tlw.),Altenhof II (tlw.),Altenhof,automatisch,eines,,
00437,79,stadium_1,1902-05-16 Breilsort,1902-05-16 Breilsort,vor 1898 Pilzstraße,automatisch,eines,,
00438,79,stadium_1,1916-10-16 Breilsrand,1916-10-16 Breilsrand,vor 1898 Pionierstraße,automatisch,eines,,
00439,79,stadium_1,1919-05-28 Bruchstraße,1919-05-28 Bruchstraße,vor 1898 Pirckheimerstraße,automatisch,eines,,
00440,79,namensgruppe,Kotten,Kotten,Kötten,automatisch,eines,,
00440,79,stadium_1,vor 1903 Brembergstraße,vor 1903 Brembergstraße,vor 1898 Pistorisstraße,automatisch,eines,,
00442,80,stadium_1,1922-06-02 Brenscheidtstraße,1922-06-02 Brenscheidtstraße,1992-06-17 Platz der Deutschen Einheit,automatisch,eines,,
00443,80,stadium_1,1902-09-26 Breslauer Straße,1902-09-26 Breslauer Straße,1992-06-17 Platz des 17. Juni,automatisch,eines,,
00444,80,stadium_1,1955-03-31 Breukelfeld,1955-03-31 Breukelfeld,vor 1898 Platzhofstraße,geprueft,eines,,
00444,80,stadium_1_datum,1955-03-31,1955-03-31,vor 1898,geprueft,eines,,
00444,80,stadium_1_name,Breukelfeld,Breukelfeld,Platzhofstraße,geprueft,eines,,
00445,80,stadium_1,1896-08-14 Hofstraße,1896-08-14 Hofstraße,vor 1898 Pleckenstraße,automatisch,eines,,
00446,80,stadium_1,vor 1884 Neustraße,vor 1884 Neustraße,vor 1898 Plettenkamp,automatisch,eines,,
00447,80,stadium_1,1897-09-06 Barbarastraße,1897-09-06 Barbarastraße,vor 1898 Pleyerstraße,geprueft,eines,,
00448,80,stadium_1,1890-11-18 Brinkerplatz,1890-11-18 Brinkerplatz,vor 1898 Pliesterstraße,automatisch,eines,,
00450,81,stadium_1,1895-11-28 Brinkstraße,1895-11-28 Brinkstraße,vor 1898 Pohlstraße,automatisch,eines,,
00451,5,eintrag,,,Pollerstraße,,eines,,
00452,81,stadium_1,1903-11-27 Friedhofstraße,1903-11-27 Friedhofstraße,vor 1898 Pommereshof,automatisch,eines,,
00452,81,stadtteile,Altenessen-Nord,Altenessen-Nord,Altessen-Nord,automatisch,eines,,
00453,81,stadium_1_datum,"(urspr., kein Datum)","(urspr., kein Datum)",vor 1898,automatisch,eines,,
00453,81,stadium_1_name,St.- Anna-Straße,St.-Anna-Straße,Pommerhofstraße,automatisch,eines,,
00453,81,stadium_1_urspruenglich,wahr,wahr,falsch,automatisch,eines,,
00454,81,stadium_1,1957-07-15 Brökelwende,1957-07-15 Brökelwende,vor 1898 Ponholzstraße,automatisch,eines,,
00455,81,stadium_1,1922-06-02 Brosweg,1922-06-02 Brosweg,vor 1898 Porscheweg,automatisch,eines,,
00456,81,stadium_1,1951-07-04 Bruchland,1951-07-04 Bruchland,vor 1898 Portenstraße,automatisch,eines,,
00456,81,stadtteile,Bredeney,Bredenei,Bredeney,automatisch,eines,,
00457,81,stadium_1,1892-03-29 Bruchstraße,1892-03-29 Bruchstraße,vor 1898 Pottgießerstraße,automatisch,eines,,
00458,66,stadium_1,1974-09-18 Berghausweg,1974-09-18 Berghausweg,vor 1898 Pottkampshof,automatisch,eines,,
00459,81,stadium_1,1923-07-06 Brucker Holt,1929-07-06 Brucker Holt,vor 1898 Pottkampshofstraße,automatisch,eines,,
00459,81,stadium_1_datum,1923-07-06,1929-07-06,vor 1898,automatisch,eines,,
00459,81,stadium_1_name,Brucker Holt,Brucker Holt,Pottkampshofstraße,automatisch,eines,,
00459,81,stadtteile,Bredeney,Bredenei,Bredeney,automatisch,eines,,
00460,82,lemma,Bruktererhang,Bruktererhang,Bruketererhang,automatisch,eines,,
00460,82,stadium_1,1966-12-14 Bruktererhang,1966-12-14 Bruktererhang,vor 1898 Pottstraße,automatisch,eines,,
00460,82,stadium_1_datum,1966-12-14,1966-12-14,vor 1898,automatisch,eines,,
00460,82,stadium_1_name,Bruktererhang,Bruktererhang,Pottstraße,automatisch,eines,,
00462,82,stadium_1,1959-02-02 Brüggemannstraße,1959-02-02 Brüggemannstraße,vor 1898 Prenzlauer Straße,automatisch,eines,,
00463,82,stadium_1,1901-01-21 Wilhelmstraße,1901-01-21 Wilhelmstraße,vor 1898 Preußenstraße,automatisch,eines,,
00464,82,stadium_1,1892-07-08 Brüningstraße,1892-07-08 Brüningstraße,vor 1898 Prielstraße,automatisch,eines,,
00465,82,stadium_1,1906-01-26 Brunhildenstraße,1906-01-26 Brunhildenstraße,vor 1898 Prinz-Friedrich-Straße,automatisch,eines,,
00466,82,stadium_1,1891-07-01 Brunnenstraße,1891-07-01 Brunnenstraße,vor 1898 Prinz-Regent-Straße,automatisch,eines,,
00466,82,stadium_2_name,Mackensenstraße,Mackensensstraße,Brunnenstraße,automatisch,eines,,
00467,82,lemma,Brunnsiepen,Brunnsiepen,Brunnensiepen,geprueft,eines,,
00467,82,namensgruppe,Lagebezeichnung,Lagebezeichnung,"Lagebezeichnung, urspr.: Brunnenstraße",geprueft,eines,,
00468,83,stadium_1,1897-09-06 Brunostraße,1897-09-06 Brunostraße,vor 1898 Prinzessin-Auguste-Viktoria-Straße,automatisch,eines,,
00469,83,stadium_1,1929-07-29 August-Brust-Straße,1929-07-29 August-Brust-Straße,vor 1898 Prinzessin-Luise-Straße,automatisch,eines,,
00470,83,stadium_1,1921 Buchenkamp,1921 Buchenkamp,vor 1898 Prittwitzstraße,automatisch,eines,,
00471,66,stadium_1,1974-12-11 Berghausbusch,1974-12-11 Berghausbusch,vor 1898 Pützstraße,unsicher,eines,,
00472,83,stadium_1,1913-05-30 Buddestraße,1913-05-30 Buddestraße,vor 1898 Pulverweg,automatisch,eines,,
00479,84,stadium_2,,,1755-02-16 Falkenberg,automatisch,eines,,
00479,84,stadium_3,,,1816-02-25 Königsberg/Ostpreußen,automatisch,eines,,
00480,84,lemma,Bülsebeckstraße,Bülsebeckstraße,Bülsbeeckstraße,automatisch,eines,,
00480,84,stadium_1_datum,"(urspr., kein Datum)","(urspr., kein Datum)",1915-07-09,automatisch,eines,,
00480,84,stadium_1_name,Beckstraße,Beckstraße,Bülsbeeckstraße,automatisch,eines,,
00480,84,stadium_1_urspruenglich,wahr,wahr,falsch,automatisch,eines,,
00480,84,stadium_2_datum,1915-07-09,1915-07-09,1668,automatisch,eines,,
00480,84,stadium_2_name,Bülsebeckstraße,Bülsebeckstraße,Beckestraße,automatisch,eines,,
00481,84,stadium_3,,,1851-01-14 Waltrop Kr. Recklinghausen,geprueft,eines,,
00481,84,stadium_4,,,1917-12-07 Essen,geprueft,eines,,
00481,84,stadtteile,Altenessen-Nord,Altenessen-Nord,Altensessen-Nord,geprueft,eines,,
00483,84,stadium_2,,,1864 Schonnebeck,automatisch,eines,,
00483,84,stadium_3,,,1896 Kotten,automatisch,eines,,
00484,84,namensgruppe,"Person, Mann, Deutscher, Landgerichtspräsident","Person, Mann, Deutscher, Landgerichtspräsident","Person, Mann, Deutscher, Landgerichtspräsident, urspr.: Weyerstraße",automatisch,eines,,
00484,84,stadium_1_datum,"(urspr., kein Datum)","(urspr., kein Datum)",1913-04-04,automatisch,eines,,
00484,84,stadium_1_name,Weyerstraße,Weyerstraße,Büscherstraße,automatisch,eines,,
00484,84,stadium_1_urspruenglich,wahr,wahr,falsch,automatisch,eines,,
00484,84,stadium_3,,,1928-02-13 Essen-Rüttenscheid,automatisch,eines,,
00486,84,stadium_2,,,1834-03-07 Viersen,automatisch,eines,,
00486,84,stadium_3,,,1914-01-30 Essen-Steele,automatisch,eines,,
00487,84,namensgruppe,"Person, Mann, Deutscher, Prokurist, Kruppscher Beamter, Siedlung","Person, Mann, Deutscher, Prokurist, Kruppscher Beamter, Siedlung","Person, Mann, Deutscher, Prokurist, Kruppscher Beamter, Siedlung, etwa 1894",geprueft,eines,,
00487,84,stadium_1_datum,1894,1894,1910-09-16,geprueft,eines,,
00487,84,stadium_2_datum,1910-09-16,1910-09-16,1935-10-14,geprueft,eines,,
00487,84,stadium_3_datum,1935-10-14,1935-10-14,1875-06-19,geprueft,eines,,
00487,84,stadium_3_name,Büttnerstraße,Büttnerstraße,Gartz a.d. Oder,geprueft,eines,,
00487,84,stadium_4,,,1934-06-06 Essen,geprueft,eines,,
00488,84,namensgruppe,Hofname,Hofname,"Hofname, urspr.: Bützgenweg",automatisch,eines,,
00489,84,namensgruppe,Kotten,Kotten,"Kotten, urspr.: Mühlenstraße",automatisch,eines,,
00490,85,lemma,Bullmannaue,Bullmannau,Bullmannaue,automatisch,eines,,
00490,85,stadium_1,"(urspr., kein Datum) Zechenstraße","(urspr., kein Datum) Zechenstraße",1935-11-14 Bullmannaue,automatisch,eines,,
00490,85,stadium_2_name,Bullmannaue,Bullmannau,,automatisch,eines,,
00491,85,stadium_2,,,1417 Haus Bungert,automatisch,eines,,
00491,85,stadium_3,,,1589 Bungartzstraiten,automatisch,eines,,
00493,85,stadium_1_name,Seydtlitzstraße,Seydtlitzstraße,Seydlitzstraße,geprueft,eines,,
00494,85,stadium_2,,,"(urspr., kein Datum) Burgfeld",automatisch,eines,,
00495,85,verweis_auf,Hohenzollernstraße,Hohenzollernstraße,,geprueft,eines,,
00497,86,stadium_1_name,Im Geld,Im Geld,Burgundenweg,automatisch,eines,,
00497,86,stadium_2,1957-01-23 Burgundenweg,1957-01-23 Burgundenweg,,automatisch,eines,,
00502,86,verweis_auf,,II. Buschlandweg,,automatisch,eines,,
00503,86,verweis_auf,,I. Buschlandweg,,geprueft,eines,,
00509,67,stadium_2_name,Grafenweg,Grafenweg,Grafenberg,automatisch,eines,,
00509,67,stadium_3_name,Graffweg,Graffweg,Grafweg,automatisch,eines,,
00509,67,stadtteile,Bedingrade; Gerschede,Bedingrade; Gerschede,Bediengrade; Gerschede,automatisch,eines,,
00512,61,lemma,Barchemhöhe,Barchemhöhe,Barcemhöhe,automatisch,eines,,
00512,61,stadium_1_name,Barchemhöhe,Barchemhöhe,Barcemhöhe,automatisch,eines,,
00513,75,eintrag,Borkumstraße,Borkumstraße,,automatisch,eines,,
00516,79,stadium_2_name,Frankenstraße (tlw.),Frankenstraße (tlw.),Frankenstraße,automatisch,eines,,
00516,79,stadium_3_datum,1969-03-19,1969-03-19,(tlw.) 19. März 1969 (nicht normalisierbar),automatisch,eines,,
00518,77,lemma,Bramsfeld,Bramsfield,Bramsfeld,automatisch,eines,,
00518,77,stadium_1_name,Bramsfeld,Bramsfield,Bramsfeld,automatisch,eines,,
00518,77,stadtteile,Überruhr-Holthausen,Überruhr-Holthausen,Überruhr-Holtausen,automatisch,eines,,
00519,85,eintrag,Burgstraße,Burgstraße,,automatisch,eines,,
00520,73,namensgruppe,"Familienname, Widerstandskämpfer","Familienname, Widerstandskämpfer",Familienname,automatisch,eines,,
00523,65,lemma,Beisemannhang,Beisemannhang,Beisemannshang,automatisch,eines,,
00526,41,namensgruppe,"Person, Mann, Deutscher, Kraftfahrzeugkonstrukteur, Lagebezeichnung","Person, Mann, Deutscher, Kraftfahrzeugkonstrukteur, Lagebezeichnung","Person, Mann, Deutscher, Kraftfahrzeugkonstrukteur",automatisch,eines,,
00526,41,verweis_auf,Porscheplatz und Porschekanzel,Porscheplatz und Porschefkanz,,automatisch,eines,,
00530,28,lemma,Alfried-Krupp-Straße,Alfried-Krupp-Straße,Alfred-Krupp-Straße,automatisch,eines,,
00531,178,eintrag,Im Walpurgistal,Im Walpurgistal,,automatisch,eines,,
00531,178,stadium_1_name,Walpurgisstraße (tiIw.),Walpurgisstraße (tlw.),,automatisch,eines,,
00534,84,stadium_2,,,1903-10-03 Essener Straße,automatisch,eines,,
00534,84,stadium_3,,,1976-06-03 Waldfriedhof Kettwig,automatisch,eines,,
00535,145,eintrag,Hasselbeekweg,Hasselbeckweg,,automatisch,eines,,
00535,145,lemma,Hasselbeekweg,Hasselbeckweg,,automatisch,eines,,
00536,222,stadium_2,,,"(urspr., kein Datum) Liedtkeweg",automatisch,eines,,
00541,87,namensgruppe,"Person, Mann, Österreicher, Architekt, Städtebauer, Platz","Person, Mann, Österreicher, Architekt, Städtebauer, Platz","Person, Mann",automatisch,eines,,
00542,87,lemma,Camphausenstraße,Camphausenstraße,Camphauserstraße,automatisch,eines,,
00542,87,namensgruppe,"Person, Mann, Deutscher, Maler, Malerviertel-Holsterhausen","Person, Mann, Deutscher, Maler, Malerviertel-Holsterhausen","Person, Mann, Deutscher",automatisch,eines,,
00542,87,stadium_1_name,Camphausenstraße,Camphausenstraße,Camphauserstraße,automatisch,eines,,
00545,88,stadium_2_datum,1915-07-09,1915-07-09,1915-07-10,automatisch,eines,,
00549,89,namensgruppe,"Person, Mann, Deutscher, Physiker","Person, Mann, Deutscher, Physiker","Person, Mann, Deutscher, Physiker, urspr.: Mühlenstraße (tlw.)",automatisch,eines,,
00549,89,stadium_1_name,Münhlenstraße (tlw.),Mühlenstraße (tlw.),Clausiusstraße,automatisch,eines,,
00549,89,stadium_1_urspruenglich,wahr,wahr,falsch,automatisch,eines,,
00554,143,namensgruppe,"Person, Mann, Deutscher, Maler, Graphiker, Malerviertel-Holsterhausen","Person, Mann, Deutscher, Maler, Graphiker, Malerviertel-Holsterhausen","Person, Mann, Deutscher, Maler, Graphiker, Malerviertel",automatisch,eines,,
00555,90,namensgruppe,Lehngut,Lehngut,Lehnsgut,automatisch,eines,,
00556,90,namensgruppe,"Person, Mann, Deutscher, Maler, Malerviertel-Holsterhausen","Person, Mann, Deutscher, Maler, Malerviertel-Holsterhausen","Person, Mann, Deutscher, Maler",automatisch,eines,,
00557,90,namensgruppe,"Person, Mann, Deutscher, Archäologe, Historiker","Person, Mann, Deutscher, Archäologe, Historiker","Person, Mann, Deutscher, Archäologe, Historiker, urspr.: Gneisenaustraße",automatisch,eines,,
00557,90,stadium_1,"(urspr., kein Datum) Gneisenaustraße","(urspr., kein Datum) Gneisenaustraße",1902-12-17 Curtiusstraße,automatisch,eines,,
00559,89,stadium_1_name,Charlottenberg,Charlottenberg,Holteyberg (tlw.),automatisch,eines,,
00559,89,stadium_2,,,1970-12-16 Charlottenberg,automatisch,eines,,
00560,89,stadtteile,Burgaltendorf; Überruhr-Holthausen,Burgaltendorf; Überruhr-Holthausen,Burgaltendorf; Überruhr-Holtausen,automatisch,eines,,
00560,89,verweis_auf,Charlottenberg,Charlottenberg,,automatisch,eines,,
00561,89,stadium_1_name,Holteyerberg (tlw.),Holteyerberg (tlw.),Holteyberg (tlw.),automatisch,eines,,
00562,89,stadium_1_name,Holteyerberg (tlw.),Holteyerberg (tlw.),Holteyberg (tlw.),automatisch,eines,,
00564,203,namensgruppe,"Person, Mann, Deutscher, Oberstudiendirektor, Historiker","Person, Mann, Deutscher, Oberstudiendirektor, Historiker","Person, Mann, Deutscher",automatisch,eines,,
00565,72,namensgruppe,Lagebezeichnung,Lagebezeichnung,,unsicher,eines,,
00565,72,stadium_1_datum,1890,1890,1926-05-19,unsicher,eines,,
00565,72,stadium_1_name,Chausseestraße,Chausseestraße,Bochumer Straße (tlw.),unsicher,eines,,
00565,72,stadium_2,1909 Bahnhofstraße,1909 Bahnhofstraße,1980-05-23 Bochumer Landstraße,unsicher,eines,,
00565,72,stadium_4,,1980-05-23 Bochumer Landstraße,,unsicher,eines,,
00565,72,stadtteile,Steele; Freisenbruch,Steele; Freisenbruch,Steele; Friesenbruch,unsicher,eines,,
00566,126,namensgruppe,"Person, Mann, Deutscher, Politiker","Person, Mann, Deutscher, Politiker","Person, Mann, Deutscher, Politiker, etwa 1860: Eickenscheider Fuhr",automatisch,eines,,
00566,126,stadium_1,1860 Eickenscheidter Fuhr,1860 Eickenscheidter Fuhr,1980-05-23 Gerhard-Stötzel-Straße,automatisch,eines,,
00567,134,eintrag,Grenoblestraße,Grenoblestraße,,automatisch,eines,,
00569,29,eintrag,Alte Bottroper Straße,Alte Bottroper Straße,,unsicher,eines,,
00569,29,namensgruppe,"Lagebezeichnung, zuvor: Blechstraße, zuvor: Auf dem Bleek",Lagebezeichnung,,unsicher,eines,,
00569,29,stadium_1,1927-08-09 Bottroper Straße (tlw.),"(urspr., kein Datum) Blechstraße",,unsicher,eines,,
00569,29,stadium_1_datum,1927-08-09,zuvor (nicht normalisierbar),,unsicher,eines,,
00569,29,stadium_2,1980-08-20 Alte Bottroper Straße,"(urspr., kein Datum) Auf dem Bleek",,unsicher,eines,,
00569,29,stadium_2_datum,1980-08-20,zuvor (nicht normalisierbar),,unsicher,eines,,
00571,92,eintrag,Daniel-Eckhardt-Straße,Daniel-Eckhardt-Straße,,automatisch,eines,,
00574,41,stadium_1,"(urspr., kein Datum) Schultepäskenstraße","(urspr., kein Datum) Schulte päsk enstraße",1902-05-16 Riehlstraße (tlw.),automatisch,eines,,
00574,41,stadium_1_name,Schultepäskenstraße,Schulte päsk enstraße,Riehlstraße (tlw.),automatisch,eines,,
00574,41,stadium_2_name,Riehlstraße (tlw.),Riehlstraße (tlw),Am Riehlpark,automatisch,eines,,
00575,128,stadium_1_datum,"(urspr., kein Datum)","(urspr., kein Datum)",1981-07-10,automatisch,eines,,
00575,128,stadium_1_urspruenglich,wahr,wahr,falsch,automatisch,eines,,
00575,128,stadium_2,1981-07-10 Gewalterberg (neu Führung),1981-07-10 Gewalterberg (neu Führung),,automatisch,eines,,
00577,161,eintrag,Hinsbecker Hang,Hinsbecker Hang,,automatisch,eines,,
00580,155,eintrag,Hemsingskotten,Hemsingskotten,,automatisch,eines,,
00583,322,stadtteile,Heisingen; Byfang,Heisingen; Byfang,Heisingen und Byfang,automatisch,eines,,
00587,274,eintrag,Rindersberger Mühle,Rindersberger Mühle,,automatisch,eines,,
00590,90,lemma,Dachsfeld,Dachseld,Dachsfeld,automatisch,eines,,
00590,90,stadium_1_name,Dachsfeld,Dachseld,Dachsfeld,automatisch,eines,,
00595,91,stadium_2_datum,vor 1874,vor 1874,1874,unsicher,eines,,
00595,91,stadium_3_datum,1925-04-16,10./13. April 1905 (nicht normalisierbar),10.13. April 1905 (nicht normalisierbar),unsicher,eines,,
00595,91,stadium_4,,1925-04-16 Dahlhauser Straße,"(urspr., kein Datum) Dahlhauser Straße",unsicher,eines,,
00596,91,lemma,Dahlienhof,Dahliahof,Dahlienhof,automatisch,eines,,
00596,91,stadium_1_name,Dahlienhof,Dahliahof,Dahlienhof,automatisch,eines,,
00596,91,stadtteile,Bredeney,Bredenei,Bredeney,automatisch,eines,,
00597,91,namensgruppe,"Person, Mann, Deutscher, Schriftsteller, Historiker","Person, Mann, Deutscher, Schriftsteller, Historiker","Person, Mann, Deutscher, Historiker, Schriftsteller",automatisch,eines,,
00597,91,stadium_3,,,"(urspr., kein Datum) Felix Dahn (auch Ludwig Sophus) *09. Februar 1834 in Hamburg, †03. Januar 1912 in Breslau",automatisch,eines,,
00598,91,stadium_2,,,"(Fließtext, 145 Zeichen, verworfen)",automatisch,eines,,
00598,91,stadtteile,Bredeney,Bredenei,Bredeney,automatisch,eines,,
00599,91,stadium_1_name,Ruhrstraße,Ruhrstraße,Ruhraße,automatisch,eines,,
00599,91,stadium_3,,,"(Fließtext, 218 Zeichen, verworfen)",automatisch,eines,,
00601,91,lemma,Zur ehemaligen Zeche Eintracht II. Dandermannsteg,Dandermannsteg,Danderamnsteg,unsicher,eines,,
00602,92,eintrag,Danziger Straße,Danziger Straße,,automatisch,eines,,
00603,92,eintrag,Dattenberg,Dattenberg,,automatisch,eines,,
00604,92,eintrag,Dechenstraße,Dechenstraße,,automatisch,eines,,
00605,92,eintrag,Defreggerstraße,Defreggerstraße,,automatisch,eines,,
00605,92,stadium_1_name,Waitzstaße,Waitzstraße,,automatisch,eines,,
00606,92,verweis_auf,Deilbachufer,Deilbachufer,Deilbachtal,automatisch,eines,,
00607,92,verweis_auf,Deilbachufer,Deilbachufer,Deilbachtal,automatisch,eines,,
00611,93,namensgruppe,Lagebezeichnung,Lagebezeichnung,"Lagebezeichnung, vor 1897: Deipenbecksthalweg, 16. Juni 1911: Kupferdreher Straße, 16. Dezember 1970",automatisch,eines,,
00611,93,stadium_1_name,Deipenbeckstalweg,Deipenbecktalweg,Deipenbecksthalweg,automatisch,eines,,
00611,93,stadium_4,1970-12-16 Deipenbecktal (Verl.),1970-12-16 Deipenbecktal (Verl.),,automatisch,eines,,
00611,93,stadtteile,Byfang; Überruhr-Holthausen; Burgaltendorf,Byfang; Ürruhr-Holthausen; Burgaltendorf,Byfang; Überruhr-Holthausen; Burgaltendorf,automatisch,eines,,
00612,93,namensgruppe,Flurname,Flurname,"Flurname, urspr.: Dellberg",automatisch,eines,,
00613,93,namensgruppe,Lagebezeichnung,Lagebezeichnung,"Lagebezeichnung, um 1860: I. Dellbrügge",geprueft,eines,,
00614,93,namensgruppe,Lagebezeichnung,Lagebezeichnung,"Lagebezeichnung, um 1860: II. Dellbrügge. Siehe I. Dellbrügge",geprueft,eines,,
00615,93,namensgruppe,Hofname,Hofname,"Hofname, 02. November 1955",automatisch,eines,,
00615,93,stadtteile,Überruhr-Holthausen,Ürruhr-Holthausen,Überruhr-Holthausen,automatisch,eines,,
00616,93,namensgruppe,Hofname,Hofname,"Hofname, vor 1927: Dellmannsweg",automatisch,eines,,
00616,93,stadtteile,Überruhr-Holthausen; Burgaltendorf,Ürruhr-Holthausen; Burgaltendorf,Überruhr-Holthausen; Burgaltendorf,automatisch,eines,,
00617,94,namensgruppe,Bauerschaft,Bauerschaft,Landstraße,automatisch,eines,,
00617,94,strassenklasse,Landstraße,Landstraße,Gemeindestraße,automatisch,eines,,
00623,94,namensgruppe,Hofname,Hofname,"Hofname, urspr.: Hasenkampstraße",unsicher,eines,,
00623,94,stadium_1_datum,"(urspr., kein Datum)","(urspr., kein Datum)",1902-05-16,unsicher,eines,,
00623,94,stadium_1_name,Hasenkampstraße,Hasenkampstraße,Dickmannstraße,unsicher,eines,,
00623,94,stadium_1_urspruenglich,wahr,wahr,falsch,unsicher,eines,,
00623,94,stadium_3,1902 Barkhofstraße,1902 Barkhofstraße,1970-12-16 Dickmannstraße,unsicher,eines,,
00623,94,stadium_5,1970-12-16 Dickmannstraße (Verl.),1970-12-16 Dickmannstraße (Verl.),,unsicher,eines,,
00625,94,lemma,Diechmannplatz,Diechmannplatz,Dieckmannplatz,automatisch,eines,,
00625,94,stadium_1_name,Diechmannplatz,Diechmannplatz,Dieckmannplatz,automatisch,eines,,
00626,94,eintrag,,Diekschenbroich,Diekmannsbusch,,eines,,
00627,95,stadium_1,1920-10-01 Diemelstraße,1920-10-01 Diemelstraße,1921-09-26 Ziegelstraße,automatisch,eines,,
00627,95,stadium_2,,,1920-10-01 Diemelstraße,automatisch,eines,,
00627,95,stadium_3,,,1924-05-02 Sonnenscheinstraße,automatisch,eines,,
00628,95,stadium_1,"(urspr., kein Datum) Parkstraße (tlw.)","(urspr., kein Datum) Parkstraße (tlw.)",1902-05-16 Diergardtstraße,geprueft,eines,,
00631,95,stadium_1,"(urspr., kein Datum) Kurtstraße","(urspr., kein Datum) Kurtstraße",1902-05-16 Dinglerstraße,automatisch,eines,,
00632,95,stadium_1_name,Löbbertstraße,Löbberstraße,Löbbertsstraße,automatisch,eines,,
00634,95,namensgruppe,"Person, Mann, Franzose, Missionar, Bischof, Heiliger, Essener Geschichte und Örtlichkeit, Platz","Person, Mann, Franzose, Missionar, Bischof, Heiliger, Essener Geschichte und Örtlichkeit, Platz","Person, Mann, Franzose, Missionar, Bischof, Heiliger, Essener Geschichte und Örtlichkeit",automatisch,eines,,
00638,96,lemma,Distelkamp,Distelkamp,Distelbeck,automatisch,eines,,
00638,96,namensgruppe,Flurname,Flurname,Kotten,automatisch,eines,,
00638,96,stadium_1_datum,1906-07-20,1906-07-20,1892-03-29,automatisch,eines,,
00638,96,stadium_1_name,Distelkamp,Distelkamp,Emscherstraße (tlw.),automatisch,eines,,
00638,96,stadium_2,,,1922-02-09 Goethestraße,automatisch,eines,,
00638,96,stadium_3,,,1934-01-12 Distelbeckhof,automatisch,eines,,
00638,96,stadtteile,Stoppenberg,Stoppenberg,Katernberg,automatisch,eines,,
00645,97,stadium_1_name,Kerckhoffstraße (tlw.),Kerckhoffstraße (tlw.),Kerkhoffstraße,automatisch,eines,,
00645,97,stadium_2_datum,1951-05-10,1951-05-10,(tlw.) (nicht normalisierbar),automatisch,eines,,
00645,97,stadium_2_name,Kleine Kerckhoffstraße,Kleine Kerckhoffstraße,Kleine Kerkhoffstraße,automatisch,eines,,
00650,97,lemma,Dornbuschhegge,Dornbuschegge,Dornbuschhegge,automatisch,eines,,
00650,97,stadium_2_name,Dornbuschhegge,Dornbuschegge,Dornbuschhegge,automatisch,eines,,
00653,98,eintrag,Dortmannhof - 1970 Dorstener Straße,Dorstener Straße,,unsicher,eines,,
00653,98,lemma,Dortmannhof - 1970 Dorstener Straße,Dorstener Straße,,unsicher,eines,,
00654,98,lemma,Dortmannhof,Dortmannhof,Dortmannshof,automatisch,eines,,
00654,98,stadium_2_name,Dortmannhof,Dortmannhof,Dortmannshof,automatisch,eines,,
00657,98,namensgruppe,Eisenbahnwesen,Eisenbahnwesen,"Eisenbahnwesen, vor 1911: Charlottenweg",automatisch,eines,,
00657,98,stadium_1,vor 1911 Charlotterweg,vor 1911 Charlotterweg,1936-01-15 Drehscheibe,automatisch,eines,,
00659,98,namensgruppe,Essener Geschichte und Örtlichkeit,Essener Geschichte und Örtlichkeit,"Essener Geschichte und Örtlichkeit, 17. Januar 1868: Dreilindenstraße",automatisch,eines,,
00659,98,stadium_1,1868-01-17 Dreilindenstraße,1868-01-17 Dreilindenstraße,"(urspr., kein Datum) urspr.: Hofstraße",automatisch,eines,,
00661,99,verweis_auf,Dreiringplatz,Dreiringplatz,,automatisch,eines,,
00662,99,stadium_2_name,Augustastraße,Augustastrabe,Augustastraße,automatisch,eines,,
00663,99,lemma,Drogandstraße,Drogandstraße,Drogradstraße,automatisch,eines,,
00663,99,stadium_1_name,Drogandstraße,Drogandstraße,Drogradstraße,automatisch,eines,,
00665,91,namensgruppe,"Person, Mann, Deutscher, Historiker, Staatsmann","Person, Mann, Deutscher, Historiker, Staatsmann","Person, Mann",automatisch,eines,,
00665,91,stadium_3,,,"(urspr., kein Datum) Friedrich Christoph Dahlmann *23. Mai 1785 in Wismar, †05. Dezember 1860 in Bonn",automatisch,eines,,
00668,99,stadium_1_datum,1904-02-04,1904-02-04,1910-09-16,automatisch,eines,,
00668,99,stadium_2,1910-09-16 Drosselstraße,1910-09-16 Drosselstraße,1929-07-06 Drosselstraße (Verl.),automatisch,eines,,
00670,100,stadium_1_datum,"(urspr., kein Datum)","(urspr., kein Datum)",1902-05-16,geprueft,eines,,
00670,100,stadium_1_name,Scharnhorststraße,Scharnhorststraße,Droysenstraße,geprueft,eines,,
00670,100,stadium_1_urspruenglich,wahr,wahr,falsch,geprueft,eines,,
00672,100,stadium_2,,,1786-06-11 Drumannstraße,automatisch,eines,,
00673,100,stadium_4,,,1833-11-14 Druschel,automatisch,eines,,
00674,100,stadium_3,,,"(urspr., kein Datum) Heinrich Duden",geprueft,eines,,
00674,100,stadium_3_datum,,,*1521 (nicht normalisierbar),geprueft,eines,,
00675,100,lemma,Dückerstraße,Dückerstraße,Dudweilerstraße,automatisch,eines,,
00675,100,namensgruppe,"Person, Mann, Deutscher, Abt","Person, Mann, Deutscher, Abt",Stadt und Ort,automatisch,eines,,
00675,100,stadium_1_datum,1883-11-17,1883-11-17,1935-11-14,automatisch,eines,,
00675,100,stadium_1_name,Friedrichstraße,Friedrichstraße,Dudweilerstraße,automatisch,eines,,
00675,100,stadium_2,1937-11-20 Dückerstraße,1937-11-20 Dückerstraße,,automatisch,eines,,
00675,100,stadtteile,Werden,Werden,Leithe,automatisch,eines,,
00675,100,verweis_auf,,,Merziger Aue,automatisch,eines,,
00676,100,lemma,Dümptener Straße,Dümptener Straße,Dückerstraße,automatisch,eines,,
00676,100,namensgruppe,Bauernschaft,Bauernschaft,"Person, Mann, Deutscher",automatisch,eines,,
00676,100,stadium_1_datum,1895-11-28,1895-11-28,1883-11-17,automatisch,eines,,
00676,100,stadium_1_name,Dümptener Straße,Dümptener Straße,Friedrichstraße,automatisch,eines,,
00676,100,stadium_2,,,1937-11-20 Dückerstraße,automatisch,eines,,
00676,100,stadium_3,,,"(urspr., kein Datum) Heinrich V. (bürgerlich: Heinrich Dücker)",automatisch,eines,,
00676,100,stadium_3_datum,,,*19. Juni 1667 (nicht normalisierbar),automatisch,eines,,
00676,100,stadtteile,Bedingrade,Bedingrade,Werden,automatisch,eines,,
00677,100,stadium_2,,,1840-10-22 Gustav Dünkelberg,automatisch,eines,,
00678,100,namensgruppe,"Stadt und Ort, Kriegserinnerung","Stadt und Ort, Kriegserinnerung","Stadt und Ort, Kriegs-erinnerung",automatisch,eines,,
00680,100,namensgruppe,"Person, Mann, Deutscher, Maler, Mathematiker, Grafiker, Kunsttheoretiker, Malerviertel-Holsterhausen","Person, Mann, Deutscher, Maler, Mathematiker, Grafiker, Kunsttheoretiker, Malerviertel-Holsterhausen","Person, Mann, Deutscher, Maler, Mathematiker, Grafiker, Kunsttheoretiker",automatisch,eines,,
00681,101,stadium_1_datum,vor 1929,vor 1929,"(urspr., kein Datum)",automatisch,eines,,
00682,101,stadium_1_datum,vor 1898,vor 1898,"(urspr., kein Datum)",automatisch,eines,,
00682,101,stadium_1_name,Nikolausstraße,Nikolausstraße,Nikolaustraße,automatisch,eines,,
00685,100,eintrag,Dudweilerstraße,Dudweilerstraße,,unsicher,eines,,
00685,100,stadium_1,,1935-11-14 Dudweilerstraße,,unsicher,eines,,
00686,98,eintrag,Dorstfelder Straße,Dorstfelder Straße,,automatisch,eines,,
00691,93,namensgruppe,Gewässer,Gewässer,"Gewässer, 16. Juni 1911",automatisch,eines,,
00691,93,stadium_1_datum,1911-06-16,1911-06-16,"(urspr., kein Datum)",automatisch,eines,,
00691,93,stadium_1_urspruenglich,falsch,falsch,wahr,automatisch,eines,,
00692,98,namensgruppe,"Essener Geschichte und Örtlichkeit, Platz","Essener Geschichte und Örtlichkeit, Platz",Essener Geschichte und Örtlichkeit,geprueft,eines,,
00694,101,stadium_2,1911-06-16 Burgstraße,1911-06-16 Burgstraße,1970-12-16 Dumberger Straße (Verl.),automatisch,eines,,
00696,111,eintrag,Eugen-Sulz-Straße,Eugen-Sulz-Straße,,automatisch,eines,,
00697,152,eintrag,Heinz-Renner-Platz,Heinz-Renner-Platz,,automatisch,eines,,
00700,174,eintrag,Ilse-Menz-Weg,Ilse-Menz-Weg,,automatisch,eines,,
00700,174,stadium_1_name,IIse-Menz-Weg,Ilse-Menz-Weg,,automatisch,eines,,
00702,156,namensgruppe,Hofname,Hofname,"Gemeindestrasse, Str.-Gr.: Hofname",automatisch,eines,,
00703,34,eintrag,Am Fichtenbusch,Am Fichtenbusch,,automatisch,eines,,
00704,135,lemma,Groote-Ring,Grooten-Ring,Groothe-Ring,automatisch,eines,,
00704,135,stadium_1_name,Groote-Ring,Grooten-Ring,Groothe-Ring,automatisch,eines,,
00704,135,stadtteile,Freisenbruch,Freisenbruch,Friesenbruch,automatisch,eines,,
00705,177,eintrag,Im Pferdekamp,Im Pferdekamp,,automatisch,eines,,
00709,316,lemma,Storpplatz,Storppplatz,Storpplatz,automatisch,eines,,
00709,316,stadium_1_name,Storpplatz,Storppplatz,Storpplatz,automatisch,eines,,
00712,183,stadium_2,,,"(urspr., kein Datum) John Winston Lennon",automatisch,eines,,
00715,155,eintrag,Helmut-Werner-Weg,Helmut-Werner-Weg,,automatisch,eines,,
00716,180,eintrag,Inder Mergelskuhle,In der Mergelskuhle,,automatisch,eines,,
00716,180,lemma,Inder Mergelskuhle,In der Mergelskuhle,,automatisch,eines,,
00717,104,eintrag,Eichholzhof,Eichholzhof,,automatisch,eines,,
00718,303,stadium_2,2006-01-31 Siebrechtweg,"(urspr., kein Datum) Siebrechtweg",1986-04-04,unsicher,eines,,
00718,303,stadium_2_datum,2006-01-31,04. April 1986 aufgehoben (nicht normalisierbar),1986-04-04,unsicher,eines,,
00718,303,stadium_3,,2006-01-31 Siebrechtweg,"(urspr., kein Datum) Siebrechtweg",unsicher,eines,,
00721,101,stadtteile,Bredeney,Bredenei,Bredeney,automatisch,eines,,
00727,102,stadium_1_datum,"(urspr., kein Datum)","(urspr., kein Datum)",urspr.: Königgrätzer Straße (nicht normalisierbar),automatisch,eines,,
00727,102,stadtteile,Werden; Bredeney,Werden; Bredenei,Werden; Bredeney,automatisch,eines,,
00730,103,lemma,Ehrenaue,Ehrenau,Ehrenaue,automatisch,eines,,
00730,103,stadium_1_name,Ehrenaue,Ehrenau,Ehrenaue,automatisch,eines,,
00732,103,stadium_1_datum,1902-05-16,1902-05-16,"(urspr., kein Datum)",automatisch,eines,,
00732,103,stadium_1_urspruenglich,falsch,falsch,wahr,automatisch,eines,,
00736,104,eintrag,Eickelbecktal,Eickelbecktal,,automatisch,eines,,
00737,104,eintrag,Eickelkamp,Eickelkamp,,automatisch,eines,,
00738,104,eintrag,Eickenscheidter Fuhr,Eickenscheidter Fuhr,,automatisch,eines,,
00738,104,stadtteile,Südostviertel,Südstadtviertel,,automatisch,eines,,
00739,104,eintrag,Eickwinkelstraße,Eickwinkelstraße,,automatisch,eines,,
00740,104,eintrag,Eiergasse,Eiergasse,,automatisch,eines,,
00741,104,eintrag,Eigene Scholle,Eigene Scholle,,automatisch,eines,,
00742,104,eintrag,Eigene Tat,Eigene Tat,,automatisch,eines,,
00743,104,eintrag,Eigenstraße,Eigenstraße,,automatisch,eines,,
00743,104,stadtteile,Überruhr-Hinsel,Ürruhr-Hinsel,,automatisch,eines,,
00744,104,eintrag,Eiland,Eiland,,automatisch,eines,,
00745,104,eintrag,Einbleckstraße,Einbleckstraße,,unsicher,eines,,
00746,104,eintrag,Einigkeitsstraße,Einigkeitstraße,,automatisch,eines,,
00746,104,lemma,Einigkeitsstraße,Einigkeitstraße,,automatisch,eines,,
00746,104,stadtteile,Rüttenscheid; Bredeney,Rüttenscheid; Bredenei,,automatisch,eines,,
00747,105,eintrag,Eintrachtstraße,Eintrachtstraße,,automatisch,eines,,
00748,105,eintrag,Eisenbahnstraße,Eisenbahnstraße,,automatisch,eines,,
00751,105,stadium_2,1887-06-10 Feldstraße,1887-06-10 Feldstraße,1915-07-09 Eiserne Hand (Verl.),automatisch,eines,,
00752,105,stadium_3_datum,1933-05-08,1933-05-08,1945-06-18,automatisch,eines,,
00752,105,stadium_3_name,Georgsstraße (Umb.),Georgsstraße (Umb.),Georgstraße (Umb.),automatisch,eines,,
00752,105,stadium_4,1945-06-18 Elbestraße (Umb.),1945-06-18 Elbestraße (Umb.),,automatisch,eines,,
00754,105,lemma,Eleonorastraße,Eleonorastrasse,Eleonostraße,automatisch,eines,,
00754,105,stadium_1_name,Elonorastraße,Elonorastraße,Eleonostraße,automatisch,eines,,
00756,106,stadium_1_datum,1932-10-03,*03. Oktober 1932 (nicht normalisierbar),1932-10-03,automatisch,eines,,
00759,106,verweis_auf,Elisabethstraße,Elisabethstraße,,automatisch,eines,,
00764,106,lemma,Ellingradeweg,Ellingradeweg,Ellingraderweg,automatisch,eines,,
00765,107,lemma,Elsa-Brändström-Platz,Elsa-Brändström-Platz,Elsa-Brä̈ndström-Platz,automatisch,eines,,
00765,107,namensgruppe,"Person, Frau, Schwedin, Philanthropin, Platz","Person, Frau, Schwedin, Philanthropin, Platz","Person, Frau, Schwedin, Philanthropin",automatisch,eines,,
00765,107,stadium_2_datum,1927-02-27,1927-02-27,1933-05-08,automatisch,eines,,
00765,107,stadium_2_name,Vedderstraße,Vedderstraße,Elsa-Brä̈ndström-Platz,automatisch,eines,,
00765,107,stadium_3,1933-05-08 Elsa-Brändström-Platz,1933-05-08 Elsa-Brändström-Platz,,automatisch,eines,,
00765,107,verweis_auf,Elsa-Brändström-Straße,Elsa-Brändström-Straße,,automatisch,eines,,
00766,107,lemma,Elsa-Brändström-Straße,Elsa-Brändström-Straße,Elsa-Brä̈ndström-Straße,automatisch,eines,,
00766,107,stadium_2_name,Elsa-Brändströmstraße,Elsa-Brändströmstraße,Elsa-Brä̈ndströmstraße,automatisch,eines,,
00769,107,lemma,Eltingplatz,Eltingplatz,Eltingstraße,automatisch,eines,,
00769,107,namensgruppe,"Person, Mann, Deutscher, Industrieller, Essener Geschichte und Örtlichkeit, Platz","Person, Mann, Deutscher, Industrieller, Essener Geschichte und Örtlichkeit, Platz","Person, Mann, Deutscher, Industrieller, Essener Geschichte und Örtlichkeit",automatisch,eines,,
00769,107,stadium_1,1895-11-15 Hermannplatz,1895-11-15 Hermannplatz,1895-11-15 Hermannplatz,automatisch,eines,,
00769,107,stadium_2,1937-11-20 Eltingplatz,1937-11-20 Eltingplatz,1887-06-10 Hermannstraße,automatisch,eines,,
00769,107,verweis_auf,Eltingstraße,Eltingstraße,,automatisch,eines,,
00771,107,stadtteile,Bredeney,Bredenei,Bredeney,automatisch,eines,,
00775,108,stadium_2_datum,1896-02-13,1896-02-13,"(urspr., kein Datum)",unsicher,eines,,
00775,108,stadium_2_urspruenglich,falsch,falsch,wahr,unsicher,eines,,
00775,108,stadium_3,1933-11-27 Emscherstraße (Verl.),1933-11-27 Emscherstraße (Verl.),,unsicher,eines,,
00776,108,lemma,Endemannhöhe,Endemannhöhe,Endemannshöhe,automatisch,eines,,
00776,108,stadium_1_name,Endemannhöhe,Endemannhöhe,Endemannshöhe,automatisch,eines,,
00778,108,namensgruppe,"Person, Mann, Deutscher, Geistlicher, Männlicher Vorname, Essener Geschichte und Örtlichkeit","Person, Mann, Deutscher, Geistlicher, Männlicher Vorname, Essener Geschichte und Örtlichkeit","Person, Mann, Deutscher, Geistlicher, Männlicher Vorname",automatisch,eines,,
00781,109,lemma,Engelssiepen,Engelssiepen,Engelsiepen,automatisch,eines,,
00781,109,stadium_1_name,Marienberg,Marienberg,Engelsiepen,automatisch,eines,,
00781,109,stadium_2_name,Engelssiepen,Engelssiepen,Engelsiepen,automatisch,eines,,
00783,109,stadium_1_name,Borgerstraße,Borgerstraße,Burgerstraße,automatisch,eines,,
00789,109,stadium_1,1881 B-Straße,1881 B-Straße,1937-11-20 Erinweg,automatisch,eines,,
00791,110,eintrag,Erlenkampsweg,Erlenkampsweg,,automatisch,eines,,
00792,110,eintrag,Ernastraße,Ernastraße,,automatisch,eines,,
00793,110,eintrag,Ernestinenstraße,Ernestinenstraße,,automatisch,eines,,
00794,110,eintrag,Ernststraße,Ernststraße,,automatisch,eines,,
00795,110,eintrag,Erntedankweg,Erntedankweg,,automatisch,eines,,
00797,110,eintrag,Eschenburg,Eschenburg,,automatisch,eines,,
00798,110,eintrag,Eschenstraße,Eschenstraße,,automatisch,eines,,
00800,111,eintrag,Esmarchstraße,Esmarchstraße,,automatisch,eines,,
00803,111,lemma,Stadtteilbibliothek 1930 Esternhovede,Esternhovede,Esternhove,automatisch,eines,,
00803,111,stadium_2_name,Esternhovede,Esternhovede,Esternhove,automatisch,eines,,
00804,111,eintrag,Eststraße,Eststraße,,automatisch,eines,,
00805,111,eintrag,Etterbach,Etterbach,,automatisch,eines,,
00809,104,eintrag,Eifelhang,Eifelhang,,automatisch,eines,,
00809,104,stadtteile,Bredeney,Bredenei,,automatisch,eines,,
00810,110,eintrag,Ernst-Tengelmann-Ring,Ernst-Tengelmann-Ring,,automatisch,eines,,
00811,102,lemma,Eggebrechthang,Eggebrechthang,Eggebrechtang,automatisch,eines,,
00811,102,stadium_1_name,Eggebrechthang,Eggebrechthang,Eggebrechtang,automatisch,eines,,
00813,109,lemma,Erdpohlweg,Erdpohlweg,Erdpolweg,automatisch,eines,,
00813,109,namensgruppe,Kotten,Kotten,"Kotten, Str.-Gr.: Kotten",automatisch,eines,,
00813,109,stadium_1_name,Erdpohlweg,Erdpohlweg,Erdpolweg,automatisch,eines,,
00815,104,eintrag,Eilpeweg,Eilpeweg,,automatisch,eines,,
00815,104,stadtteile,Überruhr-Holthausen,Ürruhr-Holthausen,,automatisch,eines,,
00816,110,eintrag,Eskensfeld,Eskensfeld,,automatisch,eines,,
00817,110,eintrag,Eskenshof,Eskenshof,,unsicher,eines,,
00819,110,eintrag,Ernst-Barlach-Straße,Ernst-Barlach-Straße,,automatisch,eines,,
00820,277,namensgruppe,"Person, Mann, Deutscher, Ausschußvorsitzender","Person, Mann, Deutscher, Ausschussvorsitzender","Person, Mann, Deutscher, Ausschußvorsitzender",automatisch,eines,,
00822,39,eintrag,Am Kunstschacht,Am Kunstschaft,,automatisch,eines,,
00822,39,lemma,Am Kunstschacht,Am Kunstschaft,,automatisch,eines,,
00822,39,stadium_1_name,Am Kunstschacht,Am Kunstschaft,,automatisch,eines,,
00823,58,eintrag,Auf der Ruhrhöhe,Auf der Ruhrhöhe,,automatisch,eines,,
00825,92,eintrag,Deichmannweg,Deichmannweg,,automatisch,eines,,
00826,154,lemma,Helgaweg,Helgaweg,Helweg,automatisch,eines,,
00826,154,stadium_1,2007-04-10 Helgaweg,2007-04-10 Helgaweg,2007-04-10 Helgaweg,automatisch,eines,,
00828,68,stadium_3,,,1913-09-26 Berthold Beitz,geprueft,eines,,
00828,68,stadtteile,Nordviertel; Westviertel; Altenessen-Süd,Nordviertel; Westviertel; Altenessen-Süd,Nordviertel; Westviertel; Altensen,geprueft,eines,,
00833,32,eintrag,Am Blambeckpark,Am Blambeckpark,,automatisch,eines,,
00838,102,namensgruppe,"Person, Mann, Deutscher, Architekt, Platz","Person, Mann, Deutscher, Architekt, Platz","Person, Mann, Deutscher, Architekt",automatisch,eines,,
00838,102,stadium_1_name,Edmund-Körner Platz,Edmund-Körner Platz,Edmund-Körner-Platz,automatisch,eines,,
00841,112,stadium_1_name,Ludgeristraße,Ludgeristraße,Ludgerstraße,geprueft,eines,,
00842,113,stadtteile,Altenessen-Nord,Altenessen-Nord,Altessen-Nord,automatisch,eines,,
00843,113,stadium_1_datum,"(urspr., kein Datum)","(urspr., kein Datum)",urspr.: Theodorstraße (nicht normalisierbar),automatisch,eines,,
00843,113,stadium_1_name,Theodorstraße,Theodorstraße,Falkstraße,automatisch,eines,,
00849,113,eintrag,Feilenstraße,Feilenstraße,,automatisch,eines,,
00851,113,verweis_auf,Luegstraße,Luegstraße,,automatisch,eines,,
00852,113,stadtteile,Altenessen-Süd,Altenessen-Süd,Altensessen-Süd,automatisch,eines,,
00861,114,stadium_1,1895-01-04 Fischerstraße,1895-01-04 Fischerstraße,1937 Dietrich-Eckart-Siedlung,automatisch,eines,,
00861,114,stadium_2,,,1895-01-04 Fischerstraße,automatisch,eines,,
00861,114,stadium_3,,,1945-03-03 Icktener Siedlung (tlw.),automatisch,eines,,
00861,114,stadium_4,,,1952-09-05 Am Jommershönschen,automatisch,eines,,
00864,114,namensgruppe,"Essener Geschichte und Örtlichkeit, Platz","Essener Geschichte und Örtlichkeit, Platz",Essener Geschichte und Örtlichkeit,automatisch,eines,,
00864,114,verweis_auf,Markt,Markt,,automatisch,eines,,
00865,114,verweis_auf,Flakering,Flakering,,automatisch,eines,,
00867,115,stadium_1,1900 Funkestraße,1900 Funkestraße,1913-05-30 Flashoffstraße,automatisch,eines,,
00869,115,namensgruppe,Gemeinheit,Gemeinschaft,Gemeinheit,automatisch,eines,,
00870,115,stadtteile,Bredeney,Bredeneey,Bredeney,automatisch,eines,,
00871,115,namensgruppe,Flur-name,Flurname,Flur-name,automatisch,eines,,
00875,116,stadium_2_name,Katstraße,Katstraße,Kastraße,automatisch,eines,,
00876,116,stadium_2_name,Kurtstraße,Kurtstraße,Kurstraße,automatisch,eines,,
00882,116,namensgruppe,Lagebezeichnung,Lagebezeichnung,,automatisch,eines,,
00882,116,strassenklasse,Gemeindestraße,Gemeindestraße,Lagebezeichnung,automatisch,eines,,
00884,117,namensgruppe,Kotten,Kotten,"Kotten, urspr.: Hochstraße",automatisch,eines,,
00884,117,stadium_1,"(urspr., kein Datum) Hochstraße","(urspr., kein Datum) Hochstraße",1934-11-29 Dietwartstraße,automatisch,eines,,
00884,117,stadtteile,Schonnebeck,Schonnebeck,Schönebeck,automatisch,eines,,
00886,117,stadium_2_name,Hochstraße (tlw.),Hochstraße (tlw.),Hochstraße,automatisch,eines,,
00888,117,namensgruppe,Stadt und Ort,Stadt und Ort,"Stadt und Ort, 06. August 1907: Rellinghauser Straße",geprueft,eines,,
00888,117,stadium_2,1907-08-06 Rellinghauser Straße,1907-08-06 Rellinghauser Straße,1910-09-16 Frankenstraße,geprueft,eines,,
00888,117,stadtteile,Bredeney; Stadtwald; Rellinghausen,Bredeneey; Stadtwald; Rellinghausen,Bredeney; Rellinghausen,geprueft,eines,,
00889,117,eintrag,Frankfurter Straße,Frankfurter Straße,,automatisch,eines,,
00890,117,namensgruppe,Lagebezeichnung,Lagebezeichnung,"Lagebezeichnung, urspr.: Rosenstraße",automatisch,eines,,
00891,118,verweis_auf,Franziskanerstraße,Franziskanerstraße,,automatisch,eines,,
00892,118,stadium_4_name,Franziskanerstraße (Vert.),Franziskanerstraße (Verl.),Franziskanerstraße,automatisch,eines,,
00895,118,stadium_1_name,Torweg,Torweg,Franz-Xaver-Weg,automatisch,eines,,
00896,118,namensgruppe,"Person, Frau, Deutsche, Familie Krupp, Essener Geschichte und Örtlichkeit","Person, Frau, Deutsche, Familie Krupp, Essener Geschichte und Örtlichkeit","Person, Frau, Deutsche, Familie Krupp, Essenner Geschichte und Örtlichkeit",automatisch,eines,,
00896,118,stadium_4_name,Frau-Berta-Krupp-Straße (Verl.),Frau-Berta-Krupp-Straße (Verl.),Frau-Berta-Krupp-Straße,automatisch,eines,,
00897,118,stadtteile,Altenessen-Nord,Altenessen-Nord,Altessen-Nord,automatisch,eines,,
00898,118,namensgruppe,Flurname,Flurname,"Flurname, urspr.: Grünacker Weg",automatisch,eines,,
00899,119,eintrag,Freiheit,Freiheit,,automatisch,eines,,
00901,119,stadium_1_name,Im Ruhrtal,Im Ruhrtal,Freiherr-vom-Stein-Straße,automatisch,eines,,
00901,119,stadium_2,"(urspr., kein Datum) Werdener Straße (tlw.)","(urspr., kein Datum) Werdenener Straße (tlw.)",1933-05-08 Freiherr-vom-Stein-Straße,automatisch,eines,,
00901,119,stadium_2_name,Werdener Straße (tlw.),Werdenener Straße (tlw.),Freiherr-vom-Stein-Straße,automatisch,eines,,
00901,119,stadtteile,Bredeney; Heisingen,Bredeneey; Heisingen,Bredeney; Heisingen,automatisch,eines,,
00904,151,verweis_auf,Heinrich-Lersch-Platz,Heinrich-Lersch-Platz,,automatisch,eines,,
00906,119,stadium_2,,1340 opper Vryerstat,,automatisch,eines,,
00907,119,stadium_1,"(urspr., kein Datum) Adolfstraße","(urspr., kein Datum) Adolfstraße",1902-05-16 Freseniusstraße,automatisch,eines,,
00909,119,stadium_1,"(urspr., kein Datum) Bernuthstraße","(urspr., kein Datum) Bernuthstraße",1902-05-16 Freytagstraße,automatisch,eines,,
00915,120,stadium_3_name,Schlageterstraße (Umb.),Schlageterstraße (Umb.),Schlachterstraße (Umb.),automatisch,eines,,
00915,120,stadium_5_name,Friedrich-Ebert-Straße (Umb.),Friedrich-Ebert-Straße (Umb.),Friedrich-Ebert-Straße,automatisch,eines,,
00916,120,stadium_1_name,Begasstraße,Begasstraße,Begastraße,automatisch,eines,,
00918,120,stadium_1_name,Viktoriastraße,Viktoriastraße,Victoriastraße,automatisch,eines,,
00921,118,eintrag,Franz-Fischer-Weg,Franz-Fischer-Weg,,automatisch,eines,,
00923,121,verweis_auf,Frillendorfer Straße,Frillendorfer Straße,,automatisch,eines,,
00924,121,verweis_auf,Frillendorfer Straße,Frillendorfer Straße,,automatisch,eines,,
00926,121,lemma,Frintroper Knappen,Frinroper Knappen,Frintroper Knappen,automatisch,eines,,
00926,121,stadium_1_name,Frintroper Knappen,Frinroper Knappen,Frintroper Knappen,automatisch,eines,,
00926,121,stadtteile,Frintrop,Frinrop,Frintrop,automatisch,eines,,
00927,121,lemma,Frintroper Straße,Frinroper Straße,Frintroper Straße,automatisch,eines,,
00927,121,stadium_2_name,Frintroper Straße,Frinroper Straße,Frintroper Straße,automatisch,eines,,
00927,121,stadtteile,Frintrop; Bedingrade; Schönebeck; Borbeck-Mitte,Frinrop; Bedingrade; Schönebeck; Borbeck-Mitte,Frintrop; Bedingrade; Schönebeck; Borbeck-Mitte,automatisch,eines,,
00941,123,lemma,Fürstinstraße,Fürstinstraße,Fürstenbergstraße,unsicher,eines,,
00941,123,stadium_1_datum,1909-03-26,1909-03-26,1915-07-09,unsicher,eines,,
00941,123,stadium_1_name,Fürstinstraße,Fürstinstraße,Fürstenbergstraße,unsicher,eines,,
00943,123,stadium_3,2006-09-12 Fulerumer Straße (Verl.),2006-09-12 Fulerumer Straße (Verl.),,automatisch,eines,,
00944,123,namensgruppe,Flurname,Flurname,"Flurname, urspr.: Oststraße",automatisch,eines,,
00944,123,stadium_1,"(urspr., kein Datum) Oststraße","(urspr., kein Datum) Oststraße",1904-02-03 Fundlandstraße,automatisch,eines,,
00945,121,lemma,Frielingsdorfweg,Frielingdorfweg,Frielingsdorfweg,automatisch,eines,,
00945,121,stadium_1_name,Frielingsdorfweg,Frielingdorfweg,Frielingsdorfweg,automatisch,eines,,
00947,117,stadium_1_name,Ruhrstraße (tlw.),Ruhrstraße (tlw.),Ruhraue (tlw.),automatisch,eines,,
00949,119,verweis_auf,Zeche Eiberg,Zeche Eiberg,,automatisch,eines,,
00951,121,lemma,Frintroper Höhe,Frinroper Höhe,Frintroper Höhe,automatisch,eines,,
00951,121,stadium_1_name,Frintropper Höhe,Frinroper Höhe,Frintroper Höhe,automatisch,eines,,
00951,121,stadtteile,Frintrop,Frinrop,Frintrop,automatisch,eines,,
00952,121,lemma,Frintroper Markt,Frinroper Markt,Frintroper Markt,automatisch,eines,,
00952,121,stadium_2_name,Frintroper Markt,Frinroper Markt,Frintroper Markt,automatisch,eines,,
00952,121,stadtteile,Frintrop,Frinrop,Frintrop,automatisch,eines,,
00955,306,eintrag,Spechtweg,Spechtweg,,automatisch,eines,,
00960,220,namensgruppe,"Person, Mann, Deutscher, Unternehmer, Stadtverordneter","Person, Mann, Deutscher, Unternehmer, Stadtverordneter ,","Person, Mann, Deutscher, Unternehmer, Stadtverordneter",automatisch,eines,,
00962,110,eintrag,Ernst-Schmidt-Platz,Ernst-Schmidt-Platz,,automatisch,eines,,
00966,243,lemma,Museumsplatz,Museumsplatz,Eugen-Sulz-Straße,automatisch,eines,,
00966,243,namensgruppe,"Lagebezeichnung, Platz","Lagebezeichnung, Platz","Person, Mann, Deutscher, Bibliothekar",automatisch,eines,,
00966,243,stadium_1_datum,2009-12-29,2009-12-29,2003-07-01,automatisch,eines,,
00966,243,stadium_1_name,Museumsplatz,Museumsplatz,Eugen-Sulz-Straße,automatisch,eines,,
00966,243,stadtteile,Südviertel,Südviertel,Westviertel,automatisch,eines,,
00967,62,eintrag,Bargmannstraße,Bargmannstraße,,automatisch,eines,,
00968,151,stadtteile,Stadtkern,Stadt kern,Stadtkern,automatisch,eines,,
00969,361,eintrag,Zur Waldesquelle,Zur Waldesquelle,,automatisch,eines,,
00970,360,lemma,Zur Friedenseiche,Zur Friedenseiche,Zur Friedeneseiche,automatisch,eines,,
00970,360,stadium_1_name,Zur Friedenseiche,Zur Friedenseiche,Zur Friedeneseiche,automatisch,eines,,
00971,237,namensgruppe,"Person, Mann, Deutscher, Mediziner, Hochschullehrer, Forscher","Person, Mann, Deutscher, Mediziner, Hochschullehrer, Forscher","Person, Mann",automatisch,eines,,
00973,144,namensgruppe,Familienname,Familiennname,Familienname,automatisch,eines,,
00975,256,stadium_2,,,1935-12-24 Christoph Höttges,automatisch,eines,,
00976,95,lemma,Diether-Krebs-Platz,Diether-Krebs-Platz,Dieter-Krebs-Platz,automatisch,eines,,
00976,95,stadium_1_name,Diether-Krebs-Platz,Diether-Krebs-Platz,Dieter-Krebs-Platz,automatisch,eines,,
00980,132,stadium_2,,,"(urspr., kein Datum) Graevenkotten",automatisch,eines,,
00982,123,lemma,Gärtnerstraße,Gärtnerstraße,Gärtnereistraße,automatisch,eines,,
00982,123,stadium_1_name,Gärtnerstraße,Gärtnerstraße,Gärtnereistraße,automatisch,eines,,
00982,123,stadium_3_name,Gärtnerstraße (Verl.),Gärtnerstraße (Verl.),Gärtnereistraße,automatisch,eines,,
00988,123,lemma,Gartenstiege,Gartenstiege,Gartenstieg,automatisch,eines,,
00989,258,namensgruppe,"Essener Geschichte und Örtlichkeit, Hofname","Essener Geschichte und Örtlichkeit, Hofname",Hofname,automatisch,eines,,
00989,258,stadium_1,1896-08-14 Gartenstraße,1896-08-14 Gartenstraße,1937-11-20 Freiheit,automatisch,eines,,
00990,124,eintrag,Gasstraße,Gasstraße,,automatisch,eines,,
00991,124,eintrag,Gathergang,Gathergang,,automatisch,eines,,
00992,124,eintrag,Gattfeld,Gattfeld,,automatisch,eines,,
00993,124,eintrag,Gaußstraße,Gaußstraße,,automatisch,eines,,
00994,124,eintrag,Gebhardtstraße,Gebhardtstraße,,automatisch,eines,,
00996,124,lemma,Gedingeweg,Gedingeweg,Gedingweg,automatisch,eines,,
00996,124,stadium_3_name,Gedingeweg,Gedingeweg,Gedingweg,automatisch,eines,,
00996,124,stadium_4_name,Gedingeweg (Verl.),Gedingeweg (Verl.),Gedingweg,automatisch,eines,,
01001,125,namensgruppe,"Person, Mann, Deutscher, Physiker, Erfinder","Person, Mann, Deutscher, Physiker, Erfinder","Person, Mann, Deutscher, Physiker, Erfinder, urspr.: Klemensstraße",automatisch,eines,,
01002,125,namensgruppe,Bergbau,Bergbau,"Bergbau, etwa 1899",automatisch,eines,,
01002,125,stadium_2,,,1852-11-02 Geitlingstraße,automatisch,eines,,
01004,125,stadium_2,1892-03-29 Gelsenkirchener Straße,1892-03-29 Gelsenkirchener Straße,1892-03-29 Mittelstraße,automatisch,eines,,
01004,125,stadium_4_datum,1937-11-20,gemeinsame Bezeichnung am 20. November 1937 (nicht normalisierbar),1945-06-18,automatisch,eines,,
01004,125,strassenklasse,Kreisstraße; Landstraße,Kreisstraße; Landstraße,Kreisstraße und Landstraße,automatisch,eines,,
01005,125,verweis_auf,Gemarkenstraße,Gemarkenstraße,,automatisch,eines,,
01007,125,lemma,Gemperwiese,Gemperwiese,Gempenwiese,automatisch,eines,,
01007,125,stadium_2_name,Gemperwiese,Gemperwiese,Gempenwiese,automatisch,eines,,
01008,125,stadium_2,,,"(urspr., kein Datum) An der Straße lag z.Zt. der Benennung die Konsumgenossenschaft Essen",geprueft,eines,,
01009,125,stadtteile,Bredeney,Bredenei,Bredeney,automatisch,eines,,
01010,125,namensgruppe,Kirche und Kloster,Kirche und Kloster,"Kirche und Kloster, vor 1915",automatisch,eines,,
01013,126,lemma,Gerichtsstraße,Gerichtstraße,Gerichtsstraße,unsicher,eines,,
01013,126,stadium_1_name,Gerichtsstraße,Gerichtstraße,Gerichtsstraße,unsicher,eines,,
01015,127,stadium_1_datum,vor 1895,(nicht amtlich) (nicht normalisierbar),"(urspr., kein Datum)",geprueft,eines,,
01019,127,namensgruppe,Bauerschaft,Bauerschaft,,unsicher,eines,,
01019,127,stadium_3_name,Düppenberg (Umb.tiw.),Düppenberg (Umb.tlw.),Düppenberg (Umbtw.),unsicher,eines,,
01019,127,strassenklasse,Gemeindestraße,Gemeindestraße,Gemeindestraße; Bauerschaft,unsicher,eines,,
01028,128,lemma,Giesebrechtstraße,Giesebrechtstraße,Giesbrechtstraße,automatisch,eines,,
01028,128,stadium_3_name,Giesebrechtstraße,Giesebrechtstraße,Giesbrechtstraße,automatisch,eines,,
01030,128,lemma,Gildehofstraße,Gildhofstraße,Gildehofstraße,automatisch,eines,,
01032,129,lemma,Gillhausenstraße,Gillhausenstraße,Gillhausensstraße,automatisch,eines,,
01032,129,stadium_1_name,Gillhausenstraße,Gillhausenstraße,Gillhausensstraße,automatisch,eines,,
01032,129,stadtteile,Bredeney,Bredenei,Bredeney,automatisch,eines,,
01037,130,stadium_1,"(urspr., kein Datum) Fräserstraße","(urspr., kein Datum) Fräserstraße",1903-11-27 Unionstraße,unsicher,eines,,
01037,130,stadtteile,Stadtkern; Nordviertel; Altenessen-Süd; Altenessen-Nord; Vogelheim; Karnap,Stadtkern; Nordviertel; Altenessen-Süd; Altenessen-Nord; Vogelheim; Karnap,Nordviertel; Altessen-Süd; Altenssen-Nord; Vogelheim; Karnap,unsicher,eines,,
01038,127,eintrag,Gerscheder Weiden,Gerscheder Weiden,,automatisch,eines,,
01043,130,stadium_1_name,Stinnesstraße,Stinnesstraße,Stinnessestraße,automatisch,eines,,
01046,130,namensgruppe,"Person, Mann, Deutscher, General, Kriegserinnerung","Person, Mann, Deutscher, General, Kriegserinnerung","Person, Mann, Deutscher, General, Kriegsinnenerung",automatisch,eines,,
01046,130,stadtteile,Altenessen-Süd; Nordviertel,Altenessen-Süd; Nordviertel,Altessen-Süd; Nordviertel,automatisch,eines,,
01047,130,verweis_auf,Reineke-Fuchs-Straße,Reineke-Fuchs-Straße,,geprueft,eines,,
01049,130,namensgruppe,"Person, Mann, Deutscher, General, Kriegserinnerung","Person, Mann, Deutscher, General, Kriegserinnerung","Person, Mann, Deutscher, General, Kriegsinnenerung",automatisch,eines,,
01050,131,eintrag,Gönterstraße,Gönterstraße,,automatisch,eines,,
01050,131,namensgruppe,Gemeinheit,Gemeindeheit,,automatisch,eines,,
01053,131,eintrag,Görtzpfad,Görtzpfad,,automatisch,eines,,
01054,131,stadium_1_name,Wilhelmstraße,Wilhelmstraße,Goethestraße,automatisch,eines,,
01055,131,stadium_2,,,"(urspr., kein Datum) Göttingen",automatisch,eines,,
01056,131,stadium_2,,,"(urspr., kein Datum) Goldammer",automatisch,eines,,
01057,131,stadium_2,,,"(urspr., kein Datum) Goldfinkstraße und Geitlingstraße",automatisch,eines,,
01058,131,stadium_1_name,Söllingstraße (tlw.),Söllingstraße (tlw),Söllingstraße (tlw.),automatisch,eines,,
01059,131,stadium_2,,,"(urspr., kein Datum) Sophus Goose",automatisch,eines,,
01060,132,stadium_2,,,1765-07-15 Johann Gottfried Wilhelm Waldthausen,automatisch,eines,,
01062,132,namensgruppe,"Person, Mann, Deutscher, Mediziner","Person, Mann, Deutscher, Mediziner","Person, Mann, Deutscher, Mediziner, urspr.: Löwenstraße",automatisch,eines,,
01062,132,stadium_1_datum,"(urspr., kein Datum)","(urspr., kein Datum)",1902-05-16,automatisch,eines,,
01062,132,stadium_1_name,Löwenstraße,Löwenstraße,Graefestraße,automatisch,eines,,
01062,132,stadium_1_urspruenglich,wahr,wahr,falsch,automatisch,eines,,
01063,132,stadium_2_datum,1915-07-09,1915-07-09,1949-03-30,geprueft,eines,,
01063,132,stadium_2_name,Tirpitzstraße,Tirpitzstraße,Graf-Bernadotte-Straße,geprueft,eines,,
01063,132,stadtteile,Bredeney,Bredenei,Bredeney,geprueft,eines,,
01064,133,stadium_2_urspruenglich,wahr,wahr,falsch,automatisch,eines,,
01064,133,stadium_3_urspruenglich,wahr,wahr,falsch,automatisch,eines,,
01065,133,stadium_1,"(urspr., kein Datum) Seilergraben","(urspr., kein Datum) Seilergraben",1890-11-18 Graffweg,automatisch,eines,,
01066,133,stadium_2_name,Schulstaße,Schulstaße,Schulstraße,automatisch,eines,,
01066,133,stadtteile,Bredeney,Bredenei,Bredeney,automatisch,eines,,
01067,133,namensgruppe,Gewässer,Gewässer,"Gewässer, Str.-Gr.: Gemeinde-, Str.-Kl.: Straße",unsicher,eines,,
01067,133,stadtteile,Altenessen-Süd; Stoppenberg,Altenessen-Süd; Stoppenberg,Altessen-Süd; Stoppenberg,unsicher,eines,,
01069,133,verweis_auf,Grandhöhe,Grandhöhe,,automatisch,eines,,
01070,133,stadtteile,Bredeney,Bredenei,Bredeney,automatisch,eines,,
01074,134,eintrag,Gravelottestraße,Gravelottestraße,,automatisch,eines,,
01076,134,eintrag,Gregorstraße,Gregorstraße,,automatisch,eines,,
01077,134,eintrag,Grendbach,Grendbach,,automatisch,eines,,
01078,134,eintrag,Grendgasse,Grendgasse,,unsicher,eines,,
01079,134,eintrag,Grendplatz,Grendplatz,,automatisch,eines,,
01080,134,stadtteile,Altenessen-Nord,Altenessen-Nord,Altenessen,automatisch,eines,,
01083,134,stadium_1,,"(urspr., kein Datum) Bergmühlenstraße",1902-05-16 Grieperstraße,geprueft,eines,,
01083,134,stadium_2,,1902-05-16 Grieperstraße,1915-07-09 Grieperstraße (Verl.),geprueft,eines,,
01083,134,stadium_3,,1915-07-09 Grieperstraße (Verl.),,geprueft,eines,,
01085,135,verweis_auf,Reineke-Fuchs-Straße,Reineke-Fuchs-Straße,,automatisch,eines,,
01089,135,namensgruppe,Essener Geschichte und ÖOrtlichkeit,Essener Geschichte und Örtlichkeit,Gemeindestraße,automatisch,eines,,
01090,135,stadtteile,Freisenbruch,Freisenbruch,Friesenbruch,automatisch,eines,,
01093,136,namensgruppe,Hofname,Hofname,"Hofname, etwa 1928",automatisch,eines,,
01093,136,stadium_1_datum,1928,1928,"(urspr., kein Datum)",automatisch,eines,,
01093,136,stadium_1_urspruenglich,falsch,falsch,wahr,automatisch,eines,,
01093,136,stadium_2,,,"(urspr., kein Datum) Goebeken to Hynsbeck von des Groten Guede",automatisch,eines,,
01093,136,stadium_3,,,1800-07-29 Franz Carl Freiherr von Schirp zu Baldeney,automatisch,eines,,
01093,136,stadium_4,,,1807-11-16 Alexander Freiherr von Schirp,automatisch,eines,,
01093,136,stadium_5,,,"(urspr., kein Datum) Heinrich Sönnenschein",automatisch,eines,,
01093,136,stadium_6,,,1826 Besitzer,automatisch,eines,,
01093,136,stadium_7,,,"(urspr., kein Datum) Mutterrolle 1826",automatisch,eines,,
01093,136,stadium_8,,,"(urspr., kein Datum) Eigentümer Ferdinand Priem gen. Feldmann zu Hynsbeck",automatisch,eines,,
01093,136,stadium_9,,,"(urspr., kein Datum) Der Hof ist rund 63 Morgen groß",automatisch,eines,,
01097,136,stadtteile,Bredeney,Bredeneey,Bredeney,automatisch,eines,,
01098,315,stadium_3,,,"(urspr., kein Datum) Ein erfundener Name",automatisch,eines,,
01099,136,lemma,Grünhof,Grünhof,Grünhöf,automatisch,eines,,
01099,136,stadium_1_name,Grünhof,Grünhof,Grünhöf,automatisch,eines,,
01101,136,namensgruppe,Kotten,Kotten,"Kotten, urspr.: Lessingstraße",automatisch,eines,,
01101,136,stadium_1,"(urspr., kein Datum) Lessingstraße","(urspr., kein Datum) Lessingstraße",1934-01-12 Grüteringhof,automatisch,eines,,
01106,137,namensgruppe,"Person, Mann, Deutscher, Erfinder, Chemiker, Unternehmer","Person, Mann, Deutscher, Erfinder, Chemiker, Unternehmer","Person, Mann, Deutscher, Erfinder, Chemiker, Unternehmer, urspr.: Ernststraße",automatisch,eines,,
01106,137,stadium_1,"(urspr., kein Datum) Ernststraße","(urspr., kein Datum) Ernststraße",1902-05-16 Grusonstraße,automatisch,eines,,
01108,137,lemma,Gülterberg,Gülterberg,Güterberg,automatisch,eines,,
01108,137,stadium_1_name,Gülterberg,Gülterberg,Güterberg,automatisch,eines,,
01113,137,stadium_1,1868-01-13 Gustavstraße,1868-01-13 Gustavstraße,1977-03-08 Gustav-Hicking-Straße,automatisch,eines,,
01113,137,stadtteile,Stadtkern; Ostviertel,Stadt kern; Ostviertel,Stadtkern; Ostviertel,automatisch,eines,,
01115,138,stadtteile,Bergerhausen,Bergerhausen,Bergeborbeck,automatisch,eines,,
01118,124,namensgruppe,"Person, Mann, Deutscher, Abt","Person, Mann, Deutscher, Abt","Person, Mann, Deutscher, Abt, urspr.: Kampstraße",automatisch,eines,,
01118,124,verweis_auf,Zölestinstraße,Zölestinstraße,,automatisch,eines,,
01119,129,stadium_1_name,Gertrudenstraße,Gertrudenstraße,Gertrudstraße,automatisch,eines,,
01119,129,stadium_2_name,Gerswidastraße,Gerswidastraße,Girardetstraße,automatisch,eines,,
01119,129,stadium_3,1965-06-03 Girardetstaße,1965-06-03 Girardetstraße,,automatisch,eines,,
01119,129,stadium_3_name,Girardetstaße,Girardetstraße,,automatisch,eines,,
01120,135,stadium_3_name,Großstraße (Aufgeh.),Großstraße (Aufgeh.),Großstraße,geprueft,eines,,
01125,27,eintrag,a _ Alfred-Herrhausen-Brücke,Alfred-Herrhausen-Brücke,,unsicher,eines,,
01125,27,lemma,a _ Alfred-Herrhausen-Brücke,Alfred-Herrhausen-Brücke,,unsicher,eines,,
01129,27,stadium_2,,,"(urspr., kein Datum) Albert Schmidt",automatisch,eines,,
01129,27,stadium_2_datum,,,05. Oktober 1904 in Katzwinkel-Elkhausen (Sieg) (nicht normalisierbar),automatisch,eines,,
01129,27,stadium_3,,,"(urspr., kein Datum)",automatisch,eines,,
01129,27,stadium_3_datum,,,†08. Februar 1976 in Elkhausen (Sieg) (nicht normalisierbar),automatisch,eines,,
01132,361,stadtteile,Altenessen-Süd,Altenessen-Süd,Altensessen-Süd,automatisch,eines,,
01133,128,lemma,Gießereiweg,Gießereiweg,Gießereistraße,automatisch,eines,,
01133,128,namensgruppe,Industrie und Wirtschaft,Industrie und Wirtschaft,,automatisch,eines,,
01133,128,stadium_1_name,Gießereiweg,Gießereiweg,Gießereistraße,automatisch,eines,,
01133,128,stadtteile,Altenessen-Süd,Altenessen-Süd,Altensenn-Süd,automatisch,eines,,
01133,128,strassenklasse,Gemeindestraße,Gemeindestraße,Industrie und Wirtschaft,automatisch,eines,,
01134,31,stadtteile,Bredeney,Bredenei,Bredeney,automatisch,eines,,
01142,321,lemma,Thea-Leymann-Straße,Thea-Leymann-Straße,Théa-Leymann-Straße,automatisch,eines,,
01144,121,stadtteile,Burgaltendorf,Burgaltendorf,Altendorf,automatisch,eines,,
01148,142,namensgruppe,"Person Mann, Deutscher, Politiker","Person Mann, Deutscher, Politiker","Person, Mann, Deutscher, Politiker",unsicher,eines,,
01149,44,eintrag,Am Technologiepark,Am Technologiepark,,unsicher,eines,,
01149,44,namensgruppe,"Industrie und Wirtschaft, vorm.: Franz-Fischer-Weg_ (tiw.), vorm.: Schönscheidtstraße (tiw)",Industrie und Wirtschaft,,unsicher,eines,,
01149,44,stadium_1,1999-05-18 Am Technologiepark,"(urspr., kein Datum) Franz-Fischer-Weg (tlw.)",,unsicher,eines,,
01149,44,stadium_1_datum,1999-05-18,vorm. (nicht normalisierbar),,unsicher,eines,,
01149,44,stadium_2,,"(urspr., kein Datum) Schönscheidtstraße (tlw.)",,unsicher,eines,,
01149,44,stadium_2_datum,,vorm. (nicht normalisierbar),,unsicher,eines,,
01152,138,stadium_3,,1934-06-05 Hachestraße,1934-10-05 Hachestraße,unsicher,eines,,
01153,138,lemma,Hackenberghang,Hackenberg hang,Hackenberghang,automatisch,eines,,
01157,139,stadium_2_name,Phönixstraße (tlw.),Phönixstraße (tlw.),Phoenixstraße (tlw.),geprueft,eines,,
01162,140,verweis_auf,,I. Hagen,,geprueft,eines,,
01163,140,verweis_auf,,I. Hagen und II. Hagen,,geprueft,eines,,
01166,140,namensgruppe,Bergbau,Bergbau,"Bergbau, vor 1898",automatisch,eines,,
01168,141,lemma,Hagmanngarten,Hagmanngarten,Hagmannsgarten,unsicher,eines,,
01168,141,namensgruppe,"Person, Mann, Deutscher, Bürgermeister","Person, Mann, Deutscher, Bürgermeister","Person, Mann, Deutscher, Bürgermeister, urspr.: Sartoriusstraße",unsicher,eines,,
01168,141,stadium_2_datum,1934,1934-06-05,"(urspr., kein Datum)",unsicher,eines,,
01168,141,stadium_2_name,Hagmanngarten,Hagmanngarten,Sartoriusstraße,unsicher,eines,,
01169,141,namensgruppe,"Person, Mann, Deutscher, Prokurist, Kruppscher Beamter, Siedlung","Person, Mann, Deutscher, Prokurist, Kruppscher Beamter, Siedlung","Person, Mann, Deutscher, Prokurist, Krupp’scher Beamter, Siedlung",automatisch,eines,,
01169,141,stadtteile,Altenessen-Süd,Altenessen-Süd,Altessen-Süd,automatisch,eines,,
01172,141,lemma,Halfmannwiese,Halfmannwiese,Halfmannswiese,automatisch,eines,,
01172,141,stadium_1_name,Halfmannwiese,Halfmannwiese,Halfmannswiese,automatisch,eines,,
01174,141,stadium_2_datum,1894-08-07,1894-08-07,1894-08-20,automatisch,eines,,
01178,141,namensgruppe,Stadt und Ort,Stadt und Ort,"Stadt und Ort, urspr.: Mühlenstraße (tlw.)",automatisch,eines,,
01179,141,namensgruppe,"Person, Mann, Deutscher, Politiker, Reichstagsabgeordneter, Essener Geschichte und Örtlichkeit","Person, Mann, Deutscher, Politiker, Reichstagsabgeordneter, Essener Geschichte und Örtlichkeit","Person, Mann, Deutscher, Politiker, Reichstagsabgeordneter",automatisch,eines,,
01180,142,namensgruppe,Gemeinheit,Gemeinschaft,Gemeinheit,automatisch,eines,,
01180,142,stadium_1_datum,1922-06-02,1922-06-02,1347-09-26,automatisch,eines,,
01180,142,stadium_1_name,Hammer Mark,Hammer Mark,Hammermarke,automatisch,eines,,
01180,142,stadium_2,,,"(urspr., kein Datum) Hammer Mark",automatisch,eines,,
01181,142,namensgruppe,Gemeinheit,Gemeinschaft,Gemeinheit,automatisch,eines,,
01181,142,stadium_2_name,Werdener Straße (Umb.),Werdenener Straße (Umb.),Werdener Straße (Umb.),automatisch,eines,,
01181,142,stadium_3_name,Hespertaler Landstraße (Umb.),Hespertaler Landstraße (Umb.),Hepstaler Landstraße (Umb.),automatisch,eines,,
01181,142,stadium_4_name,Am Schwarzen (Umb. tlw.),Am Schwarzen (Umb. tlw.),Am Schwarzen (Umb.) (tlw.),automatisch,eines,,
01181,142,verweis_auf,Honnschaftenstraße,Honnschaftenstraße,,automatisch,eines,,
01182,142,stadium_1_name,Südstraße,Südstraße,Hangethal,automatisch,eines,,
01183,142,stadium_1_name,Heinrichstraße,Heinrichstraße,Heimrichstraße,automatisch,eines,,
01183,142,stadtteile,Freisenbruch,Freisenbruch,Friesenbruch,automatisch,eines,,
01191,143,stadtteile,Bredeney,Bredeneey,Bredeney,geprueft,eines,,
01192,143,lemma,Hardenbergufer,Hardenbergufer,Hardenbergstraße,automatisch,eines,,
01192,143,stadium_4_name,Hardenbergufer,Hardenbergufer,Hardenbergstraße,automatisch,eines,,
01195,144,namensgruppe,Flurname,Flurname,Str.-Gr.: Flurname,automatisch,eines,,
01195,144,stadium_2,,,"(urspr., kein Datum) Am Haarscheid",automatisch,eines,,
01195,144,stadium_3,,,"(urspr., kein Datum) Mutterrolle 1866: Am Harscheid",automatisch,eines,,
01196,144,namensgruppe,"Person, Mann, Deutscher, Kruppscher Beamter, Platz","Person, Mann, Deutscher, Kruppscher Beamter, Platz","Person, Mann, Deutscher, Krupp'scher Beamter, Platz",automatisch,eines,,
01196,144,stadium_2,,,1842-06-10 *10. Gustav Hartmann,automatisch,eines,,
01198,144,namensgruppe,Flurname,Flurname,Str.-Gr.: Flurname,unsicher,eines,,
01198,144,stadium_3,,,"(urspr., kein Datum) Flurname nach der Karte über das Stift Werden von 1582",unsicher,eines,,
01201,144,namensgruppe,Hofname,Hofname,"Gemeindestraße, Str.-Gr.: Hofname",automatisch,eines,,
01205,145,lemma,Hattingstraße,Hattingstraße,Hattinger Straße,automatisch,eines,,
01205,145,stadium_1_name,Hattingstraße,Hattingstraße,Hattinger Straße,automatisch,eines,,
01208,145,stadtteile,Bredeney; Haarzopf; Margarethenhöhe; Schuir,Bredeneey; Haarzopf; Margarethenhöhe; Schuir,Bredeney; Haarzoepf; Margarethenhöhe; Schuir,automatisch,eines,,
01211,146,lemma,Haunerlandweg,Haunerlandweg,Hauenerlandweg,unsicher,eines,,
01211,146,stadium_1_name,Haunerlandweg,Haunerlandweg,Hauenerlandweg,unsicher,eines,,
01212,145,stadium_1_name,Haarzopfer Straße,Haarzopfer Straße,Haarzofer Straße,automatisch,eines,,
01212,145,verweis_auf,Hatzper Straße,Hatzper Straße,,automatisch,eines,,
01213,147,namensgruppe,"Essen Geschichte und Örtlichkeit, Lage-bezeichnung","Essen Geschichte und Örtlichkeit, Lagebezeichnung",Lagebezeichnung,automatisch,eines,,
01214,147,namensgruppe,"Rittersitz, Lehngut","Rittersitz, Lehngut","Rittersitz, Lehngut, urspr.: Sterkrader Straße",geprueft,eines,,
01214,147,stadium_1,"(urspr., kein Datum) Sterkrader Straße","(urspr., kein Datum) Sterkrader Straße",1891-04-30 Lindenstraße,geprueft,eines,,
01218,147,namensgruppe,Lehngut,Lehngut,Gemeindegasse,unsicher,eines,,
01218,147,stadium_2_name,Sternstraße,Sternstraße,Gerschede,unsicher,eines,,
01218,147,stadtteile,Dellwig; Gerschede,Dellwig; Gerschede,Dellwig,unsicher,eines,,
01219,146,namensgruppe,Rittersitz,Rittersitz,"Ritterssitz, urspr.: Haus Horst",automatisch,eines,,
01224,182,namensgruppe,"Person, Mann, Deutscher, Psychiater, Philosoph","Person, Mann, Deutscher, Psychiater, Philosoph","Person, Mann, Deutscher",automatisch,eines,,
01224,182,stadtteile,Freisenbruch,Freisenbruch,Friesenbruch,automatisch,eines,,
01225,148,lemma,De 3 Heckstraße - Hecktor Heckhülsenring,Heckhülsenring,Heckhülsring,unsicher,eines,,
01225,148,stadium_1_name,Heckhülsenring,Heckhülsenring,Heckhülsring,unsicher,eines,,
01226,148,stadium_2,,,"(urspr., kein Datum) Hagenstraße",automatisch,eines,,
01226,148,stadium_3,,,"(urspr., kein Datum) Heggrestrate",automatisch,eines,,
01226,148,stadium_4,,,"(urspr., kein Datum) Heegstrate",automatisch,eines,,
01226,148,stadium_5,,,"(urspr., kein Datum) Heghestraten",automatisch,eines,,
01227,148,namensgruppe,"Person, Frau, Deutsche, Lehrerin, Frauenrechtlerin, Politikerin, Platz","Person, Frau, Deutsche, Lehrerin, Frauenrechtlerin, Politikerin, Platz","Person, Frau, Deutsche, Lehrerin, Frauenrechtlerin, Politikerin",automatisch,eines,,
01231,149,verweis_auf,Hegestraße,Hegestraße,,automatisch,eines,,
01232,149,stadium_2,,,"(urspr., kein Datum) Hegemannsfeld",automatisch,eines,,
01233,149,eintrag,Hegerkamp,Hegerkamp,,automatisch,eines,,
01234,149,stadium_2,,,"(urspr., kein Datum) Hegestraße",automatisch,eines,,
01237,150,stadium_1,"(urspr., kein Datum) Am Feldmannshof","(urspr., kein Datum) Am Feldmannshof",1900-11-13 Südstraße,automatisch,eines,,
01240,150,namensgruppe,"Lagebezeichnung, Platz","Lagebezeichnung, Platz",Lagebezeichnung,automatisch,eines,,
01240,150,verweis_auf,Honnschaftenstraße,Honnschaftenstraße,Honnschaftsstraße,automatisch,eines,,
01241,150,verweis_auf,Honnschaftenstraße,Honnschaftenstraße,Honnschaftsstraße,automatisch,eines,,
01242,150,stadtteile,Bredeney,Bredenei,Bredeney,automatisch,eines,,
01243,150,stadium_1,"(urspr., kein Datum) Krummer Weg","(urspr., kein Datum) Krummer Weg",1916-02-18 Heierbusch,automatisch,eines,,
01243,150,stadtteile,Brenedey,Bredenei,Bredeney,automatisch,eines,,
01246,150,lemma,Heimatdank,Heimatkank,Heimatdank,automatisch,eines,,
01246,150,stadium_1_name,Heimatdank,Heimatkank,Heimatdank,automatisch,eines,,
01249,59,stadium_2_name,Schladebach,Schladbach,Schladebach,automatisch,eines,,
01250,151,lemma,Heinickestraße,Heinickestraße,Heinicke Straße,automatisch,eines,,
01250,151,stadium_2_name,Heinickestraße,Heinickestraße,Heinicke Straße,automatisch,eines,,
01250,151,stadium_3_name,Heinickestraße (Verl.),Heinickestraße (Verl.),Heinicke Straße (Verl.),automatisch,eines,,
01250,151,stadium_5_name,Heinickestraße (Umb.),Heinickestraße (Umb.),Heinicke Straße (Umb.),automatisch,eines,,
01251,151,lemma,Heinitzstraße,Heinitzstraße,Heinizstraße,automatisch,eines,,
01251,151,stadium_1_name,Heinitzstraße,Heinitzstraße,Heinizstraße,automatisch,eines,,
01252,152,namensgruppe,"Person, Mann, Deutscher, Steiger","Person, Mann, Deutscher, Steiger","Person, Mann, Deutscher",automatisch,eines,,
01253,152,stadium_1,"(urspr., kein Datum) Kaiserstraße","(urspr., kein Datum) Kaiserstraße",1902-05-16 Helmholtzstraße,unsicher,eines,,
01254,152,namensgruppe,"Person, Mann, Deutscher, Industrielle, Bürgermeister, Essener Geschichte und Örtlichkeit","Person, Mann, Deutscher, Industrieller, Bürgermeister, Essener Geschichte und Örtlichkeit","Person, Mann, Deutscher, Industrieller, Bürgermeister",automatisch,eines,,
01255,152,namensgruppe,"Person, Mann, Deutscher, Geheimer Bergrat, Techniker","Person, Mann, Deutscher, Geheimer Berg_rat, Techniker","Person, Mann, Deutscher, Geheimer Bergrat, Techniker",automatisch,eines,,
01255,152,stadium_1,"(urspr., kein Datum) Heinrichstraße","(urspr., kein Datum) Heinrichstraße",1902-05-16 Heintzmannstraße,automatisch,eines,,
01256,152,stadium_1_name,Bredeneyer Straße,Bredeneier Straße,Bredeneyer Straße,automatisch,eines,,
01256,152,stadtteile,Stadtwald; Heisingen; Bredeney,Stadtwald; Heisingen; Bredenei,Stadtwald; Heisingen; Bredeney,automatisch,eines,,
01259,153,lemma,Hektorstraße,Hektorstraße,Hektostraße,automatisch,eines,,
01259,153,stadium_2_name,Hektorstraße,Hektorstraße,Hektostraße,automatisch,eines,,
01262,154,stadium_1_name,Salkenbergsweg (tlw.),Salkenbergsweg (tlw.),Salkenbergerweg (tlw.),automatisch,eines,,
01263,154,lemma,Hellersberg,Hellmersberg,Hellersberg,automatisch,eines,,
01263,154,stadium_1_name,Hellersberg,Hellmersberg,Hellersberg,automatisch,eines,,
01266,154,namensgruppe,"Person, Mann, Deutscher, Physiologe, Physiker, Platz","Person, Mann, Deutscher, Physiologe, Physiker, Platz","Person, Mann, Deutscher, Physiologe, Physiker",automatisch,eines,,
01266,154,stadium_1,"(urspr., kein Datum) Kaiserstraße","(urspr., kein Datum) Kaiserstraße",1902-05-16 Helmholtzstraße (tlw.),automatisch,eines,,
01272,155,stadium_1_name,Gärtnerstraße (tlw.),Gärtnerstraße (tlw.),Gärtnersstraße (tlw.),automatisch,eines,,
01274,155,verweis_auf,Henglerplatz,Henglerplatz,,automatisch,eines,,
01275,155,verweis_auf,Reineke-Fuchs-Straße,Reineke-Fuchs-Straße,,automatisch,eines,,
01277,155,lemma,Henriettenstraße,Henriettenstraße,Henriettestraße,automatisch,eines,,
01277,155,stadium_1_name,Henriettenstraße,Henriettenstraße,Henriettestraße,automatisch,eines,,
01279,156,namensgruppe,Hofname,Hofname,"Gemeindestrasse, Str.-Gr.: Hofname",automatisch,eines,,
01279,156,stadium_2_datum,1896-10-08,1896-10-08,1915-07-09,automatisch,eines,,
01279,156,stadium_4_datum,1915-07-09,1915-07-09,1931-02-11,automatisch,eines,,
01279,156,stadium_5_datum,1931-02-11,1931-02-11,"(urspr., kein Datum)",automatisch,eines,,
01279,156,stadtteile,Schönebeck; Altendorf; Frohnhausen,Schönebeck; Altendorf; Frohnhausen,Schönebeck; Altendorf; Fröndenberg,automatisch,eines,,
01280,253,eintrag,Oskar-Pannen-Straße,Oskar-Pannen-Straße,,automatisch,eines,,
01282,157,namensgruppe,"Person, Mann, Deutscher, Essener Geschichte und Örtlichkeit","Person, Mann, Deutscher, Essener Geschichte und Örtlichkeit",Essener Geschichte und Örtlichkeit,geprueft,eines,,
01283,157,namensgruppe,Bergbau,Bergbau,"Bergbau, urspr.: Knappenstraße",automatisch,eines,,
01289,158,verweis_auf,Hohenzollernstraße,Hohenzollernstraße,,automatisch,eines,,
01290,158,stadium_3,,,"(urspr., kein Datum) Flurname (1826)",automatisch,eines,,
01291,158,lemma,Hespertal,Hespertal,Hesperial,automatisch,eines,,
01291,158,stadium_1_name,Im Hespertal,Im Hespertal,Im Hesperial,automatisch,eines,,
01291,158,stadium_2_name,Hespertal,Hespertal,Hesperial,automatisch,eines,,
01293,158,lemma,Hesselerkamp,Hesslerkamp,Hesselerkamp,automatisch,eines,,
01293,158,stadium_2_name,Hesselerkamp,Hesslerkamp,Hesselerkamp,automatisch,eines,,
01293,158,stadium_3,,,"(Fließtext, 175 Zeichen, verworfen)",automatisch,eines,,
01296,159,namensgruppe,Lagebezeichnung,Lagebezeichnung,"Gemeindestraße, Str.-Gr.: Lagebezeichnung",automatisch,eines,,
01296,159,stadium_2,,,"(urspr., kein Datum) Landwirtschaftlicher Weg, auf dem die Überruhrer Bauern das Heu aus den Ruhwiesen einfuhren",automatisch,eines,,
01299,159,stadium_1_datum,1908-04-09,1908-04-09,April 1908 (nicht normalisierbar),automatisch,eines,,
01303,160,eintrag,Hildesheimer Straße,Hildesheimer Straße,,automatisch,eines,,
01304,160,eintrag,Hilgenbornstraße,Hilgenbornstraße,,automatisch,eines,,
01305,160,eintrag,Hilgerstraße,Hilgerstraße,,automatisch,eines,,
01306,160,eintrag,Hiltrops Kamp,Hiltrops Kamp,,automatisch,eines,,
01308,160,stadium_2,1864 Bahnhofstraße,1864 Bahnhofstraße,1927-10-02 Hindenburgstraße,unsicher,eines,,
01309,160,stadium_1,vor 1929 Hinderfeldsberg,vor 1929 Hinderfeldsberg,"(urspr., kein Datum) Hinderfeldsberg",automatisch,eines,,
01311,161,stadium_1_datum,1900-11-13,1900-11-13,13. November 1900 (tlw.) (nicht normalisierbar),automatisch,eines,,
01311,161,stadium_1_name,Löhstraße (tlw.),Löhstraße (tlw.),Löhsstraße,automatisch,eines,,
01311,161,stadium_2,1900-11-13 Talstraße,1900-11-13 Talstraße,1936-01-15 Hinsbecker Löh,automatisch,eines,,
01312,161,lemma,Hinseler Hof,Hinseler Hof,Hinselder Hof,automatisch,eines,,
01312,161,stadium_1_name,Schulstraße,Schulstraße,Schulte-Hinsel-Straße,automatisch,eines,,
01312,161,stadium_2_name,Hinseler Hof,Hinseler Hof,Hinselder Hof,automatisch,eines,,
01312,161,stadtteile,Überruhr-Hinsel; Überruhr-Holthausen,Üerruhr-Hinsel; Üerruhr-Holthausen,Überruhr-Hinsel; Überruhr-Holthausen,automatisch,eines,,
01312,161,verweis_auf,Schulte-Hinsel-Straße,Schulte-Hinsel-Straße,,automatisch,eines,,
01315,161,lemma,Hirtental,Hirtental,Hirtenial,automatisch,eines,,
01315,161,stadium_1_name,Hirtental,Hirtental,Hirtenial,automatisch,eines,,
01317,162,stadium_2,,,"(urspr., kein Datum) Johann Wilhelm Hittorf",automatisch,eines,,
01317,162,stadium_2_datum,,,"27. März 1824 in Bonn, †28. November 1914 in Münster (nicht normalisierbar)",automatisch,eines,,
01322,162,stadium_1_name,IV. Rottstraße,IV. Rottstraße,Hochstraße,automatisch,eines,,
01322,162,stadium_2,1909-03-26 Hochstraße,1909-03-26 Hochstraße,,automatisch,eines,,
01323,162,lemma,Höchtebogen,Höchstebogen,Höchtebogen,automatisch,eines,,
01323,162,stadium_1_name,Höchtebogen,Höchstebogen,Höchtebogen,automatisch,eines,,
01324,162,stadium_1_name,L-Straße,L-Straße,Hoeckerstraße,automatisch,eines,,
01324,162,stadium_1_urspruenglich,wahr,wahr,falsch,automatisch,eines,,
01324,162,stadium_2_datum,1902-05-16,1902-05-16,"24. Juli 1837 in Krefeld, †30. Oktober 1893 in Essen (nicht normalisierbar)",automatisch,eines,,
01326,162,stadium_1_name,Turmstraße,Turmstraße,Höhenweg,automatisch,eines,,
01326,162,stadium_2,1915-07-09 Höhenweg,1915-07-09 Höhenweg,,automatisch,eines,,
01328,163,namensgruppe,Hofname,Hofname,"Hofname, urspr.: Hölle",automatisch,eines,,
01335,163,lemma,Hövenerwiese,Hövenrwiese,Hövenerswiese,automatisch,eines,,
01335,163,stadium_1_name,Hövenerwiese,Hövenrwiese,Hövenerswiese,automatisch,eines,,
01342,164,stadium_2_datum,1922-03-08,1922-03-08,"(urspr., kein Datum)",automatisch,eines,,
01342,164,stadium_2_name,Markuspfad (tlw.),Markuspfad (tlw.),Markuspfad,automatisch,eines,,
01342,164,stadtteile,Bredeney,Bredeneey,Bredeney,automatisch,eines,,
01344,164,namensgruppe,Stadt und Ort,Stadt und Ort,"Stadt und Ort, urspr.: Charlottenburg",automatisch,eines,,
01344,164,stadium_1,"(urspr., kein Datum) Charlottenberg","(urspr., kein Datum) Charlottenberg",1932-10-03 Hohe Haar,automatisch,eines,,
01344,164,stadtteile,Überruhr-Holthausen,Ürruhr-Holthausen,Überruhr-Holthausen,automatisch,eines,,
01345,164,stadtteile,Überruhr-Holthausen,Ürruhr-Holthausen,Überruhr-Holthausen,automatisch,eines,,
01346,165,stadium_2,,,"(urspr., kein Datum) Hohenburg",automatisch,eines,,
01347,165,stadtteile,Altenessen-Nord,Altenessen-Nord,Altendorf-Nord,automatisch,eines,,
01348,165,namensgruppe,Flurname,Flurname,"Flurname, urspr.: Josephstraße",automatisch,eines,,
01348,165,stadium_1_name,Josephstraße,Josephstraße,Hohensteinweg,automatisch,eines,,
01349,165,stadium_1_datum,1889-07-05,1889-07-05,1978-03-14,automatisch,eines,,
01349,165,stadium_1_name,Kaiserstraße,Kaiserstraße,Hohenzollernstraße (Verl.),automatisch,eines,,
01349,165,stadium_2,1895-01-04 Hohenzollernstraße,1895-01-04 Hohenzollernstraße,"(urspr., kein Datum) Hohenzollernstraße",automatisch,eines,,
01349,165,stadium_2_datum,1895-01-04,1895-01-04,05. Juli 1889; 04. Januar 1895 (nicht normalisierbar),automatisch,eines,,
01351,164,namensgruppe,Kotten,Kotten,"Kotten, etwa 1891: Windmühlenstraße (tlw.)",automatisch,eines,,
01351,164,stadium_1,1891 Windmühlenstraße (tlw.),1891 Windmühlenstraße (tlw.),1930-05-31 Hohe Warte,automatisch,eines,,
01354,165,stadium_1_datum,1897-11-29,1897-11-29,29. November 1897; 20. November 1937 (nicht normalisierbar),automatisch,eines,,
01354,165,stadium_1_name,Mühlenweg,Mühlenweg,Holbecks Hof,automatisch,eines,,
01354,165,stadium_2_datum,1937-11-20,1937-11-20,"(urspr., kein Datum)",automatisch,eines,,
01354,165,stadium_2_name,Holbecks Hof,Holbecks Hof,Kettenbruch 1332,automatisch,eines,,
01354,165,stadium_2_urspruenglich,falsch,falsch,wahr,automatisch,eines,,
01356,165,namensgruppe,Lagebezeichnung,Lagebezeichnung,"Lagebezeichnung, urspr.: Bocholder Straße",automatisch,eines,,
01356,165,stadium_1_name,Bocholder Straße,Bocholder Straße,Holdenweg,automatisch,eines,,
01357,165,stadium_1_datum,1922-03-08,1922-03-08,08. März 1922; 02. April 1932 (nicht normalisierbar),automatisch,eines,,
01357,165,stadium_1_name,Hansastraße,Hansastraße,Hollestraße,automatisch,eines,,
01357,165,stadium_2_datum,1932-04-02,1932-04-02,"(urspr., kein Datum)",automatisch,eines,,
01357,165,stadium_2_name,Hollestraße,Hollestraße,Hansastraße,automatisch,eines,,
01357,165,stadium_2_urspruenglich,falsch,falsch,wahr,automatisch,eines,,
01358,165,namensgruppe,Familienname,Familienname,"Familienname, urspr.: Steinastraße (tlw.)",automatisch,eines,,
01360,166,namensgruppe,Bauerschaft,Bauerschaft,"Bauerschaft, urspr.: Marktstraße, urspr.: Böhmerstraße, urspr.: Torfstraße, urspr.: Mühlenstraße (tlw.)",unsicher,eines,,
01360,166,stadium_1_datum,"(urspr., kein Datum)","(urspr., kein Datum)",am 13. Dezember 1901 (nicht normalisierbar),unsicher,eines,,
01360,166,stadium_1_name,Marktstraße,Marktstraße,Holsterhauser Straße,unsicher,eines,,
01360,166,stadium_1_urspruenglich,wahr,wahr,falsch,unsicher,eines,,
01360,166,stadium_2,"(urspr., kein Datum) Böhmerstraße","(urspr., kein Datum) Böhmerstraße",,unsicher,eines,,
01360,166,stadium_3,"(urspr., kein Datum) Torluestraße","(urspr., kein Datum) Torluestraße",,unsicher,eines,,
01360,166,stadium_4,"(urspr., kein Datum) Mühlenstraße (tlw.)","(urspr., kein Datum) Mühlenstraße (tlw.)",,unsicher,eines,,
01360,166,stadium_5,,"(urspr., kein Datum) Holsterhauser Straße",,unsicher,eines,,
01360,166,stadium_5_datum,,am 13. Dezember 1901 gemeinsame Bezeichnung (nicht normalisierbar),,unsicher,eines,,
01363,166,lemma,Holtkämperheide,Holtkämperheide,Holtkamperheide,automatisch,eines,,
01363,166,stadium_1_datum,"(urspr., kein Datum)","(urspr., kein Datum)",urspr.: Glückaufstraße (nicht normalisierbar),automatisch,eines,,
01363,166,stadium_1_name,Glückaufstraße,Glückaufstraße,Holtkamperheide,automatisch,eines,,
01363,166,stadium_2_name,Holtkämperheide,Holtkämperheide,Holtkamperheide,automatisch,eines,,
01364,167,stadium_3,,,"(urspr., kein Datum) Holunder",automatisch,eines,,
01364,167,stadtteile,Bredeney,Bredeneey,Bredeney,automatisch,eines,,
01365,167,lemma,Holzschragen,Holzschrage,Holzschragen,automatisch,eines,,
01365,167,stadium_1_name,Schwarzbachstraße,Schwarzbachstraße,Holzschragen,automatisch,eines,,
01365,167,stadium_2_name,Holzschragen,Holzschrage,Holzschragen,automatisch,eines,,
01368,167,lemma,Honnerskamp,Honnerskamp,Honnerskamps,automatisch,eines,,
01368,167,stadium_1_name,Honnerskamp,Honnerskamp,Honnerskamps,automatisch,eines,,
01369,167,lemma,Honnschaftenstraße,Honnschaftenstraße,Honnschaftsstraße,automatisch,eines,,
01369,167,stadium_2_name,Honnschaftenstraße,Honnschaftenstraße,Honnschaftsstraße,automatisch,eines,,
01370,167,stadtteile,Schönnebeck,Schonnebeck,Schönebeck,automatisch,eines,,
01372,168,verweis_auf,Hossemsgarten,Hossemsgarten,,automatisch,eines,,
01374,168,stadtteile,Bergerhausen; Huttrop,Bergerhausen; Huttrop,Bergeborbeck; Huttrop,automatisch,eines,,
01375,168,strassenklasse,Landstraße; Kreisstraße,Landstraße; Kreisstraße,Landstraße und Kreisstraße,automatisch,eines,,
01377,169,eintrag,Huckshorst,Huckshorst,,automatisch,eines,,
01378,170,namensgruppe,"Person, Mann, Deutscher, Gewerkschafter, Politiker","Person, Mann, Deutscher, Gewerkschafter, Politiker","Landstraße, Kreisstraße, Str.-Gr.: Person, Mann, Deutscher, Gewerkschafter, Politiker",automatisch,eines,,
01378,170,stadium_3_name,Richthofenstraße,Righthofenstraße,Richthofenstraße,automatisch,eines,,
01378,170,strassenklasse,Landstraße; Kreisstraße,Landstraße; Kreisstraße,Gemeindestraße,automatisch,eines,,
01379,169,stadtteile,Bredeney,Bredenei,Bredeney,automatisch,eines,,
01380,169,stadtteile,Bredeney,Bredenei,Bredeney,automatisch,eines,,
01380,169,verweis_auf,Hügel,Hügel,,automatisch,eines,,
01381,169,lemma,Hülscherfeld,Hülscherfeld,Hülsbergerfeld,automatisch,eines,,
01381,169,stadium_1_name,Hülscherfeld,Hülscherfeld,Hülsbergerfeld,automatisch,eines,,
01381,169,stadtteile,Überruhr-Holthausen,Überruhr-Holthausen,Überruhr-Holtausen,automatisch,eines,,
01381,169,verweis_auf,Wolfsdelle,Wolfsdelle,Wolfsstelle,automatisch,eines,,
01382,169,lemma,Hülsebergstraße,Hülsebergstraße,Hülsbergstraße,unsicher,eines,,
01382,169,stadium_1_name,Hülsebergstraße,Hülsebergstraße,Hülsbergstraße,unsicher,eines,,
01384,150,stadium_1_name,Wächtlerstraße (tlw.),Wächtlerstraße (tlw.),Wächterstraße (tlw.),automatisch,eines,,
01384,150,stadtteile,Südostviertel,Südostviertel,Südviertel,automatisch,eines,,
01386,170,lemma,Hünninghausenweg,Hünninghausenweg,Hünninghauserweg,unsicher,eines,,
01386,170,namensgruppe,"Person, Mann, Deutscher, Kaufmann, Glasfabrikant","Person, Mann, Deutscher, Kaufmann, Glasfabrikant","Person, Mann, Deutscher, Kaufmann, Glasfabrikant, urspr.: Lindenmannstraße",unsicher,eines,,
01386,170,stadium_1_datum,"(urspr., kein Datum)","(urspr., kein Datum)",1890-11-18,unsicher,eines,,
01386,170,stadium_1_name,Lindemannstraße,Lindemannstraße,Lindenstraße,unsicher,eines,,
01386,170,stadium_1_urspruenglich,wahr,wahr,falsch,unsicher,eines,,
01386,170,stadium_3,1937-11-20 Hünninghausenweg,1926-05-19 Lindenstraße (Verl.),1937-11-20 Hünninghauserweg,unsicher,eines,,
01386,170,stadium_3_name,Hünninghausenweg,Lindenstraße (Verl.),Hünninghauserweg,unsicher,eines,,
01405,172,namensgruppe,"Person, Mann, Deutscher, Bergarbeiterführer, Politiker","Person, Mann, Deutscher, Bergarbeiterführer, Politiker","Person, Mann",automatisch,eines,,
01408,173,stadium_2,,,"(urspr., kein Datum)",automatisch,eines,,
01408,173,stadium_2_datum,,,Wilhelm Huth '05. (nicht normalisierbar),automatisch,eines,,
01410,173,namensgruppe,"Familienname, Essener Geschichte und ÖOrtlichkeit","Familienname, Essener Geschichte und Örtlichkeit","Familienname, Essener Geschichte und Örtlichkeit, urspr.: Kettwiger Chaussee",automatisch,eines,,
01411,167,verweis_auf,Merziger Aue,Merziger Aue,,automatisch,eines,,
01412,156,namensgruppe,Hofname,Hofname,"Gemeindestrasse, Str.-Gr.: Hofname",automatisch,eines,,
01413,169,eintrag,Hüchtebrockstraße,Hüchtebrockstraße,,automatisch,eines,,
01414,161,lemma,Hinseler Feld,Hinseler Feld,Hinselder Feld,automatisch,eines,,
01414,161,stadium_1_name,Hinseler Feld,Hinseler Feld,Hinselder Feld,automatisch,eines,,
01414,161,stadtteile,Überruhr-Hinsel,Üerruhr-Hinsel,Überruhr-Hinsel,automatisch,eines,,
01415,172,stadtteile,Bredeney,Bredeneey,Bredeney,geprueft,eines,,
01415,172,verweis_auf,Westerwaldstraße,Westerwaldstraße,,geprueft,eines,,
01417,149,eintrag,Heeme,Heeme,,automatisch,eines,,
01418,154,stadium_1,1962-01-12 Helgolandring,1962-01-12 Helgolandring,1962-01-12 Helgolandring,automatisch,eines,,
01420,154,eintrag,Helmertweg,Helmertweg,,automatisch,eines,,
01420,154,stadtteile,Bredeney,Bredeneey,,automatisch,eines,,
01421,159,namensgruppe,"Person, Mann, Deutscher, Abt","Person, Mann, Deutscher, Abt","Person, Mann, Deutscher, Abt, urspr.: Weinberg (tlw.)",automatisch,eines,,
01424,168,lemma,Hovestatthang,Hovestathang,Hovestattang,automatisch,eines,,
01424,168,stadium_1_name,Hovestatthang,Hovestathang,Hovestattang,automatisch,eines,,
01425,169,eintrag,Huckarder Straße,Huckarder Straße,,automatisch,eines,,
01427,163,lemma,Höttering,Höttering,Höltering,automatisch,eines,,
01427,163,stadium_2,,1821 Auf'm Höltering,,automatisch,eines,,
01441,157,lemma,Hermann-Rotthäuser-Straße,Hermann-Rothhäuser-Straße,Hermann-Rothäuser-Straße,automatisch,eines,,
01441,157,stadium_1_name,Hermann-Rotthäuser-Straße,Hermann-Rothhäuser-Straße,Hermann-Rothäuser-Straße,automatisch,eines,,
01443,153,lemma,Helenendamm,Helenendamm,Heldenndamm,automatisch,eines,,
01443,153,stadium_1_name,Helenendamm,Helenendamm,Heldenndamm,automatisch,eines,,
01443,153,stadtteile,Altenessen-Süd,Altenessen-Süd,Altensess-Süd,automatisch,eines,,
01450,174,eintrag,lländerweg,Iländerweg,,unsicher,eines,,
01450,174,lemma,lländerweg,Iländerweg,,unsicher,eines,,
01450,174,namensgruppe,Behandigungsgut,Behandlungsgut,,unsicher,eines,,
01450,174,stadium_2_name,lländerweg,Iländerweg,,unsicher,eines,,
01451,174,eintrag,Im Ährenfeld,Im Ährenfeld,,automatisch,eines,,
01452,174,eintrag,Im Ahrfeld,Im Ahrfeld,,automatisch,eines,,
01453,178,stadium_2,,,"(Fließtext, 173 Zeichen, verworfen)",unsicher,eines,,
01454,174,eintrag,Im Arlenkamp,Im Arlenkamp,,automatisch,eines,,
01455,174,namensgruppe,Lagebezeichnung,Lagebezeichnung,Gemeindestraße,automatisch,eines,,
01455,174,stadium_1_datum,"(urspr., kein Datum)","(urspr., kein Datum)",urspr.: Bachstraße (nicht normalisierbar),automatisch,eines,,
01456,174,namensgruppe,Flurname,Flurname,Gemeindestraße,automatisch,eines,,
01456,174,stadium_1,1954-02-23 Im Beiseling,1954-02-23 Im Beiseling,"(urspr., kein Datum) Beiseling",automatisch,eines,,
01457,174,stadium_1,1922-03-08 Im Bocholdsfeld,1922-03-08 Im Bocholdsfeld,"(urspr., kein Datum) Bocholdsfeld",automatisch,eines,,
01458,174,stadium_1_datum,"(urspr., kein Datum)","(urspr., kein Datum)",urspr.: Schützenstraße (nicht normalisierbar),automatisch,eines,,
01459,174,stadium_1_datum,1955-03-31,1955-03-31,"(urspr., kein Datum)",unsicher,eines,,
01459,174,stadium_1_name,Im Breukel. (Breukel = kleiner Bruch),Im Breukel,Breukel,unsicher,eines,,
01459,174,stadium_1_urspruenglich,falsch,falsch,wahr,unsicher,eines,,
01459,174,stadium_2,,,1955-03-31 Im Breukel,unsicher,eines,,
01460,174,stadium_1_datum,1904-02-04,1904-02-04,Bahnhofstraße (nicht normalisierbar),automatisch,eines,,
01461,178,stadium_1_name,Kirchstraße (tlw.),Kirchstraße (tlw.),Alte Kirchstraße (tlw.),automatisch,eines,,
01461,178,stadium_2_name,Alte Kirchstraße (tlw.),Alte Kirchstraße (tlw.),Imbuschweg,automatisch,eines,,
01461,178,stadium_3_datum,1955-01-19,1955-01-19,"(urspr., kein Datum)",automatisch,eines,,
01461,178,stadium_3_name,Imbuschweg,Imbuschweg,"(Fließtext, 557 Zeichen, verworfen)",automatisch,eines,,
01461,178,stadium_3_urspruenglich,falsch,falsch,wahr,automatisch,eines,,
01462,175,eintrag,Im Dreieck,Im Dreieck,,automatisch,eines,,
01463,175,eintrag,Im Dreischlag,Im Dreischlag,,automatisch,eines,,
01465,175,eintrag,Im Erlenbruch,Im Erlenbruch,,automatisch,eines,,
01466,175,eintrag,Im Fatloh,Im Fatloh,,automatisch,eines,,
01467,175,eintrag,Im Grund,Im Grund,,automatisch,eines,,
01468,175,eintrag,Im Haferfeld,Im Haferfeld,,automatisch,eines,,
01469,175,stadtteile,Bredeney,Bredeneey,Bredeney,automatisch,eines,,
01472,175,lemma,Im Hesgarten,Im Hergarten,Im Hesgarten,automatisch,eines,,
01472,175,stadium_1_name,Im Hesgarten,Im Hergarten,Im Hesgarten,automatisch,eines,,
01474,175,lemma,Höfe und ihre Aufsitzer die Schreibweise mit „v“ Im Hülsfeld,Im Hülfsfeld,Im Hülsfeld,unsicher,eines,,
01476,176,stadium_2,,,1826 Im Kahrkamp,automatisch,eines,,
01476,176,stadium_3,,,"(urspr., kein Datum) Kaarkamp",automatisch,eines,,
01484,176,lemma,Im Löwental,Im Löwental,Im Löwenthal,automatisch,eines,,
01484,176,namensgruppe,Flurname,Flurname,"Flurname, urspr.: Bahnhofstraße",automatisch,eines,,
01484,176,stadium_1_datum,"(urspr., kein Datum)","(urspr., kein Datum)",1934-01-12,automatisch,eines,,
01484,176,stadium_1_name,Bahnhofstraße,Bahnhofstraße,Im Löwenthal,automatisch,eines,,
01484,176,stadium_1_urspruenglich,wahr,wahr,falsch,automatisch,eines,,
01484,176,stadium_2_datum,1934-01-12,1934-01-12,"(urspr., kein Datum)",automatisch,eines,,
01484,176,stadium_2_name,Im Löwental,Im Löwental,Levendall,automatisch,eines,,
01484,176,stadium_2_urspruenglich,falsch,falsch,wahr,automatisch,eines,,
01485,176,stadium_2,,,1866 Im Loosken (entstellt),automatisch,eines,,
01487,179,lemma,Immestraße,Immestraße,Immerstraße,automatisch,eines,,
01487,179,stadium_1_name,Beuststraße (tlIw.),Beuststraße (tlw.),Beustraße (tlw.),automatisch,eines,,
01487,179,stadium_2_name,Immestraße,Immestraße,Immerstraße,automatisch,eines,,
01488,176,stadium_3,,,1826 Mühlenbruch,automatisch,eines,,
01489,176,stadium_2,,,"(urspr., kein Datum) Natt",automatisch,eines,,
01491,177,eintrag,Im Osterbruch,Im Osterbruch,,automatisch,eines,,
01492,177,eintrag,Im Riek,Im Riek,,unsicher,eines,,
01493,177,eintrag,Im Schee,Im Schee,,automatisch,eines,,
01494,177,eintrag,Im Schollbrauk,Im Schollbrauk,,automatisch,eines,,
01495,177,namensgruppe,Lagebezeichnung,Lagebezeichnung,"Lagebezeichnung, urspr.: Siepenstraße",automatisch,eines,,
01495,177,stadium_1,"(urspr., kein Datum) Siepenstraße","(urspr., kein Datum) Siepenstraße",1915-07-09 Im Siepken,automatisch,eines,,
01500,178,eintrag,Im Tannenbusch,Im Tannenbusch,,automatisch,eines,,
01503,178,stadium_3,,,"(urspr., kein Datum) Wulf, Wulve ist die mundartliche Form für Wolf",automatisch,eines,,
01503,178,stadium_4,,,"(Fließtext, 123 Zeichen, verworfen)",automatisch,eines,,
01503,178,stadium_5,,,"(urspr., kein Datum) Der Hof Wolf wurde früher auch Im Wulve genannt",automatisch,eines,,
01508,179,namensgruppe,Essener Geschichte und Örtlichkeit,Essener Geschichte und Örtlichkeit,Geschichte und Örtlichkeit,automatisch,eines,,
01512,180,eintrag,In der Pieperbeck,In der Pieperbeck,,automatisch,eines,,
01512,180,namensgruppe,Lage-bezeichnung,Lagebezeichnung,,automatisch,eines,,
01514,180,namensgruppe,"Familienname, Volksmund","Familienname, Volksmund",Familienname,automatisch,eines,,
01515,180,stadium_2_datum,"(urspr., kein Datum)","(urspr., kein Datum)","Im Emscherbruch, 31. Mai 1930 (nicht normalisierbar)",unsicher,eines,,
01515,180,stadium_2_name,Im Emscherbruch,Im Emscherbruch,II. Schockenhecke,unsicher,eines,,
01515,180,stadium_2_urspruenglich,wahr,wahr,falsch,unsicher,eines,,
01515,180,stadium_3,1930-05-31 Il,1930-05-31 II. Schockenhecke,1962-11-12 In der Vogelwiesche (Verl.),unsicher,eines,,
01515,180,stadium_3_name,Il,II. Schockenhecke,In der Vogelwiesche (Verl.),unsicher,eines,,
01516,180,eintrag,,,In der Pieperbeck,,eines,,
01518,180,stadtteile,Altenessen-Süd,Altenessen-Süd,Altensen-Süd,automatisch,eines,,
01520,180,lemma,Irispfad,Irispfad,Irisipad,automatisch,eines,,
01520,180,stadium_1_name,An Lindemanns Kreuz (tlw.),An Lindemanns Kreuz (tlw.),"An Lindemanns Kreuz (tlw.), 15. Juli 1954: Irisipad",automatisch,eines,,
01520,180,stadium_2,1954-07-15 Irispfad,1954-07-15 Irispfad,,automatisch,eines,,
01521,180,namensgruppe,Weiblicher Vorname,Weiblicher Vorname,"Weiblicher Vorname, vor 1884: Wiesenstraße",unsicher,eines,,
01521,180,stadium_1,vor 1884 Wiesenstraße,vor 1884 Wiesenstraße,1919-05-28 Irmastraße,unsicher,eines,,
01522,180,lemma,Isabellastraße,Isabellstraße,Isabellastraße,automatisch,eines,,
01522,180,stadium_1_name,Isabellastraße,Isabellstraße,Isabellastraße,automatisch,eines,,
01523,180,verweis_auf,Reineke-Fuchs-Straße,Reineke-Fuchs-Straße,,automatisch,eines,,
01525,181,namensgruppe,Lagebezeichnung,Lagebezeichnung,"Lagebezeichnung, urspr.: Steinweg",automatisch,eines,,
01529,174,stadium_1,1963-02-20 Im Beuler Feld,1963-02-20 Im Beuler Feld,"(urspr., kein Datum) Beuler Feld",automatisch,eines,,
01530,174,stadium_1,1964-05-20 Im Beukenbusch,1964-05-20 Im Beukenbusch,"(urspr., kein Datum) Beukenbusch",automatisch,eines,,
01531,174,stadium_1,1966-12-12 Im Brauke,1966-12-12 Im Brauke,"(urspr., kein Datum) Brauke",automatisch,eines,,
01532,175,eintrag,Im Bungert,Im Bungert,,automatisch,eines,,
01533,177,eintrag,Im Schlagholz,Im Schlagholz,,automatisch,eines,,
01535,178,eintrag,Im Vaeste,Im Vaeste,,automatisch,eines,,
01537,174,eintrag,lländerhöhe,Iländerhöhe,,unsicher,eines,,
01537,174,lemma,lländerhöhe,Iländerhöhe,,unsicher,eines,,
01537,174,namensgruppe,Behandigungsgut,Behandlungsgut,,unsicher,eines,,
01537,174,stadium_1_name,lländerhöhe,Iländerhöhe,,unsicher,eines,,
01537,174,verweis_auf,,Iländerweg,,unsicher,eines,,
01538,178,strassenklasse,Gemeindestraße; Person,Gemeindestraße; Person,Gemeindestraße,automatisch,eines,,
01539,178,stadium_2,,,"(urspr., kein Datum) Nach dem Märchen „Abenteuer im Zauberwald“",unsicher,eines,,
01539,178,stadium_3,,,"(Fließtext, 161 Zeichen, verworfen)",unsicher,eines,,
01541,285,eintrag,Sandmannweg,Sandmannweg,,automatisch,eines,,
01544,46,eintrag,Am Wieselbach,Am Wieselbach,,automatisch,eines,,
01545,260,verweis_auf,Phoenixhütte,Phoenixhütte,,automatisch,eines,,
01549,261,lemma,Platz Werdener Feintuchwerke,Platz Werdener Feintuchwerke,Platz Werdene Feintuchwerke,automatisch,eines,,
01549,261,stadium_1_name,Platz Werdener Feintuchwerke,Platz Werdener Feintuchwerke,Platz Werdene Feintuchwerke,automatisch,eines,,
01553,113,eintrag,Feldhausaue,Feldhausau,,automatisch,eines,,
01553,113,lemma,Feldhausaue,Feldhausau,,automatisch,eines,,
01553,113,stadium_1_name,Feldhausaue,Feldhausau,,automatisch,eines,,
01563,182,namensgruppe,"Person, Mann, Deutscher, Turner, Platz","Person, Mann, Deutscher, Turner, Platz","Person, Mann, Deutscher",geprueft,eines,,
01564,182,namensgruppe,"Person, Mann, Deutscher, Turner","Person, Mann, Deutscher, Turner","Person, Mann, Deutscher",automatisch,eines,,
01567,182,namensgruppe,"Person, Mann, Deutscher, Maler, Malerviertel-Holsterhausen","Person, Mann, Deutscher, Maler, Malerviertel-Holsterhausen","Person, Mann, Deutscher",automatisch,eines,,
01568,182,stadtteile,Holsterhausen,Holsterhausen,Holterhausen,automatisch,eines,,
01569,182,namensgruppe,"Person, Mann, Deutscher, Hochschullehrer, Jurist","Person, Mann, Deutscher, Hochschullehrer, Jurist","Person, Mann, Deutscher",automatisch,eines,,
01570,182,stadium_1,"(urspr., kein Datum) Bergstraße","(urspr., kein Datum) Bergstraße",1935-01-14 Joachimberg,automatisch,eines,,
01570,182,verweis_auf,Joachimstraße,Joachimstraße,,automatisch,eines,,
01572,182,lemma,Johannastraße,Johannastraße,Johannaastraße,automatisch,eines,,
01572,182,namensgruppe,Weibliche Vornamen,Weibliche Vornamen,Mädchennamen,automatisch,eines,,
01572,182,stadtteile,Rüttenscheid,Rüttenscheid,,automatisch,eines,,
01572,182,strassenklasse,Gemeindestraße,Gemeindestraße,,automatisch,eines,,
01574,183,stadium_2_name,Johanneskirchstraße,Johanneskirchstraße,Johanniskirchstraße,automatisch,eines,,
01574,183,verweis_auf,Johannisskirchplatz,Johanniskirchplatz,,automatisch,eines,,
01575,183,stadium_1_name,Johannisstraße,Johannisstraße,Johannastraße,automatisch,eines,,
01576,183,stadium_2,,,"(urspr., kein Datum) Johann Kruse",automatisch,eines,,
01577,184,namensgruppe,"Person, Mann, Deutscher, Kaufmann","Person, Mann, Deutscher, Kaufmann","Person, Mann",automatisch,eines,,
01579,184,namensgruppe,"Person, Mann, Deutscher, Architekt","Person, Mann, Deutscher, Architekt","Person, Mann",geprueft,eines,,
01580,184,namensgruppe,"Person, Mann, Deutscher, Direktor, Bergbau","Person, Mann, Deutscher, Direktor, Bergbau","Person, Mann",automatisch,eines,,
01581,184,namensgruppe,"Person, Mann, Deutscher, Rektor, Platz","Person, Mann, Deutscher, Rektor, Platz","Person, Mann",automatisch,eines,,
01582,183,stadium_1_name,Wilhelmstraße,Wilhelmstraße,Johannes-Brokamp-Straße,automatisch,eines,,
01584,185,eintrag,Juliusstraße,Juliusstraße,,automatisch,eines,,
01586,184,lemma,Jürgengang,Jürgengang,Jürgang,automatisch,eines,,
01586,184,stadium_1_name,Jürgengang,Jürgengang,Jürgang,automatisch,eines,,
01587,185,eintrag,Jupiterstraße,Jupiterstraße,,automatisch,eines,,
01590,184,namensgruppe,"Person, Mann, Deutscher, Bürgermeister","Person, Mann, Deutscher, Bürgermeister","Person, Mann",automatisch,eines,,
01591,182,namensgruppe,"Person, Mann, Deutscher, Kruppscher Beamter","Person, Mann, Deutscher, Kruppscher Beamter","Person, Mann, Deutscher",unsicher,eines,,
01592,183,stadium_3_datum,1971-09-22,22. (nicht normalisierbar),"(urspr., kein Datum)",automatisch,eines,,
01593,183,stadium_2,,,"(urspr., kein Datum) Johannes Trimborn",automatisch,eines,,
01594,183,stadium_2,,,"(urspr., kein Datum) Johannes Klein",automatisch,eines,,
01596,90,eintrag,Conrad-Engels-Weg,Conrad-Engels-Weg,,automatisch,eines,,
01598,337,stadtteile,Bredeney,Bredeneey,Bredeney,automatisch,eines,,
01605,224,eintrag,Loewensteinstraße,Loewensteinstraße,,automatisch,eines,,
01612,184,namensgruppe,"Person, Mann, Deutscher, Pfarrer, Pädagoge, Platz","Person, Mann, Deutscher, Pfarrer, Pädagoge, Platz","Person, Mann, Deutscher, Pfarrer, Pädagoge",automatisch,eines,,
01615,44,eintrag,Am Stoppenberger Bach,Am Stoppenberger Bach,,automatisch,eines,,
01619,38,eintrag,Am Knottenberg,Am Knottenberg,,automatisch,eines,,
01620,185,stadium_1,"(urspr., kein Datum) Kargate","(urspr., kein Datum) Kargate",1902-05-16 Kahrstraße,automatisch,eines,,
01621,186,stadium_2_name,Hansamarkt,Hansamarkt,Markt,unsicher,eines,,
01621,186,stadium_3,"(urspr., kein Datum) Neumarkt","(urspr., kein Datum) Neumarkt",1934-06-05 Isinger Markt,unsicher,eines,,
01621,186,stadium_5_datum,1938-05-14,gemeinsame Bezeichnung am 14. Mai 1938 (nicht normalisierbar),,unsicher,eines,,
01622,186,lemma,Kaisershofstraße,Kaiserhofstraße,Kaisershofstraße,automatisch,eines,,
01622,186,stadium_1_name,Kaiserhofstraße,Kaiserhofstraße,Kaisershofstraße,automatisch,eines,,
01622,186,stadium_2_name,Kaiserhofstraße (Verl.),Kaiserhofstraße (Verl.),Kaisershofstraße (Verl.),automatisch,eines,,
01622,186,stadium_3_name,Felgendreherstraße (Umb.),Felgendrehherstraße (Umb.),Felgendreherstraße (Umb.),automatisch,eines,,
01622,186,stadium_4_name,Kaiserhofstraße (Umb.),Kaiserhofstraße (Umb.),Kaisershofstraße,automatisch,eines,,
01623,142,stadium_1_name,Yorckstraße,Yorckstraße,Yorkstraße,automatisch,eines,,
01624,186,lemma,Kaiserswerthstraße,Kaiserswerthstraße,Kaiserswertherstraße,automatisch,eines,,
01624,186,stadium_2_name,Kaiserswerthstraße,Kaiserswerthstraße,Kaiserswertherstraße,automatisch,eines,,
01626,187,namensgruppe,"Person, Mann, Deutscher, Kaiser","Person, Mann, Deutscher, Kaiser","Person, Mann, Deutscher, Kaiser, urspr.: Wilhelmstraße",automatisch,eines,,
01626,187,stadium_1,"(urspr., kein Datum) Wilhelmstraße","(urspr., kein Datum) Wilhelmstraße",1875-04-28 Kaiserstraße,automatisch,eines,,
01626,187,verweis_auf,Kaiser-Wilhelm-Platz,Kaiser-Wilhelm-Platz,,automatisch,eines,,
01627,187,stadium_2_name,Riegelweg (Umb.tim.),Riegelweg (Umb.tlw.),Riegelweg (Umb. tlw.),automatisch,eines,,
01630,187,lemma,Kaldenhoverbaum,Kaldenhoverbaum,Kaldenhoferbaum,automatisch,eines,,
01630,187,stadium_2_name,Kaldenhoverbaum,Kaldenhoverbaum,Kaldenhoferbaum,automatisch,eines,,
01633,188,eintrag,Kalthofweg,Kalthofweg,,unsicher,eines,,
01634,188,eintrag,Kamblickweg,Kamblickweg,,automatisch,eines,,
01635,188,eintrag,Kamerunstraße,Kamerunstraße,,unsicher,eines,,
01636,188,eintrag,Kamillusweg,Kamillusweg,,automatisch,eines,,
01638,185,eintrag,Kämmereihude,Kämmereihude,,automatisch,eines,,
01639,185,stadium_2,,,"(urspr., kein Datum) Kämperstraße",automatisch,eines,,
01644,189,stadtteile,Bergerhausen,Bergerhausen,Bergeborbeck,automatisch,eines,,
01645,233,eintrag,Max-Keith-Straße,Max-Keith-Straße,,automatisch,eines,,
01646,189,namensgruppe,Kotten,Kotten,Kötten,automatisch,eines,,
01646,189,stadtteile,Bredeney; Werden,Bredenei; Werden,Bredeney; Werden,automatisch,eines,,
01651,189,lemma,Kapitelacker,Kapitellacker,Kapitelacker,automatisch,eines,,
01651,189,stadium_1_name,Kapitelacker,Kapitellacker,Kapitelacker,automatisch,eines,,
01656,190,namensgruppe,Essener Geschichte und Örtlichkeit,Essener Geschichte und Örtlichkeit,"Essener Geschichte und Örtlichkeit, etwa 1860",automatisch,eines,,
01659,191,stadium_2,,,1857-07-26 Fürstenwalde a.d. Spree (Regierungsbezirk Frankfurt/Oder),automatisch,eines,,
01659,191,stadium_3,,,"1925-09-13 Essen-Stoppenberg, Hallofriedhof",automatisch,eines,,
01664,191,namensgruppe,"Bauerschaft, Platz","Bauerschaft, Platz",Bauerschaft,automatisch,eines,,
01665,191,stadium_1_name,Essen-Horster-Straße,Essen-Horster-Straße,Essener-Straße,automatisch,eines,,
01666,191,stadium_2_name,Vöcklinghausen,Vöcklinghausen,Vöcklinghauser Straße (tlw.),automatisch,eines,,
01666,191,stadium_3_name,Vom-Rath-Straße,Vom-Rath-Straße,Vöcklinghauser Straße (tlw.),automatisch,eines,,
01669,191,lemma,Kassiepenstraße,Kassiepenstraße,Kassienstraße,automatisch,eines,,
01669,191,stadtteile,Bergerhausen,Bergerhausen,Bergeborbeck,automatisch,eines,,
01673,192,namensgruppe,"Essener Geschichte und Örtlichkeit, Platz","Essener Geschichte und Örtlichkeit, Platz",Platz,geprueft,eines,,
01674,192,verweis_auf,Katernberger Straße,Katernberger Straße,,automatisch,eines,,
01675,192,namensgruppe,Bauerschaft,Bauerschaft,"Bauerschaft, Mittelsstraße",automatisch,eines,,
01675,192,stadium_1_name,Mittelstraße,Mittelstraße,Katernberger Straße,automatisch,eines,,
01675,192,stadium_2,1896-02-13 Katernberger Straße,1896-02-13 Katernberger Straße,1902-10-04 Nienhausener Straße (tlw.),automatisch,eines,,
01675,192,strassenklasse,Landstraße; Kreisstraße,Landstraße und Kreisstraße,Landstraße; Kreisstraße,automatisch,eines,,
01676,192,namensgruppe,Flurname,Flurname,"Flurname, urspr.: Kölner Straße",automatisch,eines,,
01676,192,stadium_1,"(urspr., kein Datum) Kölner Straße","(urspr., kein Datum) Kölner Straße",1937-11-20 Kathagen,automatisch,eines,,
01679,193,verweis_auf,Kattendahl,Kattendahl,,automatisch,eines,,
01680,193,namensgruppe,"Essener Geschichte und Örtlichkeit, Flurname","Essener Geschichte und Örtlichkeit, Flurname","Essen, Geschichte und Örtlichkeit, Flurname, etwa 1873",automatisch,eines,,
01680,193,stadium_1_datum,1873,1873,"(urspr., kein Datum)",automatisch,eines,,
01680,193,stadtteile,Nordviertel; Altenessen-Süd,Nordviertel; Altenessen-Süd,Nordviertel; Altencssen-Süd,automatisch,eines,,
01684,193,stadtteile,Altenessen-Süd,Altenessen-Süd,Altencssen-Süd,geprueft,eines,,
01685,193,namensgruppe,"Person, Mann, Deutscher, Rentmeister","Person, Mann, Deutscher, Rentmeister","Person, Mann, Deutscher, Rentmeister, vor 1830",automatisch,eines,,
01685,193,stadium_1,vor 1830 Kellerstraße,vor 1830 Kellerstraße,1913-11-04 Kölner Straße (tlw.),automatisch,eines,,
01685,193,stadium_2,1913-11-04 Kölner Straße (tlw.),"(urspr., kein Datum) Wiesenstraße",1937-11-20 Kellerstraße,automatisch,eines,,
01685,193,stadium_2_datum,1913-11-04,später (nicht normalisierbar),1937-11-20,automatisch,eines,,
01686,193,namensgruppe,Hofname,Hofname,"Hofname, etwa 1911",automatisch,eines,,
01686,193,stadium_1_datum,1911,1911,"(urspr., kein Datum)",automatisch,eines,,
01687,193,lemma,Kelserweg,Kelserweg,Kemnastraße,unsicher,eines,,
01687,193,namensgruppe,"Person, Mann, Deutscher, Richter","Person, Mann, Deutscher, Richter",Hofname,unsicher,eines,,
01687,193,stadtteile,Überruhr-Hinsel,Überruhr-Hinsel,Leithe,unsicher,eines,,
01689,194,stadium_2,"(urspr., kein Datum) Felsenstraße","(urspr., kein Datum) Felsenstraße",1902-05-16 Keplerstraße,automatisch,eines,,
01691,194,stadtteile,Bergerhausen,Bergerhausen,Bergeborbeck,automatisch,eines,,
01692,194,stadium_1_name,Kersthover Höhe,Kersthover Höhe,"Kersthover Höhe, Verbindung des Flurnamens Auf der Höhe (Höhe) mit dem Namen Kersthover",automatisch,eines,,
01694,195,eintrag,Kesselstraße,Kesselstraße,,automatisch,eines,,
01695,195,eintrag,Kessingstraße,Kessingstraße,,automatisch,eines,,
01695,195,stadtteile,Überruhr-Hinsel,Ürruhr-Hinsel,,automatisch,eines,,
01696,195,eintrag,Kettelerstraße,Kettelerstraße,,automatisch,eines,,
01697,195,eintrag,Kettwiger Straße,Kettwiger Straße,,automatisch,eines,,
01699,195,stadtteile,Überruhr-Hinsel,Ürruhr-Hinsel,Überruhr-Hinsel,automatisch,eines,,
01701,196,lemma,Kiefernhalde,Kiefernhalde,Kiefernallee,automatisch,eines,,
01701,196,stadium_2_name,Kiefernhalde,Kiefernhalde,Kiefernallee,automatisch,eines,,
01701,196,stadtteile,Bredeney,Bredenei,Bredeney,automatisch,eines,,
01702,196,lemma,ckuhl (wohl eine Verschreibung) und Kickuhlskuhle Kiekenberg,Kiekenberg,Kickenberg,unsicher,eines,,
01702,196,stadium_2_name,Kiekenberg,Kiekenberg,Kickenberg,unsicher,eines,,
01705,196,lemma,Kiepenkääls Weg,Kiepenkäls Weg,Kiekenkäs Weg,automatisch,eines,,
01705,196,stadium_1_name,Margarethenstraße,Margarethenstraße,Margarethestraße,automatisch,eines,,
01705,196,stadium_2_name,Kiepenkääls Weg,Kiepenkäls Weg,Kiekenkäs Weg,automatisch,eines,,
01710,197,stadium_1,"(urspr., kein Datum) Kirchhofsstraße","(urspr., kein Datum) Kirchhofsstraße",1894-08-14 Kirchhofsallee,automatisch,eines,,
01712,197,stadium_2,,,"(urspr., kein Datum) Kirchmannshof",automatisch,eines,,
01712,197,verweis_auf,Kirchmannshof,Kirchmannshof,,automatisch,eines,,
01716,198,namensgruppe,Flurname,Flurname,"Flurname, urspr.: Maxstraße, urspr.: Am Kiwitt",automatisch,eines,,
01716,198,stadium_1,"(urspr., kein Datum) Maxstraße","(urspr., kein Datum) Maxstraße",1929-07-12 Kiwittstraße,automatisch,eines,,
01716,198,stadium_2,"(urspr., kein Datum) Am Kiwitt","(urspr., kein Datum) Am Kiwitt",,automatisch,eines,,
01717,198,namensgruppe,Lagebezeichnung,Lagebezeichnung,"Lagebezeichnung, vor 1891: Klapperstraße",automatisch,eines,,
01717,198,stadium_1_datum,vor 1891,vor 1891,"(urspr., kein Datum)",automatisch,eines,,
01717,198,stadium_1_urspruenglich,falsch,falsch,wahr,automatisch,eines,,
01718,198,lemma,ern von der Heiligen Elisabeth zu Essen-(Schuir) Klarastraße,Klarastrabe,Klarastraße,unsicher,eines,,
01718,198,stadium_1_name,Klarastraße,Klarastrabe,Klarastraße,unsicher,eines,,
01718,198,stadium_3_name,Klarastraße (Umb.),Klarastrabe (Umb.),Klarastraße (Umb.),unsicher,eines,,
01720,198,lemma,Klaumerbruch,Klaumerbruch,Klaumberbruch,automatisch,eines,,
01721,198,lemma,Klausstraße,Klausstraße,Klaustraße,automatisch,eines,,
01721,198,stadium_1_name,Klausstraße,Klausstraße,Klaustraße,automatisch,eines,,
01721,198,stadtteile,Bredeney,Bredeneey,Bredeney,automatisch,eines,,
01741,200,lemma,Kleiststraße,Kleiststraße,Kleistraße,automatisch,eines,,
01741,200,stadium_1_name,Kleiststraße,Kleiststraße,Kleistraße,automatisch,eines,,
01743,201,namensgruppe,"Person, Mann, Deutscher, Architekt, Maler, Schriftsteller","Person, Mann, Deutscher, Architekt, Maler, Schriftsteller","Person, Mann",automatisch,eines,,
01743,201,stadium_1_name,Am Ostfriedhof,Am Ostfriedhof,Klenzestraße,automatisch,eines,,
01743,201,stadium_2,1937-11-20 Klenzestraße,1937-11-20 Klenzestraße,,automatisch,eines,,
01745,201,namensgruppe,Gemeinheit,Gemeinschaft,Gemeinheit,automatisch,eines,,
01746,201,namensgruppe,"Person, Mann, Deutscher, Theologe, Generalsuperintendent","Person, Mann, Deutscher, Theologe, Generalsuperintendent","Person, Mann",automatisch,eines,,
01747,201,lemma,Klopstockstraße,Klopstockstraße,Klapstockstraße,automatisch,eines,,
01747,201,namensgruppe,"Person, Mann, Deutscher, Dichter","Person, Mann, Deutscher, Dichter","Person, Mann",automatisch,eines,,
01747,201,stadium_2_name,Klopstockstraße,Klopstockstraße,Klapstockstraße,automatisch,eines,,
01751,202,namensgruppe,Hofname,Hofname,"Hofname, urspr.: Klumbeckweg",automatisch,eines,,
01751,202,stadium_1_name,Baumstraße,Baumstraße,Klumbeckweg,automatisch,eines,,
01753,202,lemma,Knappenstiege,Knappenstiege,Knappenstieg,automatisch,eines,,
01753,202,stadium_1_name,Knappenstiege,Knappenstiege,Knappenstieg,automatisch,eines,,
01755,202,lemma,Knappmannhöhe,Knappmannhöhe,Knappmannshöhe,automatisch,eines,,
01755,202,stadium_1_name,Knappmannhöhe,Knappmannhöhe,Knappmannshöhe,automatisch,eines,,
01760,202,namensgruppe,Hofname,Hofname,"Hofname, vor 1911:",unsicher,eines,,
01761,203,stadium_1_urspruenglich,wahr,wahr,falsch,automatisch,eines,,
01767,194,lemma,Kennedyplatz,Kennedypatz,Kennedyplatz,automatisch,eines,,
01767,194,stadium_2_name,Kennedyplatz,Kennedypatz,Kennedyplatz,automatisch,eines,,
01767,194,stadtteile,Stadtkern,Stadt kern,Stadtkern,automatisch,eines,,
01768,203,namensgruppe,"Person, Mann, Deutscher, Dichter, Dramatiker, Platz","Person, Mann, Deutscher, Dichter, Dramatiker, Platz","Person, Mann, Deutscher",automatisch,eines,,
01769,204,eintrag,Körnerstraße,Körnerstraße,,automatisch,eines,,
01770,204,eintrag,Kösters Busch,Kösters Busch,,automatisch,eines,,
01771,204,eintrag,Kötterei,Kötterei,,automatisch,eines,,
01772,204,eintrag,Kötterstraße,Kötterstraße,,automatisch,eines,,
01773,204,eintrag,Kohlbergstraße,Kohlbergstraße,,automatisch,eines,,
01774,204,namensgruppe,Lagebezeichnung,Lagebezeichnung,"Gemeindestraße, Str.-Gr.:",automatisch,eines,,
01775,204,lemma,Kohlrauschstraße,Kohlauschstraße,Kohlrauschstraße,automatisch,eines,,
01775,204,stadium_1_name,Kohlrauschstraße,Kohlauschstraße,Kohlrauschstraße,automatisch,eines,,
01778,204,stadium_1_name,Kilibristraße,Kilibristraße,Kolibristraße,automatisch,eines,,
01779,205,stadium_1_name,Koloniestraße,Koloniestraße,"Koloniestraße, Feldstraße und Zobelstraße",automatisch,eines,,
01779,205,stadium_2,,,"(urspr., kein Datum) Koloniestraße",automatisch,eines,,
01781,205,stadium_1,"(urspr., kein Datum) Lindenstraße","(urspr., kein Datum) Lindenstraße",1915-07-09 Kolpingstraße,automatisch,eines,,
01802,207,lemma,Krampestraße,Krampestraße,Krampe,automatisch,eines,,
01802,207,stadium_1_name,Krampestraße,Krampestraße,Krampe,automatisch,eines,,
01804,207,lemma,Krapenbrink,Krapenbrink,Krapenberg,automatisch,eines,,
01805,208,namensgruppe,Hofname,Hofname,"Hofname, urspr.: Katernberger Straße (tlw.), vor 1904: Grundstraße (tlw.)",automatisch,eines,,
01805,208,stadium_1,"(urspr., kein Datum) Katernberger Straße (tlw.)","(urspr., kein Datum) Katernberger Straße (tlw.)",1924-04-02 Kraspothstraße,automatisch,eines,,
01805,208,stadium_2,vor 1904 Grundstraße (tlw.),vor 1904 Grundstraße (tlw.),1937-11-20 Kraspothstraße (Verl.),automatisch,eines,,
01806,208,stadium_2,,,"(urspr., kein Datum) Friedrich Kraus",automatisch,eines,,
01807,208,stadium_1_name,Andreasstraße,Andreasstraße,Andreaestraße,automatisch,eines,,
01807,208,stadium_3,,,"(urspr., kein Datum) Otto Krawehl",automatisch,eines,,
01808,208,lemma,Krayer Markt,Kray er Markt,Krayer Markt,automatisch,eines,,
01808,208,stadium_2_name,Krayer Markt,Kray er Markt,Krayer Markt,automatisch,eines,,
01809,208,lemma,Krayer Straße,Kray er Straße,Krayer Straße,automatisch,eines,,
01809,208,stadium_3_name,Krayer Straße,Kray er Straße,Krayer Straße,automatisch,eines,,
01812,208,stadium_1,1955-01-19 Krekelerweg,1955-01-19 Krekelerweg,1969-09-18 Krekelerhang,automatisch,eines,,
01812,208,stadium_3,,,"(urspr., kein Datum) Johann Krekeler",automatisch,eines,,
01813,208,namensgruppe,"Flurname, Kotten","Flurname, Kotten","Flurname, Kotten, vor 1912: Finkenstraße, vor 1912: Kurze Straße",automatisch,eines,,
01813,208,stadium_1,vor 1912 Finkenstraße,vor 1912 Finkenstraße,1934-06-05 Krekelingheide,automatisch,eines,,
01813,208,stadium_2,vor 1912 Kurze Straße,vor 1912 Kurze Straße,,automatisch,eines,,
01814,208,lemma,Krekenberg,Krecken berg,Krekenberg,automatisch,eines,,
01817,209,stadium_1_name,In der Krimm,In der Krimm,In der Krim(m),automatisch,eines,,
01818,210,namensgruppe,Essener Geschichte und Örtlichkeit,Essener Geschichte und Örtlichkeit,"Essener Geschichte und Örtlichkeit, urspr.: Pottgasse",automatisch,eines,,
01818,210,stadium_1,"(urspr., kein Datum) Pottgasse","(urspr., kein Datum) Pottgasse",1908-02-07 Kronenstraße,automatisch,eines,,
01821,210,stadtteile,Bredeney,Bredenei,Bredeney,automatisch,eines,,
01822,210,stadtteile,Bredeney,Bredenei,Bredeney,automatisch,eines,,
01823,210,stadtteile,Überruhr-Holthausen,Ürruhr-Holthausen,Überruhr-Holthausen,automatisch,eines,,
01824,210,stadtteile,Überruhr-Holthausen,Ürruhr-Holthausen,Überruhr-Holthausen,automatisch,eines,,
01825,210,namensgruppe,Familienname,Familiennname,Familienname,automatisch,eines,,
01825,210,stadtteile,Bredeney,Bredenei,Bredeney,automatisch,eines,,
01826,210,namensgruppe,Familienname,Familiennname,Familienname,automatisch,eines,,
01829,211,namensgruppe,Flurname,Flurname,"Flurname, vor 1912: Kuckuckstraße",automatisch,eines,,
01829,211,stadium_1_datum,vor 1912,vor 1912,"(urspr., kein Datum)",automatisch,eines,,
01829,211,stadium_1_urspruenglich,falsch,falsch,wahr,automatisch,eines,,
01829,211,stadium_2,,,"(urspr., kein Datum) Kukuksheid",automatisch,eines,,
01829,211,stadium_2_datum,,,Mutterrolle 1826 (nicht normalisierbar),automatisch,eines,,
01831,211,namensgruppe,Kotten,Kotten,"Kotten, 14. August 1896: Kühlstraße",automatisch,eines,,
01832,211,lemma,Kühnholdstraße,Kühnholdstraße,Kühnoldstraße,automatisch,eines,,
01832,211,stadium_1_name,Kühnholdstraße,Kühnholdstraße,Kühnoldstraße,automatisch,eines,,
01833,211,lemma,Küllenbergfeld,Küllenberfeld,Küllenberggfeld,automatisch,eines,,
01833,211,stadium_1_name,Küllenbergfeld,Küllenberfeld,Küllenberggfeld,automatisch,eines,,
01834,211,lemma,Külshammerweg,Külshammerweg,Kühlhammerweg,unsicher,eines,,
01834,211,stadium_1_name,Külshammerweg,Külshammerweg,Kühlhammerweg,unsicher,eines,,
01834,211,strassenklasse,,,Gemeindestraße,unsicher,eines,,
01835,211,namensgruppe,"Person, Mann, Deutscher, Jurist","Person, Mann, Deutscher, Jurist","Person, Mann, Deutscher, Jurist, urspr.: Kettelerstraße",automatisch,eines,,
01835,211,stadium_1_datum,"(urspr., kein Datum)","(urspr., kein Datum)",1902-12-17,automatisch,eines,,
01835,211,stadium_1_name,Kettelerstraße,Kettelerstraße,Küntzelstraße,automatisch,eines,,
01835,211,stadium_2_datum,1902-12-17,1902-12-17,"(urspr., kein Datum)",automatisch,eines,,
01835,211,stadium_2_name,Küntzelstraße,Küntzelstraße,Kettelerstraße,automatisch,eines,,
01836,211,stadtteile,Bergeborbeck,Borbeck,Bergeborbeck,automatisch,eines,,
01837,211,stadtteile,Bredeney,Bredenei,Bredeney,automatisch,eines,,
01841,212,stadium_2,,,"(urspr., kein Datum) Kettenbuch 1332: dey Hove upper Culen",automatisch,eines,,
01847,213,stadium_2,1911 Marktstraße,1911 Marktstraße,1937-11-20 Kupferdreher Markt,automatisch,eines,,
01850,213,verweis_auf,Hohenzollernstraße,Hohenzollernstraße,,automatisch,eines,,
01855,185,eintrag,Kaarmannweg,Kaarmannweg,,automatisch,eines,,
01856,195,stadtteile,Überruhr-Hinsel,Ürruhr-Hinsel,Überruhr-Hinsel,automatisch,eines,,
01858,210,stadtteile,Überruhr-Holthausen,Ürruhr-Holthausen,Überruhr-Holthausen,automatisch,eines,,
01858,210,verweis_auf,,,Krummecke,automatisch,eines,,
01860,203,lemma,Köndgenstraße,Köndgenstraße,Könignestraße,automatisch,eines,,
01860,203,namensgruppe,"Person, Mann, Deutscher, Vermessungsdirektor, Leiter des Stadtvermessungsamtes","Person, Mann, Deutscher, Vermessungsdirektor, Leiter des Stadtvermessungsamtes","Person, Mann, Deutscher",automatisch,eines,,
01860,203,stadium_3_name,Köndgenstraße,Köndgenstraße,Könignestraße,automatisch,eines,,
01861,204,eintrag,Kofeldhöhe,Kofeldhöhe,,automatisch,eines,,
01862,208,eintrag,Krekelerhang,Krekelerhang,,automatisch,eines,,
01863,200,stadtteile,Freisenbruch,Freisenbruch,Friesenbruch,unsicher,eines,,
01864,185,lemma,Kaiserei,Kaiserei,Kaiserlei,automatisch,eines,,
01866,209,stadium_1_datum,"(urspr., kein Datum)","(urspr., kein Datum)",1895-11-15,automatisch,eines,,
01866,209,stadium_1_name,Hahnengasse,Hahnegasse,Hahnengasse,automatisch,eines,,
01866,209,stadium_1_urspruenglich,wahr,wahr,falsch,automatisch,eines,,
01866,209,stadium_2,1895-11-15 Kirchstraße,1895-11-15 Kirchstraße,1970-12-16 Kreuzeskirchstraße,automatisch,eines,,
01867,194,eintrag,Kemnastraße,Kemnastraße,,automatisch,eines,,
01868,195,lemma,Keusenkothen,Keusenkoth,Keusenkothen,automatisch,eines,,
01868,195,stadium_1_name,Keusenkothen,Keusenkoth,Keusenkothen,automatisch,eines,,
01870,185,stadium_1,"(urspr., kein Datum) Klarastraße","(urspr., kein Datum) Klarastrabe",1946-05-22 Neuholland,automatisch,eines,,
01870,185,stadium_1_name,Klarastraße,Klarastrabe,Neuholland,automatisch,eines,,
01879,121,lemma,Fritz-Niermann-Platz,Fritz-Niermann-Platz,Fritz-Niemann-Platz,automatisch,eines,,
01879,121,namensgruppe,"Person, Mann, Deutscher, Kaufmann, Platz","Person, Mann, Deutscher, Kaufmann, Platz","Person, Mann, Deutscher, Kaufmann",automatisch,eines,,
01879,121,stadium_1_name,Fritz-Niermann-Platz,Fritz-Niermann-Platz,Fritz-Niemann-Platz,automatisch,eines,,
01882,183,stadium_2,,,"(urspr., kein Datum) Johann Wilhelm Scheidt",automatisch,eines,,
01885,37,namensgruppe,Lage- bezeichnung,Lage-,Lagebezeichnung,automatisch,eines,,
01886,246,stadium_2,,,"(urspr., kein Datum)",automatisch,eines,,
01886,246,stadium_2_datum,,,"(Fließtext, 221 Zeichen, verworfen) (nicht normalisierbar)",automatisch,eines,,
01890,214,stadium_2_name,In der Düsterbeck,In der Düsterbeck,Laarmannstraße,automatisch,eines,,
01890,214,stadium_3,1931-02-12 Laarmannstraße,1931-02-12 Laarmannstraße,,automatisch,eines,,
01891,214,lemma,Ladenspelderstraße,Ladenspelderstraße,Ladenspeldestraße,automatisch,eines,,
01891,214,stadium_1_datum,"(urspr., kein Datum)","(urspr., kein Datum)",1902-05-16,automatisch,eines,,
01891,214,stadium_1_urspruenglich,wahr,wahr,falsch,automatisch,eines,,
01891,214,stadium_2_datum,1902-05-16,1902-05-16,"(urspr., kein Datum)",automatisch,eines,,
01891,214,stadium_2_name,Ladenspelderstraße,Ladenspelderstraße,Ladenspeldestraße,automatisch,eines,,
01893,214,stadium_1,"(urspr., kein Datum) Leostraße","(urspr., kein Datum) Leostraße",1915-07-09 Lambertstraße,automatisch,eines,,
01894,214,lemma,Lampferhofstraße,Lampferhofstraße,Lamperhofstraße,automatisch,eines,,
01894,214,namensgruppe,Kotten,Kotten,Kötten,automatisch,eines,,
01894,214,stadium_2_name,Lampferhofstraße,Lampferhofstraße,Lamperhofstraße,automatisch,eines,,
01896,215,lemma,Landsberghof,Landsberghof,Landsberg(hof),automatisch,eines,,
01896,215,stadium_1_name,Landsberghof,Landsberghof,Landsberg(hof),automatisch,eines,,
01899,215,stadium_1_name,Werdener Straße,Werdenener Straße,Werdener Straße,automatisch,eines,,
01900,215,eintrag,Langeheide,Langeheide,,automatisch,eines,,
01901,215,stadium_4_name,Rathenaustraße,Rathenauststraße,Rathenaustraße,automatisch,eines,,
01903,215,namensgruppe,Stadt und Ort,Stadt und Ort,"Stadt und Ort, urspr.: Provinzialstraße",automatisch,eines,,
01903,215,stadium_1,"(urspr., kein Datum) Provinzialstraße","(urspr., kein Datum) Provinzialstraße",vor 1911 Ruhrstraße,automatisch,eines,,
01905,216,stadium_1,1922-06-02 Papenberg,1922-06-02 Papenberg,"(urspr., kein Datum) Langenhorster Busch",automatisch,eines,,
01906,216,namensgruppe,Kotten,Kotten,"Kotten, Flurname",automatisch,eines,,
01907,216,lemma,Langensalzastraße,Langensalzastraße,Langensalzastrasse,automatisch,eines,,
01907,216,stadium_1_name,Langensalzastraße,Langensalzastraße,Langensalzastrasse,automatisch,eines,,
01908,215,stadium_1_name,Langestraße,Langelstraße,Langestraße,automatisch,eines,,
01909,216,stadium_1,1952-07-31 Langfuhrer Straße,1952-07-31 Langfuhrer Straße,1922-06-02 Langeheide,automatisch,eines,,
01910,216,lemma,Langhölterweg,Langhölterweg,Langholterweg,geprueft,eines,,
01910,216,stadium_1_name,Langhölterweg,Langhölterweg,Langholterweg,geprueft,eines,,
01915,222,lemma,Liebrechtstraße,Liebrechtstrasse,Liebrechtstraße,automatisch,eines,,
01915,222,stadium_1_name,Liebrechtstraße,Liebrechtstrasse,Liebrechtstraße,automatisch,eines,,
01915,222,stadium_2,,,"(urspr., kein Datum) Liebrechtstraße",automatisch,eines,,
01918,217,lemma,Laubrockweg,Laubrockweg,Laubrocksweg,automatisch,eines,,
01918,217,stadium_1_name,Laubrockweg,Laubrockweg,Laubrocksweg,automatisch,eines,,
01921,217,stadium_2_datum,"(urspr., kein Datum)","(urspr., kein Datum)",1898-05-10,automatisch,eines,,
01921,217,stadium_2_name,Provinzialstraße,Provinzialstraße,Laupendahler Landstraße (tlw.),automatisch,eines,,
01921,217,stadium_2_urspruenglich,wahr,wahr,falsch,automatisch,eines,,
01921,217,stadium_3_datum,"(urspr., kein Datum)","(urspr., kein Datum)",1922-06-02,automatisch,eines,,
01921,217,stadium_3_name,Oefte (tlw.),Oefte (tlw.),Laupendahler Landstraße,automatisch,eines,,
01921,217,stadium_3_urspruenglich,wahr,wahr,falsch,automatisch,eines,,
01921,217,stadium_4,1898-05-10 Laupendahler Landstraße,1898-05-10 Laupendahler Landstraße,1931-02-10 Laupendahler Landstraße (Verl.),automatisch,eines,,
01921,217,stadium_5,1922-06-02 Laupendahler Landstraße (Verl.),1922-06-02 Laupendahler Landstraße (Verl.),,automatisch,eines,,
01925,218,eintrag,Lautstraße,Lautstraße,,automatisch,eines,,
01928,218,namensgruppe,"Person, Mann, Deutscher, Pfarrer","Person, Mann, Deutscher, Pfarrer","Person, Mann, Deutscher, Pfarrer, urspr.: Kaiserstraße",automatisch,eines,,
01928,218,stadium_1,"(urspr., kein Datum) Kaiserstraße","(urspr., kein Datum) Kaiserstraße",1915-07-09 Fürstenstraße,automatisch,eines,,
01929,218,namensgruppe,Flurname,Flurname,"Flurname, urspr.: Kirchstraße",automatisch,eines,,
01930,219,stadium_2,,,"(urspr., kein Datum) Anton Lehnhäuser †08. Juni 1946 in Essen-Steele; Lehrer, Steeler Heimatforscher",automatisch,eines,,
01930,219,stadium_2_datum,,,14. März 1880 in Essen-Steele (nicht normalisierbar),automatisch,eines,,
01933,236,namensgruppe,"Person, Mann, Deutscher, Geograph, Kartograph","Person, Mann, Deutscher, Geograph, Kartograph","Person, Mann",automatisch,eines,,
01936,219,stadium_1_name,Flachsmarktgasse,Flachsmarktgasse,Flachmarktgasse,automatisch,eines,,
01938,220,stadium_1_datum,"(urspr., kein Datum)","(urspr., kein Datum)",urspr.: Fischerstraße (nicht normalisierbar),automatisch,eines,,
01938,220,stadium_2_datum,"(urspr., kein Datum)","(urspr., kein Datum)",urspr.: Gabelstraße (nicht normalisierbar),automatisch,eines,,
01939,220,stadium_1_name,Kerckhoffstraße (tlw.),Kerkhoffstraße (tlw.),Kerckhoffstraße (tlw.),automatisch,eines,,
01941,220,stadium_3,,,"(urspr., kein Datum) Mutterrolle 1826: Leley und In der Leley",automatisch,eines,,
01942,220,namensgruppe,"Person, Mann, Deutscher, Maler, Malerviertel-Holsterhausen","Person, Mann, Deutscher, Maler, Malerviertel-Holsterhausen","Person, Mann, Deutscher, Maler",automatisch,eines,,
01942,220,stadium_1,"(urspr., kein Datum) Howarenstraße","(urspr., kein Datum) Howarenstraße",1902-05-16 Lenbachstraße,automatisch,eines,,
01943,220,stadtteile,Bergerhausen,Bergerhausen,Bergebausen,automatisch,eines,,
01949,221,stadium_2,,,"(urspr., kein Datum)",automatisch,eines,,
01949,221,stadium_2_datum,,,"Karl Richard Lepsius *23. Dezember 1810 in Naumburg an der Saale, †10. Juli 1884 in Berlin (nicht normalisierbar)",automatisch,eines,,
01950,221,stadtteile,Bredeney; Stadtwald,Bredenev; Stadtwald,Bredeney; Stadtwald,automatisch,eines,,
01953,221,stadium_2,,,"(urspr., kein Datum)",automatisch,eines,,
01953,221,stadium_2_datum,,,"(Fließtext, 121 Zeichen, verworfen)",automatisch,eines,,
01956,222,eintrag,Lewafeld,Lewafeld,,automatisch,eines,,
01957,222,eintrag,Liafburgastraße,Liafburgastrasse,,automatisch,eines,,
01957,222,lemma,Liafburgastraße,Liafburgastrasse,,automatisch,eines,,
01957,222,stadium_1_name,Liafburgastraße,Liafburgastrasse,,automatisch,eines,,
01958,222,eintrag,Liboristraße,Liboristrasse,,automatisch,eines,,
01958,222,lemma,Liboristraße,Liboristrasse,,automatisch,eines,,
01958,222,stadium_1_name,Liboristraße,Liboristrasse,,automatisch,eines,,
01959,222,eintrag,Lichtenhorst,Lichtenhorst,,automatisch,eines,,
01960,222,eintrag,Lichterweg,Lichterweg,,automatisch,eines,,
01961,222,eintrag,Lichtstraße,Lichtstrasse,,automatisch,eines,,
01961,222,lemma,Lichtstraße,Lichtstrasse,,automatisch,eines,,
01961,222,stadium_2_name,Lichtstraße,Lichtstrasse,,automatisch,eines,,
01962,222,lemma,Liebigstraße,Liebigstrasse,Liebigstraße,automatisch,eines,,
01962,222,stadium_1_name,Bismarckstraße,Bismarckstrasse,Liebigstraße,automatisch,eines,,
01962,222,stadium_2_name,Liebigstraße,Liebigstrasse,Bismarckstraße,automatisch,eines,,
01963,222,lemma,Lierfeldstraße,Lierfeldstrasse,Lierfeldstraße,automatisch,eines,,
01963,222,stadium_1_name,Amalienstraße,Amalienstrasse,Lierfeldstraße,automatisch,eines,,
01963,222,stadium_2_name,Lierfeldstraße,Lierfeldstrasse,Amalienstraße,automatisch,eines,,
01963,222,stadtteile,Altenessen-Süd,Altenessen-Süd,Altensessen-Süd,automatisch,eines,,
01964,222,verweis_auf,Ardelhütte,Ardelhütte,,automatisch,eines,,
01967,222,lemma,Lilieneronstraße,Liliencronstrasse,Liliencronstraße,automatisch,eines,,
01968,223,verweis_auf,Baumblüte,Baumbüte,,automatisch,eines,,
01969,223,namensgruppe,"Person, Mann, Deutscher, Ingenieur, Industrieller, Luftfahrtpionier","Person, Mann, Deutscher, Ingenieur, Industrieller, Luftfahrtpionier","Person, Mann, Deutscher, Ingenieur, Industrieller, Luftfahrtpionier, urspr.: Werden",automatisch,eines,,
01969,223,stadium_1_name,Werdener Weg,Werdenener Weg,Lilienthalstraße,automatisch,eines,,
01969,223,stadium_1_urspruenglich,wahr,wahr,falsch,automatisch,eines,,
01974,223,namensgruppe,"Person, Mann, Deutscher, Direktor, Siedlung","Person, Mann, Deutscher, Direktor, Siedlung","Person, Mann, Deutscher, Direktor, Siedlung, urspr.: Christinenstraße",automatisch,eines,,
01974,223,stadium_1_name,Christinenstraße,Christinenstraße,Lindenbergstraße,automatisch,eines,,
01974,223,stadium_1_urspruenglich,wahr,wahr,falsch,automatisch,eines,,
01975,223,stadium_1,1920 Am Friedhof,1920 Am Friedhof,1937-11-20 Lindkensfeld,automatisch,eines,,
01976,223,namensgruppe,Hofname,Hofname,"Hofname, urspr.: Horststraße (tlw.)",automatisch,eines,,
01976,223,stadium_1,"(urspr., kein Datum) Horststraße (tlw.)","(urspr., kein Datum) Horststraße (tlw.)",1931-12-11 Lindkenshofer Weg,automatisch,eines,,
01977,223,stadium_2,,,"(urspr., kein Datum) Karl Lindner",automatisch,eines,,
01979,224,eintrag,Linnekeskamp,Linnekeskamp,,automatisch,eines,,
01980,224,eintrag,Lionweg,Lionweg,,automatisch,eines,,
01981,224,eintrag,Lippermannweg,Lippermannweg,,automatisch,eines,,
01982,224,eintrag,Lirichblick,Lirichblick,,automatisch,eines,,
01983,224,eintrag,Listerstraße,Listerstraße,,automatisch,eines,,
01986,224,stadium_1_name,Löbbertstraße,Löbberstraße,Löbbertstraße,automatisch,eines,,
01989,224,stadium_1_name,Im Schollbrauk (tlw.),Im Schollbrauk (tlw.),Im Schollbruch (tlw.),automatisch,eines,,
02006,226,namensgruppe,Stadt und Ort,Stadt und Ort,"Stadt und Ort, urspr.: Schaffstraße",automatisch,eines,,
02006,226,stadium_1,"(urspr., kein Datum) Schaffystraße","(urspr., kein Datum) Schaffystraße",1902-05-16 Lübecker Straße,automatisch,eines,,
02009,226,stadium_2_name,Reinhardstraße,Reinhardtstraße,Reinhardstraße,automatisch,eines,,
02012,226,namensgruppe,Stadt und Ort,Stadt und Ort,"Stadt und Ort, vor 1874: Donnerstraße",automatisch,eines,,
02012,226,stadium_1,vor 1874 Donnerstraße,vor 1874 Donnerstraße,1902-05-16 Lüneburger Straße,automatisch,eines,,
02014,227,verweis_auf,Ludgerusstraße,Ludgerusstraße,,automatisch,eines,,
02017,227,namensgruppe,"Person, Mann, Deutscher, Offizier, Kriegserinnerung","Person, Mann, Deutscher, Offizier, Kriegserinnerung","Person, Mann, Deutscher, Offizier, Kriegsinnung",automatisch,eines,,
02019,227,stadium_1_datum,vor 1904,vor 1904,"(urspr., kein Datum)",automatisch,eines,,
02026,214,lemma,Labberg,Labberg,Laberg,automatisch,eines,,
02026,214,stadium_1_name,Labberg,Labberg,Laberg,automatisch,eines,,
02027,227,lemma,Luppostraße,Luppstraße,Luppostraße,automatisch,eines,,
02027,227,namensgruppe,"Person, Mann, Deutscher","Person, Mann, Deutscher","Person, Mann",automatisch,eines,,
02027,227,stadium_1_name,Luppostraße,Luppstraße,Luppostraße,automatisch,eines,,
02029,219,stadium_2,,,"(urspr., kein Datum) Erich Leimkugel",automatisch,eines,,
02029,219,stadium_2_datum,,,"08. August 1877 in Schöppenstedt, †22. März 1947 in Essen (nicht normalisierbar)",automatisch,eines,,
02033,227,verweis_auf,Ludgerusstraße,Ludgerusstraße,,automatisch,eines,,
02035,220,eintrag,Leipoldtstraße,Leipoldtstraße,,automatisch,eines,,
02036,214,eintrag,Laaksweg,Laaksweg,,automatisch,eines,,
02038,223,lemma,Lindauhöhe,Lindauhöhe,Lindahöhe,automatisch,eines,,
02038,223,stadium_1_name,Lindauhöhe,Lindauhöhe,Lindahöhe,automatisch,eines,,
02039,223,verweis_auf,Lindauhöhe,Lindauhöhe,,automatisch,eines,,
02041,216,eintrag,Langenkamp,Langenkamp,,automatisch,eines,,
02042,227,lemma,Lunkegarten,Lunkegarten,Lunekgarten,automatisch,eines,,
02042,227,stadium_1_name,Lunkegarten,Lunkegarten,Lunekgarten,automatisch,eines,,
02043,221,stadium_2,,,"(urspr., kein Datum)",automatisch,eines,,
02043,221,stadium_2_datum,,,"(Fließtext, 124 Zeichen, verworfen)",automatisch,eines,,
02044,230,lemma,Mariannenbahn,Mariannenbahn,Mariannebahn,automatisch,eines,,
02044,230,stadium_1_name,Mariannenbahn,Mariannenbahn,Mariannebahn,automatisch,eines,,
02061,229,stadium_1,"(urspr., kein Datum) Märkische Straße","(urspr., kein Datum) Märkische Straße",1904-11-18 Ziegelstraße,automatisch,eines,,
02070,229,stadium_1_name,Friedhofstraße,Friedhofsstraße,Friedhofstraße,unsicher,eines,,
02070,229,verweis_auf,Eupenstraße,Eupenstraße,,unsicher,eines,,
02071,229,stadtteile,Bredeney,Bredenei,Bredeney,automatisch,eines,,
02071,229,verweis_auf,Baumblüte,Baumblüte,,automatisch,eines,,
02072,229,stadium_1,"(urspr., kein Datum) Metastraße","(urspr., kein Datum) Metastraße",1910-09-16 Manfredstraße,automatisch,eines,,
02075,230,stadium_1,"(urspr., kein Datum) Grünstraße (tlw.)","(urspr., kein Datum) Grünstraße (tlw.)",1902-05-16 Margaretenstraße,automatisch,eines,,
02076,230,lemma,Kruppsche Margrefstraße,Margrefstraße,Marggrafstraße,automatisch,eines,,
02076,230,stadium_1_name,Margrefstraße,Margrefstraße,Marggrafstraße,automatisch,eines,,
02080,231,stadium_2,1900 Karlstraße (tlw.),1900 Karlstraße (tlw.),1937-11-20 Marienstraße (Verl.),geprueft,eines,,
02082,231,namensgruppe,Adelstand,Adelstand,"Adelstand, 04. Januar 1895: Markgrafenstraße",automatisch,eines,,
02082,231,verweis_auf,Hohenzollernstraße,Hohenzollernstraße,,automatisch,eines,,
02084,231,namensgruppe,Essener Geschichte und Örtlichkeit,Essener Geschichte und Örtlichkeit,"Essener Geschichte und Örtlichkeit, 16. Jahrhundert: Markt",automatisch,eines,,
02085,231,stadtteile,Bredeney,Bredeneey,Bredeney,automatisch,eines,,
02086,231,namensgruppe,Hofname,Hofname,"Hofname, 08. Oktober 1896: Wallstraße (tlw.), 12. Februar 1931: Marreweg",unsicher,eines,,
02086,231,stadium_1,1896-10-08 Wallstraße (tlw.),1896-10-08 Wallstraße (tlw.),1931-02-12 Marreweg,unsicher,eines,,
02088,232,namensgruppe,"Person, Mann, Deutscher, Reformator","Person, Mann, Deutscher, Reformer","Person, Mann, Deutscher, Reformator",automatisch,eines,,
02088,232,stadium_1_datum,1892,1892,1902-05-16,automatisch,eines,,
02088,232,stadium_2,1902-05-16 Dovestraße,1902-05-16 Dovestraße,1902-05-16 Margaretenstraße (tlw.),automatisch,eines,,
02089,232,namensgruppe,Männlicher Vorname,Männlicher Vorname,"Männlicher Vorname, urspr.: Familienname",automatisch,eines,,
02089,232,stadium_1_datum,"(urspr., kein Datum)","(urspr., kein Datum)",1906-05-25,automatisch,eines,,
02089,232,stadium_1_name,Damianstraße,Damianstraße,Martinstraße,automatisch,eines,,
02089,232,stadium_2,1906-05-25 Martinstraße,1906-05-25 Martinstraße,,automatisch,eines,,
02090,231,lemma,Marktstraße,Markstraße,Marktstraße,unsicher,eines,,
02090,231,namensgruppe,Lagebezeichnung,Lagebezeichnung,"(Fließtext, 137 Zeichen, verworfen)",unsicher,eines,,
02090,231,stadium_1_name,Marktstraße,Markstraße,Marktstraße,unsicher,eines,,
02090,231,stadium_2,1891-04-30 Oberstraße (tlw.),1891-04-30 Oberstraße (tlw.),1977-06-22 Marktstraße,unsicher,eines,,
02090,231,stadium_3,1891-04-30 Wilhelmstraße,1891-04-30 Wilhelmstraße,,unsicher,eines,,
02090,231,stadium_4_datum,1977-06-22,09. Juli 1915 gemeinsame Bezeichnung (nicht normalisierbar),,unsicher,eines,,
02090,231,stadium_4_name,Marktstraße,Borbecker Straße,,unsicher,eines,,
02090,231,stadium_5,,1977-06-22 Markstraße,,unsicher,eines,,
02090,231,stadtteile,Borbeck-Mitte; Bergeborbeck,Borbeck-Mitte; Borgeborbeck,Borbeck-Mitte; Bergeborbeck,unsicher,eines,,
02093,232,lemma,Matthäuskirchstraße,Matthäuskirchstraße,Mathäuskirchstraße,automatisch,eines,,
02093,232,stadium_1_name,Mathäuskirchstraße,Matthäuskirchstraße,Mathäuskirchstraße,automatisch,eines,,
02095,232,strassenklasse,Kreisstraße,Kreisstraße,Kreißstraße,automatisch,eines,,
02098,233,eintrag,Mausegattstraße,Mausegattstraße,,automatisch,eines,,
02099,233,eintrag,Max-Dreger-Weg,Max-Dreger-Weg,,automatisch,eines,,
02100,233,eintrag,Max-Fiedler-Straße,Max-Fiedler-Straße,,automatisch,eines,,
02101,233,namensgruppe,"Person, Mann, Deutscher, Musiker, Komponist","Person, Mann, Deutscher, Musiker, Komponist","Person, Mann",automatisch,eines,,
02102,233,namensgruppe,"Person, Mann, Deutscher, Kaufmann, Essener Geschichte und Örtlichkeit","Person, Mann, Deutscher, Kaufmann, Essener Geschichte und Örtlichkeit","Person, Mann",automatisch,eines,,
02103,233,namensgruppe,"Person, Mann, Deutscher, Kraftwagenkonstrukteur","Person, Mann, Deutscher, Kraftwagenkonstrukteur","Person, Mann",automatisch,eines,,
02103,233,stadtteile,Bredeney,Bredenei,Bredeney,automatisch,eines,,
02106,234,namensgruppe,"Person, Frau, Deutsche, Äbtissin, Essener Geschichte und Örtlichkeit","Person, Frau, Deutsche, Äbtissin, Essener Geschichte und Örtlichkeit","Person, Frau, Deutsche, Äbtissin, Essener Geschichte und Örtlichkeit, urspr.:",automatisch,eines,,
02106,234,stadium_1_name,Im Ort,Im Ort,Hofstraße,automatisch,eines,,
02107,234,namensgruppe,Hofname,Hofname,"Gemeindestraße, Str.-Gr.: Hofname",automatisch,eines,,
02107,234,stadtteile,Bredeney,Bredeneey,Bredeney,automatisch,eines,,
02108,234,namensgruppe,"Person, Mann, Deutscher, Ackerwirt","Person, Mann, Deutscher, Ackerwirt","Person, Mann, Deutscher, Ackermann",automatisch,eines,,
02110,234,namensgruppe,Gemeinheit,Gemeinschaft,"Gemeinheit, etwa",automatisch,eines,,
02110,234,stadium_1_datum,1899,etwa (nicht normalisierbar),,automatisch,eines,,
02111,235,verweis_auf,Mariengarten,Mariengarten,,automatisch,eines,,
02112,235,lemma,Meinertstraße,Meinerstraße,Meinertstraße,automatisch,eines,,
02112,235,stadium_1_name,Meinertstraße,Meinerstraße,Meinertstraße,automatisch,eines,,
02112,235,stadtteile,Altenessen-Süd,Altenessen-Süd,Altensen-Süd,automatisch,eines,,
02113,235,stadtteile,Schuir; Bredeney; Kettwig,Schuir; Bredenei; Kettwig,Schuir; Bredeney; Kettwig,automatisch,eines,,
02114,235,stadium_1_name,Gasstraße,Gasstraße,Gassstraße,automatisch,eines,,
02116,235,namensgruppe,"Person, Mann, Deutscher, Philologe, Philosoph, Humanist, Theologe, Reformator","Person, Mann, Deutscher, Philologe, Philosoph, Humanist, Theologe, Reformatore","Person, Mann, Deutscher, Philologe, Philosoph, Humanist, Theologe, Reformator",automatisch,eines,,
02117,235,stadium_1,"(urspr., kein Datum) Benthumstraße","(urspr., kein Datum) Benthumstraße",1902-05-16 Mellinghofer Straße,automatisch,eines,,
02118,235,lemma,Mellisaue,Mellisaue,Mellisau,geprueft,eines,,
02118,235,stadium_1_name,Mellisaue,Mellisaue,Mellisau,geprueft,eines,,
02121,236,namensgruppe,"Person, Mann, Deutscher, Kruppscher Beamter, Siedlung","Person, Mann, Deutscher, Kruppscher Beamter, Siedlung","Person, Mann",automatisch,eines,,
02121,236,stadium_1_datum,1914-10-09,1914-10-09,"(urspr., kein Datum)",automatisch,eines,,
02121,236,stadium_2,,,1914-10-09 Menshausen,automatisch,eines,,
02124,236,namensgruppe,"Person, Mann, Deutscher, Maler, Graphiker, Malerviertel-Holsterhausen","Person, Mann, Deutscher, Maler, Graphiker, Malerviertel-Holsterhausen","Person, Mann",automatisch,eines,,
02128,236,lemma,Messelstraße,Messelstraße,Messestraße,automatisch,eines,,
02128,236,namensgruppe,"Person, Mann, Deutscher, Architekt","Person, Mann, Deutscher, Architekt","Person, Mann",automatisch,eines,,
02128,236,stadium_1_name,Messelstraße,Messelstraße,Messestraße,automatisch,eines,,
02128,236,stadium_3_name,Messelstraße (Umb.),Messelstraße (Umb.),Messestraße (Umb.),automatisch,eines,,
02131,236,namensgruppe,"Person, Mann, Deutscher, Architekt","Person, Mann, Deutscher, Architekt","Person, Mann",automatisch,eines,,
02132,237,namensgruppe,"Stadt und Ort, Kriegserinnerung","Stadt und Ort, Kriegserinnerung",Stadt und Ort,automatisch,eines,,
02134,237,namensgruppe,"Person, Mann, Deutscher, Unternehmer, Politiker","Person, Mann, Deutscher, Unternehmer, Politiker","Person, Mann",automatisch,eines,,
02134,237,stadtteile,Altenessen-Nord,Altenessen-Nord,Altensessen-Nord,automatisch,eines,,
02136,237,namensgruppe,"Kirche und Kloster, Männlicher Vorname","Kirche und Kloster, Männlicher Vorname",Kirche und Kloster,automatisch,eines,,
02137,237,lemma,Middeldorper Weg,Middeldorper Weg,Middeldorfer Weg,unsicher,eines,,
02137,237,stadium_2_name,Middeldorfstraße,Middeldorfstraße,Middeldorferstraße,unsicher,eines,,
02137,237,stadium_3_name,Middeldorper Weg,Middeldorper Weg,Middeldorfer Weg,unsicher,eines,,
02138,238,eintrag,,Milchstraße,,,eines,,
02139,238,eintrag,Milendonkweg,Milendonkweg,,automatisch,eines,,
02140,238,eintrag,Milkdelle,Milkdelte,,automatisch,eines,,
02140,238,lemma,Milkdelle,Milkdelte,,automatisch,eines,,
02140,238,stadium_1_name,Milkdelle,Milkdelte,,automatisch,eines,,
02141,238,namensgruppe,"Person, Mann, Deutscher, Maler, Graphiker","Person, Mann, Deutscher, Maler, Graphiker","Person, Mann, Deutscher, Maler, Graphiker, etwa 1898",automatisch,eines,,
02141,238,stadium_1_datum,1898,1898,1814-04-07,automatisch,eines,,
02141,238,stadium_1_name,Mintropstraße,Mintropstraße,Mintrop,automatisch,eines,,
02141,238,stadium_2,,,1870 Mintropstraße,automatisch,eines,,
02141,238,stadium_2_datum,,,130. Juni 1870 (eingeschränkt lesbar),automatisch,eines,,
02144,238,stadium_1_datum,1929-01-10,1929-01-10,1790-11-17,automatisch,eines,,
02144,238,stadium_1_name,Möbiusstraße,Möbiusstraße,Möbius,automatisch,eines,,
02144,238,stadium_2,,,1868-09-26 Möbiusstraße,automatisch,eines,,
02151,240,eintrag,Mörgekenweg,Mörgekenweg,,automatisch,eines,,
02152,240,eintrag,Mörikestraße,Mörikestraße,,automatisch,eines,,
02153,240,eintrag,Möserstraße,Möserstraße,,unsicher,eines,,
02153,240,namensgruppe,"Gemeindestraße, Str.-Gr.: Person, Mann, Deutscher, Politiker, Publizist, Historiker","Person, Mann, Deutscher, Politiker, Publizist, Historiker",,unsicher,eines,,
02153,240,strassenklasse,,Gemeindestraße,,unsicher,eines,,
02154,240,eintrag,Mövenstraße,Mövenstraße,,automatisch,eines,,
02155,240,eintrag,Mohnblüte,Mohnblüte,,automatisch,eines,,
02156,240,namensgruppe,"Person, Mann, Deutscher, Graf, Generalfeldmarschall, Platz","Person, Mann, Deutscher, Graf, Generalfeldmarschall, Platz","Person, Mann, Deutscher, Graf, Generalfeldmarschall",automatisch,eines,,
02156,240,stadium_1_datum,1909-05-07,1909-05-07,1809-05-07,automatisch,eines,,
02157,240,stadtteile,Bergerhausen; Huttrop; Südostviertel; Südviertel,Bergerhausen; Huttrop; Südostviertel; Südviertel,Bergeborbeck; Huttrop; Südostviertel; Südviertel,automatisch,eines,,
02158,240,stadium_1,"(urspr., kein Datum) Falkenbergstraße","(urspr., kein Datum) Falkenbergstraße",1902-05-16 Mommsenstraße,automatisch,eines,,
02159,241,eintrag,Moorenstraße,Moorenstraße,,automatisch,eines,,
02160,241,eintrag,Moosstraße,Moosstraße,,automatisch,eines,,
02161,241,eintrag,Morgensteig,Morgensteig,,automatisch,eines,,
02162,241,eintrag,Moritzstraße,Moritzstraße,,automatisch,eines,,
02163,241,eintrag,Morsehofstraße,Morsehofstraße,,automatisch,eines,,
02164,241,stadium_2,,,"(urspr., kein Datum) Friedrich-Ferdinand Mosebach",automatisch,eines,,
02165,241,stadium_2,,,"(urspr., kein Datum) Wolfgang Amadeus Mozart",automatisch,eines,,
02166,241,lemma,Mühlenaue,Mühlenau,Mühlenaue,automatisch,eines,,
02166,241,stadium_1_name,Mühlenaue,Mühlenau,Mühlenaue,automatisch,eines,,
02167,241,verweis_auf,Mühlenaue,Mühlenau,,automatisch,eines,,
02172,242,namensgruppe,Stadt und Ort,Stadt und Ort,"Stadt und Ort, urspr.: Moltkestraße",automatisch,eines,,
02172,242,stadium_1,"(urspr., kein Datum) Moltkestraße","(urspr., kein Datum) Moltkestraße",vor 1883 Langenstraße,automatisch,eines,,
02179,243,eintrag,Musebrink,Musebrink,,automatisch,eines,,
02180,234,stadtteile,Bredeney,Bredeneey,Bredeney,automatisch,eines,,
02181,235,namensgruppe,Meistersinger,Meistersinger,,automatisch,eines,,
02183,234,verweis_auf,Zeche Eiberg,Zeche Eiberg,,automatisch,eines,,
02186,236,stadium_1_datum,1962-11-12,1962-11-12,"(urspr., kein Datum)",automatisch,eines,,
02186,236,stadium_2,,,1962-11-12 Memmert,automatisch,eines,,
02188,239,lemma,Möllershus,Möllershüs,Möllershus,automatisch,eines,,
02188,239,stadium_2_name,Möltershus,Möllershüs,Möllershus,automatisch,eines,,
02189,241,stadium_2,,,"(urspr., kein Datum) Heinrich von Morungen",automatisch,eines,,
02189,241,stadtteile,Freisenbruch,Freisenbruch,Friesenbruch,automatisch,eines,,
02190,238,eintrag,Minnesängerstraße,Minnesängerstraße,,automatisch,eines,,
02192,230,verweis_auf,Marienbergstraße,Marienbergstraße,,automatisch,eines,,
02195,239,namensgruppe,"Person, Mann, Deutscher, Mediziner","Person, Mann, Deutscher, Mediziner","Person, Mann",automatisch,eines,,
02197,241,stadium_1_name,Bergstraße,Bergstraße,Mühlenhang,automatisch,eines,,
02197,241,verweis_auf,Mühlenweg,Mühlenweg,,automatisch,eines,,
02199,238,verweis_auf,Termiedenhof,Termiedenhof,,automatisch,eines,,
02200,238,eintrag,Mierendorffweg,Mierendorffweg,,automatisch,eines,,
02220,243,eintrag,Naatlandstraße,Naatlandstraße,,automatisch,eines,,
02221,243,eintrag,Nachbarnweg,Nachbarweg,,automatisch,eines,,
02221,243,lemma,Nachbarnweg,Nachbarweg,,automatisch,eines,,
02221,243,stadium_2_name,Nachbarnweg,Nachbarweg,,automatisch,eines,,
02222,243,eintrag,Nagelstraße,Nagelstraße,,automatisch,eines,,
02223,243,eintrag,Narjesstraße,Narjesstraße,,automatisch,eines,,
02224,243,eintrag,Narzissenweg,Narzissenweg,,unsicher,eines,,
02224,243,stadium_1,,1936-08-05 Narzissenweg,,unsicher,eines,,
02224,243,stadtteile,Bredeney,Bredenei,,unsicher,eines,,
02225,243,eintrag,Nebenbankstraße,Nebenbankstraße,,automatisch,eines,,
02227,243,eintrag,Nedelmannstraße,Nedelmannstraße,,automatisch,eines,,
02228,243,eintrag,Neißestraße,Neißestraße,,automatisch,eines,,
02229,243,eintrag,Nekesweg,Nekesweg,,automatisch,eines,,
02230,243,eintrag,Nelkengarten,Nelkengarten,,automatisch,eines,,
02230,243,stadtteile,Bredeney; Rüttenscheid,Bredenei; Rüttenscheid,,automatisch,eines,,
02231,243,eintrag,Netheweg,Netheweg,,automatisch,eines,,
02233,243,eintrag,Nettelnbusch,Nettelbusch,,automatisch,eines,,
02233,243,lemma,Nettelnbusch,Nettelbusch,,automatisch,eines,,
02234,244,eintrag,Neue Heimat,Neue Heimat,,automatisch,eines,,
02235,244,eintrag,Neue Liebe,Neue Liebe,,automatisch,eines,,
02236,244,eintrag,Neuessener Straße,Neussener Straße,,automatisch,eines,,
02236,244,lemma,Neuessener Straße,Neussener Straße,,automatisch,eines,,
02236,244,stadium_1_name,Neuessener Straße,Neussener Straße,,automatisch,eines,,
02238,244,namensgruppe,Industrie und Wirtschaft,Industrie und Wirtschaft,"Industrie und Wirtschaft, vor 1864: Klarastraße",automatisch,eines,,
02238,244,stadium_1,vor 1864 Klarastraße,vor 1864 Klarastraaße,1909-07-26 Gartenstraße,automatisch,eines,,
02238,244,stadium_1_name,Klarastraße,Klarastraaße,Gartenstraße,automatisch,eines,,
02241,244,lemma,Neukölnstraße,Neukölnstraße,Neuköllnstraße,automatisch,eines,,
02246,245,verweis_auf,Biebergweg,Biebergweg,,geprueft,eines,,
02248,246,verweis_auf,Nibelungenplatz,Nibelungenplatz,,automatisch,eines,,
02249,246,stadium_1_name,Aloysstraße,Aloysstraße,Nieberdingstraße,automatisch,eines,,
02249,246,stadium_1_urspruenglich,wahr,wahr,falsch,automatisch,eines,,
02249,246,stadium_2_datum,1902-05-16,1902-05-16,"04. Mai 1838 in Konitz/Westpreußen, †10. Oktober 1912 in Berlin-Charlottenburg (nicht normalisierbar)",automatisch,eines,,
02250,246,stadium_1_datum,"(urspr., kein Datum)","(urspr., kein Datum)",1902-05-16,automatisch,eines,,
02250,246,stadium_1_name,Frintroper Straße,Frinroper Straße,Frintruper Straße,automatisch,eines,,
02250,246,stadium_1_urspruenglich,wahr,wahr,falsch,automatisch,eines,,
02250,246,stadium_2_datum,1902-05-16,1902-05-16,1915-07-09,automatisch,eines,,
02250,246,stadium_3,1915-07-09 Niederfeldstraße (Verl.),1915-07-09 Niederfeldstraße (Verl.),"(urspr., kein Datum)",automatisch,eines,,
02250,246,stadium_3_datum,1915-07-09,1915-07-09,(Verl.) (nicht normalisierbar),automatisch,eines,,
02250,246,stadium_3_name,Niederfeldstraße (Verl.),Niederfeldstraße (Verl.),,automatisch,eines,,
02250,246,stadium_4_datum,,,"(Fließtext, 131 Zeichen, verworfen)",automatisch,eines,,
02251,246,stadium_2,,,"(urspr., kein Datum)",automatisch,eines,,
02251,246,stadium_2_datum,,,Nach der Lage der Straße in einer Niederung des ehemaligen Segeroths (nicht normalisierbar),automatisch,eines,,
02252,246,stadium_1_name,Oeststraße (tlw.),Oeststraße (tlw.),Oeststraße,automatisch,eines,,
02252,246,stadium_2,1908-01-20 Niederweniger Straße,1908-01-20 Niederweniger Straße,"(urspr., kein Datum)",automatisch,eines,,
02252,246,stadium_2_datum,1908-01-20,1908-01-20,(tlw.) (nicht normalisierbar),automatisch,eines,,
02252,246,stadium_3_datum,1933-11-27,1933-11-27,1908-01-20,automatisch,eines,,
02252,246,stadium_3_name,Niederweniger Straße (Verl.),Niederweniger Straße (Verl.),Niederweniger Straße,automatisch,eines,,
02252,246,stadium_4,,,1933-11-27 Niederweniger Straße,automatisch,eines,,
02252,246,stadium_5_datum,,,"(Fließtext, 132 Zeichen, verworfen)",automatisch,eines,,
02253,246,stadium_4,,,"(urspr., kein Datum)",automatisch,eines,,
02253,246,stadium_4_datum,,,"(Fließtext, 124 Zeichen, verworfen) (nicht normalisierbar)",automatisch,eines,,
02253,246,stadtteile,Altenessen-Süd,Altenessen-Süd,Altensessen-Süd,automatisch,eines,,
02254,246,namensgruppe,Kotten,Kotten,Essener Geschichte und Örtlichkeit,automatisch,eines,,
02254,246,stadium_2,,,"(urspr., kein Datum)",automatisch,eines,,
02254,246,stadium_2_datum,,,"(Fließtext, 645 Zeichen, verworfen) (nicht normalisierbar)",automatisch,eines,,
02254,246,stadium_3_datum,,,Akten: STAD Best.- Reg. Düsseldorf Nr. 23209 (nicht normalisierbar),automatisch,eines,,
02255,246,stadium_1_name,Jakobstraße,Jakobstraße,Nienhausenstraße,automatisch,eines,,
02255,246,stadium_1_urspruenglich,wahr,wahr,falsch,automatisch,eines,,
02255,246,stadium_2_datum,1915-07-09,1915-07-09,"(Fließtext, 399 Zeichen, verworfen) (nicht normalisierbar)",automatisch,eines,,
02255,246,stadtteile,Altenessen-Süd,Altenessen-Süd,Altessen-Süd,automatisch,eines,,
02256,246,stadium_1_name,Wallstraße (tlw.),Wallstraße (tlw.),Wallstraße,automatisch,eines,,
02256,246,stadium_2,1937-11-20 Nienhuser Busch,1937-11-20 Nienhuser Busch,"(urspr., kein Datum)",automatisch,eines,,
02256,246,stadium_2_datum,1937-11-20,1937-11-20,(tlw.) (nicht normalisierbar),automatisch,eines,,
02256,246,stadium_4_datum,,,"(Fließtext, 270 Zeichen, verworfen) (nicht normalisierbar)",automatisch,eines,,
02257,246,stadium_3_datum,,,Landmatrikel 1668: Dietrich Meinrich hat von den Erben des Bürgermeisters Heinrich Stecken (nicht normalisierbar),automatisch,eines,,
02257,246,stadtteile,Altenessen-Süd,Altenessen-Süd,Altessen-Süd,automatisch,eines,,
02262,247,stadtteile,Altenessen-Süd,Altenessen-Süd,Altessen-Süd,geprueft,eines,,
02263,247,stadium_1,vor 1915 Bahnhofstraße,vor 1915 Bahnhofstraße,1935-11-14 Nockwinkel,automatisch,eines,,
02264,247,namensgruppe,Kotten,Kotten,"Kotten, urspr.: Nöckersberg, urspr.: Deipenbeckstalweg",automatisch,eines,,
02265,248,stadium_2,,,"(urspr., kein Datum) Leite",automatisch,eines,,
02266,248,stadium_1_datum,"(urspr., kein Datum)","(urspr., kein Datum)",1911-04-21,automatisch,eines,,
02266,248,stadium_1_urspruenglich,wahr,wahr,falsch,automatisch,eines,,
02266,248,stadium_2_datum,1911-04-21,1911-04-21,1915-07-09,automatisch,eines,,
02266,248,stadium_2_name,Nöggerathstraße,Nöggerathstraße,Gartenkamp (tlw.),automatisch,eines,,
02268,248,stadium_3,,,"(Fließtext, 125 Zeichen, verworfen)",automatisch,eines,,
02268,248,stadtteile,Altenessen-Süd,Altenessen-Süd,Altensenn-Süd,automatisch,eines,,
02269,248,stadtteile,Bredeney; Rüttenscheid,Bredeneey; Rüttenscheid,Bredeney; Rüttenscheid,unsicher,eines,,
02272,248,lemma,Nordlandaue,Nordlandau,Nordlandaue,automatisch,eines,,
02272,248,stadium_1_name,Nordlandaue,Nordlandau,Nordlandaue,automatisch,eines,,
02274,249,stadtteile,Altenessen-Nord,Altenessen-Nord,Altessen-Nord,automatisch,eines,,
02276,249,lemma,Nottebaumskamp,Nottebaumskamp,Nottebaumkamp,automatisch,eines,,
02276,249,stadium_1_name,Nottebaumskamp,Nottebaumskamp,Nottebaumkamp,automatisch,eines,,
02277,249,stadium_2,vor 1915 Gartenstraße,vor 1915 Gartenstraße,1934-06-05 Nottekampsbank,automatisch,eines,,
02279,249,namensgruppe,Lage-bezeichnung,Lage-bezeichnung,Lagebezeichnung,unsicher,eines,,
02279,249,strassenklasse,Gemeindestraße,Gemeondestraße,Gemeindestraße,unsicher,eines,,
02279,249,verweis_auf,Nottekampsbank,Nottekampsbank,,unsicher,eines,,
02281,244,eintrag,Netzestraße,Netzestraße,,automatisch,eines,,
02282,243,eintrag,Neptunstraße,Neptunstraße,,automatisch,eines,,
02284,246,namensgruppe,Essener Geschichte und Örtlichkeit,Essener Geschichte und Örtlichkeit,"Essener Geschichte und Örtlichkeit, 02. Dezember 1965",automatisch,eines,,
02284,246,stadium_1_datum,1965-12-02,1965-12-02,"(urspr., kein Datum)",automatisch,eines,,
02284,246,stadium_1_urspruenglich,falsch,falsch,wahr,automatisch,eines,,
02284,246,stadium_2,,,"(urspr., kein Datum)",automatisch,eines,,
02284,246,stadium_2_datum,,,"(Fließtext, 429 Zeichen, verworfen) (nicht normalisierbar)",automatisch,eines,,
02284,246,stadium_3_datum,,,"(Fließtext, 123 Zeichen, verworfen)",automatisch,eines,,
02284,246,stadtteile,Altenessen-Süd,Altenessen-Süd,Altessen-Süd,automatisch,eines,,
02285,248,stadium_1_name,Nordlandaue (tlw.),Nordlandau (tlw.),Nordlandaue (tlw.),automatisch,eines,,
02285,248,verweis_auf,Nordlandaue,Nordlandau,,automatisch,eines,,
02287,243,eintrag,Natorpstraße,Natorpstraße,,automatisch,eines,,
02290,246,stadium_1_datum,"(urspr., kein Datum)","(urspr., kein Datum)",1902-12-17,automatisch,eines,,
02290,246,stadium_1_urspruenglich,wahr,wahr,falsch,automatisch,eines,,
02290,246,stadium_2_datum,1902-12-17,1902-12-17,(tlw.) (nicht normalisierbar),automatisch,eines,,
02290,246,stadium_2_name,Curtiusstraße (tlw.),Curtiusstraße (tlw.),Curtiusstraße,automatisch,eines,,
02290,246,stadium_4,,,"(urspr., kein Datum)",automatisch,eines,,
02290,246,stadium_4_datum,,,"27. August 1776 in Kopenhagen, †02. Januar 1831 in Bonn (nicht normalisierbar)",automatisch,eines,,
02312,250,namensgruppe,Volkstum,Volkstum,"Volkstum, vor 1899: Bergstraße",automatisch,eines,,
02312,250,stadium_1,vor 1899 Bergstraße,vor 1899 Bergstraße,1935-11-14 Pustenberg (tlw.),automatisch,eines,,
02313,250,stadium_2,,,"(urspr., kein Datum) Siehe Schloßstraße",automatisch,eines,,
02313,250,verweis_auf,Schloßstraße,Schloßstraße,,automatisch,eines,,
02326,253,stadium_1_name,Othmarstraße,Othmarstraße,Othmarsstraße,automatisch,eines,,
02326,253,stadium_2_name,Otmarstraße (tlw.),Otmarstraße (tlw.),Oskarstraße,automatisch,eines,,
02326,253,stadium_3,1977-05-26 Oskarstraße,1977-05-26 Oskarstraße,,automatisch,eines,,
02327,252,stadium_1,"(urspr., kein Datum) Georgstraße","(urspr., kein Datum) Georgstraße",1902-05-16 Ohmstraße,automatisch,eines,,
02329,252,lemma,Olgastraße,Olgastraße,Olgastrasse,automatisch,eines,,
02329,252,stadium_1_name,Olgastraße,Olgastraße,Olgastrasse,automatisch,eines,,
02333,253,lemma,Oslenderstraße,Oslanderstraße,Oslenderstraße,automatisch,eines,,
02333,253,stadium_3_name,Ostenderstraße,Oslanderstraße,Oslenderstraße,automatisch,eines,,
02335,250,namensgruppe,Flurname,Flurname,"Flurname, urspr.: Schacht Jacob (tlw.)",unsicher,eines,,
02335,250,stadium_1_datum,"(urspr., kein Datum)","(urspr., kein Datum)",1964-05-20,unsicher,eines,,
02335,250,stadium_1_name,Schacht Jacob (tlw.),Schacht Jacob (tlw.),Obere Aue,unsicher,eines,,
02335,250,stadium_1_urspruenglich,wahr,wahr,falsch,unsicher,eines,,
02335,250,stadium_2,1964-05-20 Obere Aue. ze 5 Oberer Schloßhang- Schloss Borbeck ll,1964-05-20 Obere Aue,,unsicher,eines,,
02335,250,stadium_2_name,Obere Aue. ze 5 Oberer Schloßhang- Schloss Borbeck ll,Obere Aue,,unsicher,eines,,
02340,253,stadium_1,1914 Essener Straße,1914 Essener Straße,1933-05-08 Ostpreußenstraße,automatisch,eines,,
02340,253,verweis_auf,Elsaßstraße,Elsaßstraße,,automatisch,eines,,
02342,254,lemma,Otmarstraße,Ottmarstraße,Otmarstraße,automatisch,eines,,
02342,254,stadium_1_name,Othmarstraße,Othmarstraße,Otmarstraße,automatisch,eines,,
02342,254,stadium_2_name,Otmarstraße,Ottmarstraße,Otmarstraße,automatisch,eines,,
02343,254,lemma,"sagenhaft"" Ottenkämperweg",Ottenkämperweg,Ottenkamperweg,unsicher,eines,,
02343,254,stadium_2_name,Ottenkämperweg,Ottenkämperweg,Ottenkamperweg,unsicher,eines,,
02349,254,namensgruppe,"Person, Mann, Deutscher, Maler, Zeichner, Illustrator, Malerviertel-Holsterhausen","Person, Mann, Deutscher, Maler, Zeichner, Illustrator, Malerviertel-Holsterhausen","Person, Mann, Deutscher, Maler, Zeichner, Illustrator, Malerillustrator",automatisch,eines,,
02349,254,stadium_1,"(urspr., kein Datum) Nienhausstraße","(urspr., kein Datum) Nienhausstraße",1902-05-16 Overbeckstraße,automatisch,eines,,
02350,254,stadium_1,"(urspr., kein Datum) Grenzstraße","(urspr., kein Datum) Grenzstraße",1915-07-09 Overbergstraße,automatisch,eines,,
02350,254,verweis_auf,Hofterbergstraße,Hoferbergstraße,,automatisch,eines,,
02352,252,lemma,Ofterdingenstraße,Ofterdingenstraße,Ofterdammerstraße,automatisch,eines,,
02352,252,stadium_1_name,Ofterdingenstraße,Ofterdingenstraße,Ofterdammerstraße,automatisch,eines,,
02352,252,stadtteile,Freisenbruch,Freisenbruch,Friesenbruch,automatisch,eines,,
02354,253,eintrag,Ortelweg,Ortelweg,,automatisch,eines,,
02355,254,eintrag,Ostuferstraße,Ostuferstraße,,automatisch,eines,,
02383,255,lemma,Papenberghang,Papenberg hang,Papenberghang,automatisch,eines,,
02383,255,stadtteile,Bergerhausen,Bergerhausen,Bergeborbeck,automatisch,eines,,
02384,256,stadium_1_datum,"(urspr., kein Datum)","(urspr., kein Datum)",1902-05-16,automatisch,eines,,
02384,256,stadium_1_name,Rolandstraße,Rolandstraße,Papestraße,automatisch,eines,,
02384,256,stadium_1_urspruenglich,wahr,wahr,falsch,automatisch,eines,,
02386,256,verweis_auf,Volksgartenweg,Volksgartenweg,,automatisch,eines,,
02387,256,stadium_2,,,1757-09-29 Franz Pasbach,automatisch,eines,,
02387,256,stadtteile,Altenessen-Nord,Altenessen-Nord,Altensessen-Nord,automatisch,eines,,
02388,256,stadium_4,,,"(urspr., kein Datum) Mutterrolle 1866: an der Paßstraße",automatisch,eines,,
02390,256,stadium_3,,,1800-01-21 Theodor Fliedner,automatisch,eines,,
02394,257,stadium_1,1922-06-02 Pauline,1922-06-02 Pauline,"(urspr., kein Datum) Pauline",automatisch,eines,,
02395,257,stadium_2_name,Helfferichstraße (Umb.),Hellferichstraße (Umb.),Helfferichstraße (Umb.),automatisch,eines,,
02401,258,lemma,Peanstraße,Peanstraße,Peenestraße,automatisch,eines,,
02401,258,stadium_2_name,Peanstraße,Peanstraße,Peenestraße,automatisch,eines,,
02401,258,stadtteile,Altenessen-Süd,Altenessen-Süd,Altensessen-Süd,automatisch,eines,,
02402,263,lemma,Porscheplatz,Porscheplatz,Peenestraße,unsicher,eines,,
02402,263,namensgruppe,"Person, Mann, Deutscher, Kraftfahrzeugkonstrukteur, Platz","Person, Mann, Deutscher, Kraftfahrzeugkonstrukteur, Platz",Gewässer,unsicher,eines,,
02402,263,stadium_1,1956-07-03 Peenestraße,1956-07-03 Peenestraße,1956-07-03 Peenestraße,unsicher,eines,,
02402,263,stadium_2,1500-01-01 Königstraße (tlw.),1500-01-01 Königstraße (tlw.),,unsicher,eines,,
02402,263,stadium_3,1825-12-31 Schwarze Poth (tlw.),1825-12-31 Schwarze Poth (tlw.),,unsicher,eines,,
02402,263,stadium_4,1860-01-01 Postallee (tlw.),1860-01-01 Postallee (tlw.),,unsicher,eines,,
02402,263,stadtteile,Stadtkern,Stadtkern,Bergerhausen,unsicher,eines,,
02409,259,lemma,Pfalzgräfinstraße,Pfalzgräfinstraße,Pfalzgrafinstraße,automatisch,eines,,
02409,259,stadium_2_datum,1946-05-22,1946-05-22,1946-05-14,automatisch,eines,,
02409,259,stadium_2_name,Pfalzgräfinstraße,Pfalzgräfinstraße,Pfalzgrafinstraße,automatisch,eines,,
02421,260,stadtteile,Freisenbruch,Freisenbruch,Friesenbruch,automatisch,eines,,
02422,260,stadium_1_datum,"(urspr., kein Datum)","(urspr., kein Datum)",urspr.: Gertrudstraße (nicht normalisierbar),automatisch,eines,,
02422,260,stadium_1_name,Gertrudstraße,Gertrudstraße,Pielstickerstraße,automatisch,eines,,
02428,261,lemma,Pläßweidenweg,PläBweidenweg,Pläßweidenweg,automatisch,eines,,
02428,261,stadium_2_name,Pläßweidenweg,PläBweidenweg,Pläßweidenweg,automatisch,eines,,
02429,261,stadium_1_datum,"(urspr., kein Datum)","(urspr., kein Datum)",urspr.: Alfredstraße (nicht normalisierbar),automatisch,eines,,
02429,261,stadium_1_name,Alfredstraße,Alfredstraße,Planckstraße,automatisch,eines,,
02431,261,lemma,Plaßhofsbankstraße,Plaßhofsbankstraße,Platzhoffsbankstraße,automatisch,eines,,
02431,261,stadium_1_name,Plaßholsbankstraße,Plaßhofsbankstraße,Platzhoffsbankstraße,automatisch,eines,,
02433,261,lemma,Pleskengarten,Pleskengarten,Pieskengarten,automatisch,eines,,
02435,261,namensgruppe,Kotten,Kotten,Kötten,automatisch,eines,,
02436,262,lemma,Pörtingsiepen,Pörtingsiepen,Pörtgensiepen,automatisch,eines,,
02436,262,namensgruppe,Bergbau,Bergbau,"Bergbau, urspr.: Hovelstraße",automatisch,eines,,
02436,262,stadium_1_datum,"(urspr., kein Datum)","(urspr., kein Datum)",1922-06-02,automatisch,eines,,
02436,262,stadium_1_name,Hövelstraße,Hövelstraße,Pörtgensiepenstraße,automatisch,eines,,
02436,262,stadium_1_urspruenglich,wahr,wahr,falsch,automatisch,eines,,
02436,262,stadium_2,1922-06-02 Pörtingsiepenstraße,1922-06-02 Pörtingsiepenstraße,1937-11-20 Pöringsiepen,automatisch,eines,,
02437,262,stadium_2,1915-07-09 Gartenkamp (tlw.),1915-07-09 Gartenkamp (tlw.),1937-11-20 Pollerbecks Brink,automatisch,eines,,
02438,262,stadtteile,Frohnhausen,Frohnhausen,Frohnausen,automatisch,eines,,
02439,263,eintrag,Pollstraße,Pollstraße,,automatisch,eines,,
02441,263,lemma,Porschekanzel,Porschekanzlei,Porschekanzel,automatisch,eines,,
02441,263,stadium_2_name,Porschekanzel,Porschekanzlei,Porschekanzel,automatisch,eines,,
02442,263,eintrag,,,Porscheplatz,,eines,,
02443,263,stadtteile,Schonnebeck; Kray,Schonnebeck; Kray,Schönebeck; Kray,automatisch,eines,,
02444,263,namensgruppe,"Essener Geschichte und Örtlichkeit, Platz","Essener Geschichte und Örtlichkeit, Platz",Essener Geschichte und Örtlichkeit,automatisch,eines,,
02445,264,verweis_auf,Porthofplatz,Porthofplatz,,automatisch,eines,,
02452,264,stadium_1,"(urspr., kein Datum) Hedwigstraße","(urspr., kein Datum) Hedwigstraße",1902-05-16 Potsdamer Straße,automatisch,eines,,
02454,264,stadium_2_name,Potthofstraße,Pothofstraße,Pothoffsstraße,automatisch,eines,,
02454,264,stadtteile,Bergerhausen,Bergerhausen,Bergeborbeck,automatisch,eines,,
02461,265,namensgruppe,Flurname,Flurname,"Flurname, urspr.: Deilmannsweg (nicht amtl.)",automatisch,eines,,
02461,265,stadium_1,"(urspr., kein Datum) Deilmannsweg (nicht amtl.)","(urspr., kein Datum) Deilmannsweg (nicht amtli.)",1937-11-20 Priemhauser Weg,automatisch,eines,,
02461,265,stadium_1_name,Deilmannsweg (nicht amtl.),Deilmannsweg (nicht amtli.),Priemhauser Weg,automatisch,eines,,
02462,265,stadtteile,Bredeney,Bredeneey,Bredeney,automatisch,eines,,
02464,266,stadium_1_datum,"(urspr., kein Datum)","(urspr., kein Datum)",urspr.: Am Hafen (nicht normalisierbar),automatisch,eines,,
02464,266,stadium_1_name,Am Hafen,Am Hafen,Prinz-Friedrich-Straße,automatisch,eines,,
02465,266,namensgruppe,"Person, Mann, Deutscher, Prinz, Offizier, Eisenbahnwesen","Person, Mann, Deutscher, Prinz, Offizier, Eisenbahnwesen","Person, Mann, Deutscher, Prinz, Offizier, Eisenbahnen",automatisch,eines,,
02466,266,stadium_1_name,Hochstraße,Hochstraße,Höchststraße,automatisch,eines,,
02472,255,eintrag,Palantweg,Palantweg,,automatisch,eines,,
02473,261,eintrag,Pinxtenweg,Pinxtenweg,,automatisch,eines,,
02474,257,eintrag,Paul-Goerens-Straße,Paul-Goerens-Straße,,unsicher,eines,,
02505,95,lemma,Diestweg,Diestweg,Dienstweg,automatisch,eines,,
02505,95,stadium_1_name,Diestweg,Diestweg,Dienstweg,automatisch,eines,,
02507,222,stadium_2,,,"(urspr., kein Datum) Lier",automatisch,eines,,
02508,285,lemma,Schacht Neu-Cöln,Schacht Neu-Cöln,Schacht Neu-Cölln,unsicher,eines,,
02508,285,namensgruppe,"Bergbau, Neustraße (tlw.)","Bergbau, Neustraße (tlw.)","Bergbau, Neustadt (tlw.)",unsicher,eines,,
02508,285,stadium_1_name,Schacht Neu-Cöln,Schacht Neu-Cöln,Schacht Neu-Cölln,unsicher,eines,,
02510,41,eintrag,Am Reiterhof,Am Reiterhof,,unsicher,eines,,
02510,41,namensgruppe,"Lagebezeichnung, vorm.: Distelbeckhof (tiIw.)",Lagebezeichnung,,unsicher,eines,,
02510,41,stadium_1,1988-06-24 Am Reiterhof,"(urspr., kein Datum) Distelbeckhof (tlw.)",,unsicher,eines,,
02510,41,stadium_1_datum,1988-06-24,vorm. (nicht normalisierbar),,unsicher,eines,,
02512,179,stadium_1,1988-08-23 Imkerweg,"(urspr., kein Datum) Bolsterbaum (tlw.)","(urspr., kein Datum) Imkerweg",geprueft,eines,,
02512,179,stadium_1_datum,1988-08-23,vorm. (nicht normalisierbar),"(urspr., kein Datum)",geprueft,eines,,
02513,40,stadium_1,1988-09-13 Am Mechtenberg,"(urspr., kein Datum) Bonifaciusstraße (tlw.)",1988-09-13 Am Mechtenberg,geprueft,eines,,
02513,40,stadium_1_datum,1988-09-13,vorm. (nicht normalisierbar),1988-09-13,geprueft,eines,,
02515,74,eintrag,Bonsiepen,Bonsiepen,,unsicher,eines,,
02517,152,eintrag,Heinz-Bäcker-Straße,Heinz-Bäcker-Straße,,automatisch,eines,,
02519,108,eintrag,Emma-Grasse-Weg,Emma-Grasse-Weg,,automatisch,eines,,
02521,195,eintrag,Ketteltasches Hof,Ketteltasches Hof,,automatisch,eines,,
02522,56,eintrag,Assmannweg,Assmannweg,,unsicher,eines,,
02522,56,namensgruppe,"Person, Mann, Deutscher, Meteorologe, vorm.: Reckhammerweg (tiw.)","Person, Mann, Deutscher, Meteorologe",,unsicher,eines,,
02522,56,stadium_1,1990-04-24 Assmannweg,"(urspr., kein Datum) Reckhammerweg (tlw.)",,unsicher,eines,,
02522,56,stadium_1_datum,1990-04-24,vorm. (nicht normalisierbar),,unsicher,eines,,
02523,94,eintrag,Diekmannsbusch,Diekmannsbusch,,automatisch,eines,,
02526,271,namensgruppe,"Person, Mann, Deutscher, Geistlicher","Person, Mann, Deutscher, Geistlicher","Gemeindestraße, Str.-Gr.: Person, Mann, Deutscher, Geistlicher, 07. November 1990",automatisch,eines,,
02533,325,namensgruppe,"Industrie und Wirtschaft, Platz","Industrie und Wirtschaft, Platz",Industrie und Wirtschaft,automatisch,eines,,
02536,27,stadium_1,1993-11-09 Albertine-Badenberg-Weg,1993-11-09 Albertine-Badenberg-Weg,"(urspr., kein Datum) Albertine Badenberg",automatisch,eines,,
02536,27,stadium_1_datum,1993-11-09,1993-11-09,29. Dezember 1865 in Essen-Steele (nicht normalisierbar),automatisch,eines,,
02536,27,stadium_2,,,"(urspr., kein Datum)",automatisch,eines,,
02536,27,stadium_2_datum,,,"†20. April 1958 in Essen-Steele, Laurentiusfriedhof Steele (nicht normalisierbar)",automatisch,eines,,
02539,190,stadium_1_name,Kurienplatz,Kurienplatz,Kardinal-Hengsbach-Platz,automatisch,eines,,
02539,190,stadium_2,1994-05-18 Kardinal-Hengsbach-Platz,1994-05-18 Kardinal-Hengsbach-Platz,,automatisch,eines,,
02542,267,stadium_2_name,Kanarienberg (ttw.),Kanarienenberg (tlw.),Kanarienberg (tlw.),unsicher,eines,,
02543,267,namensgruppe,"Person, Mann, Deutscher, Bürgermeister","Person,",Person,automatisch,eines,,
02544,268,eintrag,Raffaelstraße,Raffaelstraße,,automatisch,eines,,
02546,268,eintrag,Rahmannstraße,Rahmannstraße,,automatisch,eines,,
02546,268,stadtteile,Deltwig,Dellwig,,automatisch,eines,,
02547,268,eintrag,Rahmbruchsweg,Rahmbruchsweg,,automatisch,eines,,
02547,268,stadtteile,Stoppen- berg,Stoppenberg,,automatisch,eines,,
02548,268,eintrag,Rahmdörne,Rahmdörne,,automatisch,eines,,
02548,268,namensgruppe,Fiurname,Flurname,,automatisch,eines,,
02548,268,stadium_1_name,Markenstraße,Markensteinstraße,,automatisch,eines,,
02552,268,namensgruppe,"Person, Mann, Deutscher, Kommunalbeamter, Siedlung","Person, Mann, Deutscher, Kommunalbeamter, Siedlung","Person, Mann",automatisch,eines,,
02555,268,namensgruppe,"Person, Mann, Deutscher, Historiker","Person, Mann, Deutscher, Historiker","Person, Mann",geprueft,eines,,
02561,269,lemma,Rauhhölterberg,Rauhölterberg,Rauhholterberg,automatisch,eines,,
02561,269,stadium_1_name,Rauhhölterberg,Rauhölterberg,Rauhholterberg,automatisch,eines,,
02563,269,stadtteile,Bredeney,Bredeneey,Bredeney,automatisch,eines,,
02565,270,stadtteile,Bredeney,Bredenei,Bredeney,automatisch,eines,,
02565,270,verweis_auf,Baumblüte,Baumbüte,,automatisch,eines,,
02567,270,stadium_1_name,Rechtsstraße,Rechtstraße,Rechtsstraße,automatisch,eines,,
02568,270,stadium_2,1868-01-17 Hammerstraße,1868-01-17 Parallelstraße,1915-07-09 Hammerstraße (Verl.),unsicher,eines,,
02568,270,verweis_auf,Walkmühlenstraße,Walkmühlenstraße,,unsicher,eines,,
02569,270,stadtteile,Bredeney,Bredenei,Bredeney,automatisch,eines,,
02571,270,namensgruppe,"Person, Mann, Deutscher, Maschinenbauingenieur","Person, Mann, Deutscher, Maschinenbauingenieur","Person, Mann",automatisch,eines,,
02571,270,stadtteile,Bredeney,Bredenei,Bredeney,automatisch,eines,,
02574,271,eintrag,Rehmanns Hof,Rehmanns Hof,,automatisch,eines,,
02574,271,namensgruppe,,Hofname,,automatisch,eines,,
02575,271,eintrag,Rehstraße,Rehstraße,,automatisch,eines,,
02576,271,eintrag,Reibenkamp,Reibenkamp,,automatisch,eines,,
02577,271,eintrag,Reickskamp,Reickskamp,,automatisch,eines,,
02578,271,namensgruppe,Zoologie,Zoologie,"Gemeindestraße, Str.-Gr.: Zoologie, 13.",automatisch,eines,,
02578,271,stadium_1_datum,1953-10-13,1953-10-13,1953-10-16,automatisch,eines,,
02579,271,namensgruppe,Stadt und Ort,Stadt und Ort,"(Fließtext, 318 Zeichen, verworfen)",automatisch,eines,,
02579,271,stadium_4,1904-02-04 Steinstraße,1904-02-04 Steinstraße,1908-06-05 Rellinghauser Straße (Huttrop),automatisch,eines,,
02579,271,stadtteile,Südviertel; Rüttenscheid; Huttrop; Bergerhausen; Rellinghausen,Südviertel; Rüttenscheid; Huttrop; Bergerhausen; Rellinghausen,Südviertel; Rüttenscheid; Huttrop; Bergeborbeck; Rellinghausen,automatisch,eines,,
02580,271,namensgruppe,"Person, Mann, Niederländer, Maler, Malerviertel-Holsterhausen","Person, Mann, Niederländer, Maler, Malerviertel-Holsterhausen","(Fließtext, 122 Zeichen, verworfen)",automatisch,eines,,
02581,272,eintrag,Renatastraße,Renatastraße,,automatisch,eines,,
02582,272,eintrag,Rengsdorfer Heim,Rengsdorfer Heim,,automatisch,eines,,
02583,272,eintrag,Renteilichtung,Renteilichtung,,automatisch,eines,,
02584,272,eintrag,Renzelweg,Renzelweg,,automatisch,eines,,
02585,272,eintrag,Resedapfad,Resedapfad,,automatisch,eines,,
02586,272,eintrag,Residenzaue,Residenzaue,,automatisch,eines,,
02587,272,namensgruppe,Flurname,Flurname,Str.-Gr.: Flurname,automatisch,eines,,
02587,272,stadium_1_datum,1891-04-30,1891-04-30,1895-11-28,automatisch,eines,,
02587,272,stadium_2_datum,1895-11-28,1895-11-28,1915-07-09,automatisch,eines,,
02587,272,stadium_3,1915-07-09 Reuenberg,1915-07-09 Reuenberg,,automatisch,eines,,
02588,272,namensgruppe,Hofname,Hofname,Str.-Gr.: Hofname,automatisch,eines,,
02588,272,stadium_1,"(urspr., kein Datum) Steinacker","(urspr., kein Datum) Steinacker",1939-05-26 Reulsbergweg,automatisch,eines,,
02589,272,namensgruppe,Bergbau,Bergbau,Str.-Gr.: Bergbau,automatisch,eines,,
02589,272,stadium_1,1899 A-Straße,1899 A-Straße,1937-11-20 Rheinelbeweg,automatisch,eines,,
02590,273,namensgruppe,"Essener Geschichte und Örtlichkeit, Platz","Essener Geschichte und Örtlichkeit, Platz",Platz,automatisch,eines,,
02591,272,namensgruppe,Essener Geschichte und Örtlichkeit,Essener,Str.-Gr.: Essener Straße,automatisch,eines,,
02593,273,namensgruppe,"Person, Mann, Deutscher, Lehrer, Stadtarchivar, Historiker, Essener Geschichte und Örtlichkeit","Person, Mann, Deutscher, Lehrer, Stadtarchivar, Historiker, Essener Geschichte und Örtlichkeit","Person, Mann, Deutscher, Lehrer, Stadtarchivar, Historiker",automatisch,eines,,
02593,273,stadium_2_name,Augustastraße,Augustastrasse,Augustastraße,automatisch,eines,,
02595,273,stadium_1,"(urspr., kein Datum) M-Straße","(urspr., kein Datum) M-Straße",1902-05-16 Richterstraße,automatisch,eines,,
02597,273,stadium_1,1900 Wilhelmstraße,1900 Wilhelmstraße,1935-11-14 Riddershofstraße,automatisch,eines,,
02599,274,stadium_2_name,Kaldekirche (tlw.),Kaldekirche (tlw.),Kaldekirch(e) (tlw.),unsicher,eines,,
02600,274,namensgruppe,"Person, Mann, Deutscher, Journalist, Novellist, Kulturhistoriker","Person, Mann, Deutscher, Journalist, Novellist, Kulturhistoriker","Person, Mann",unsicher,eines,,
02600,274,stadium_1_name,Schultepäskenstraße,Schultepäkenstraße,Riehlstraße,unsicher,eines,,
02602,274,namensgruppe,"Person, Mann, Deutscher, Mathematiker","Person, Mann, Deutscher, Mathematiker","Person, Mann",automatisch,eines,,
02602,274,stadium_2,,,"(urspr., kein Datum) Schultepäske(n)straße",automatisch,eines,,
02607,275,namensgruppe,Lehngut,Lehngut,Lehnsgut,automatisch,eines,,
02609,275,stadium_1_datum,"(urspr., kein Datum)","(urspr., kein Datum)",urspr.: Herwartstraße (nicht normalisierbar),automatisch,eines,,
02609,275,stadium_2_name,Rubensstraße (tlw.),Rubensstraße (tlw.),Rubensstraße,automatisch,eines,,
02609,275,stadium_3,1932-06-13 Robert-Koch-Straße,1932-06-13 Robert-Koch-Straße,"(urspr., kein Datum) Robert-Koch-Straße",automatisch,eines,,
02609,275,stadium_3_datum,1932-06-13,1932-06-13,tlw. (nicht normalisierbar),automatisch,eines,,
02610,275,stadium_1_name,Wallotstraße (tlw.),Wallotstraße (tlw.),Wallotstraße,automatisch,eines,,
02610,275,stadium_1_urspruenglich,falsch,falsch,wahr,automatisch,eines,,
02610,275,stadium_2,1930-03-20 Robert-Schmidt-Straße,1930-03-20 Robert-Schmidt-Straße,"(urspr., kein Datum) Robert-Schmidt-Straße",automatisch,eines,,
02610,275,stadium_2_datum,1930-03-20,1930-03-20,tlw. (nicht normalisierbar),automatisch,eines,,
02613,276,eintrag,Rodberger Straße,Rodberger Straße,,automatisch,eines,,
02614,276,eintrag,Rodemannskamp,Rodemannskamp,,automatisch,eines,,
02615,276,eintrag,Rodemannstraße,Rodemannstraße,,automatisch,eines,,
02616,276,eintrag,Rodenseelstraße,Rodenseelstraße,,automatisch,eines,,
02618,276,lemma,Röhrkestraße,Rörkestraße,Röhrkestraße,automatisch,eines,,
02618,276,stadium_1_name,Röhrkestraße,Rörkestraße,Röhrkestraße,automatisch,eines,,
02619,276,namensgruppe,"Person, Mann, Deutscher, Politiker","Person, Mann, Deutscher, Politiker","Person, Mann, Deutscher",automatisch,eines,,
02620,276,namensgruppe,"Person, Mann, Deutscher, Physiker, Platz","Person, Mann, Deutscher, Physiker, Platz","Person, Mann, Deutscher, Physiker",automatisch,eines,,
02620,276,stadium_1_datum,"(urspr., kein Datum)","(urspr., kein Datum)",1902-05-16,automatisch,eines,,
02620,276,stadium_1_name,Emmanuelplatz,Emmanuellplatz,Emmanuelplatz,automatisch,eines,,
02620,276,stadium_1_urspruenglich,wahr,wahr,falsch,automatisch,eines,,
02620,276,stadium_2_datum,1902-05-16,1902-05-16,"(urspr., kein Datum)",automatisch,eines,,
02621,276,stadium_1_datum,"(urspr., kein Datum)","(urspr., kein Datum)",1902-05-16,unsicher,eines,,
02621,276,stadium_1_urspruenglich,wahr,wahr,falsch,unsicher,eines,,
02621,276,stadium_2_datum,1902-05-16,1902-05-16,1933-08-14,unsicher,eines,,
02621,276,stadium_2_name,Röntgenstraße,Röntgenstraße,Marschalstraße (tlw. Umb.),unsicher,eines,,
02621,276,stadium_3,1933-08-14 Marschallstraße (tlw.),1933-08-14 Marschallstraße (tlw. Umb.),1946-10-09 Röntgenstraße (Umb.),unsicher,eines,,
02621,276,stadium_3_name,Marschallstraße (tlw.),Marschallstraße (tlw. Umb.),Röntgenstraße (Umb.),unsicher,eines,,
02621,276,verweis_auf,Röntgenplatz,Röntgenplatz,,unsicher,eines,,
02623,276,verweis_auf,Rötterhoverbaum,Rötterhoverbaum,,automatisch,eines,,
02624,276,verweis_auf,,,Rötterhoverbaum,automatisch,eines,,
02625,277,stadtteile,Altenessen-Nord,Altenessen-Nord,Altensessen-Nord,automatisch,eines,,
02627,277,stadium_2,,,"(urspr., kein Datum) Rodeland",automatisch,eines,,
02633,278,namensgruppe,Familienname,Familienname,"Familienname, urspr.: Turmstraße",geprueft,eines,,
02633,278,stadium_1_name,Turmstraße,Turmstraße,urspr.: Turmstraße,geprueft,eines,,
02633,278,stadium_2_datum,"(urspr., kein Datum)","(urspr., kein Datum)",1926-06-01,geprueft,eines,,
02633,278,stadium_2_name,Stadtgartenstraße,Stadtgartenstraße,Rosestraße,geprueft,eines,,
02633,278,stadium_2_urspruenglich,wahr,wahr,falsch,geprueft,eines,,
02633,278,stadium_3,1926-06-01 Am Stadtgarten,1926-06-01 Am Stadtgarten,1928-02-28 Rosestraße,geprueft,eines,,
02634,278,namensgruppe,Lehngut,Lehngut,"Lehengut, urspr.: Roßkothen",automatisch,eines,,
02636,279,stadium_1_datum,"(urspr., kein Datum)","(urspr., kein Datum)",urspr.: Schleusenstraße (nicht normalisierbar),automatisch,eines,,
02636,279,stadium_1_name,Schleusenstraße,Schleusenstraße,Rotemühle,automatisch,eines,,
02639,279,lemma,Rotthauser Straße,Rotthausener Straße,Rotthauser Straße,automatisch,eines,,
02639,279,stadium_2_name,Krayer Straße,Krayener Straße,Krayer Straße,automatisch,eines,,
02639,279,stadium_3_name,Rotthauser Straße,Rotthausener Straße,Rotthauser Straße,automatisch,eines,,
02640,279,stadium_2_datum,1935-05-08,1935-05-08,Mai 1935 (nicht normalisierbar),automatisch,eines,,
02640,279,verweis_auf,Brandstraße,Brandstraße,,automatisch,eines,,
02641,279,namensgruppe,"Person, Mann, Flämischer Maler, Malerviertel-Holsterhausen","Person, Mann, Flämischer Maler, Malerviertel-Holsterhausen","Person, Mann, Flämischer Maler",automatisch,eines,,
02641,279,stadium_1_datum,"(urspr., kein Datum)","(urspr., kein Datum)",urspr.: Herwartstraße (nicht normalisierbar),automatisch,eines,,
02641,279,stadium_1_name,Herwartstraße (tlw.),Herwartstraße (tlw.),Rubensstraße,automatisch,eines,,
02643,280,eintrag,Rübezahlstraße,Rübezahlstraße,,automatisch,eines,,
02644,280,eintrag,Rüdesheimer Platz,Rüdesheimer Platz,,automatisch,eines,,
02645,280,eintrag,Rüdesheimer Straße,Rüdesheimer Straße,,automatisch,eines,,
02646,280,eintrag,Rüggenhofer Weg,Rüggenhofener Weg,,automatisch,eines,,
02646,280,lemma,Rüggenhofer Weg,Rüggenhofener Weg,,automatisch,eines,,
02646,280,stadium_2_name,Rüggenhofer Weg,Rüggenhofener Weg,,automatisch,eines,,
02647,280,eintrag,Rüggenkamp,Rüggenkamp,,automatisch,eines,,
02648,280,eintrag,Rühlestraße,Rühlestraße,,automatisch,eines,,
02649,280,eintrag,Rüpingsweg,Rüpingsweg,,automatisch,eines,,
02650,280,stadium_2,,,"(urspr., kein Datum) Heinrich Rürup",geprueft,eines,,
02650,280,stadium_2_datum,,,"11. Juni 1876 in Unna, †17. September 1954 in Essen (nicht normalisierbar)",geprueft,eines,,
02651,280,lemma,Rüscherie,Rüscherie,Rüscherei,automatisch,eines,,
02651,280,stadium_2_name,Rüscherie,Rüscherie,Rüscherei,automatisch,eines,,
02651,280,stadium_3,,,"(urspr., kein Datum) Name eines Kottens",automatisch,eines,,
02652,280,stadium_2,,,"(urspr., kein Datum) Nach dem in den fürstlich-essendischen Oberhof Ehrenzell gehörenden Behandigungsgut Rüsel",automatisch,eines,,
02653,280,stadium_4,,,"(urspr., kein Datum) Name einer Gemeinheit",automatisch,eines,,
02654,280,stadtteile,Bredeney,Bredenei,Bredeney,automatisch,eines,,
02656,281,namensgruppe,Bauerschaft,Bauerschaft,"Bauerschaft, urspr.: Kettwiger Chaussee (Essen), urspr.: Kettwiger Chaussee (Rüttenscheid)",unsicher,eines,,
02656,281,stadium_1,"(urspr., kein Datum) Kettwiger Chaussee (Essen)","(urspr., kein Datum) Kettwiger Chaussee (Essen)",1897-09-06 Essener Straße,unsicher,eines,,
02656,281,stadium_2,"(urspr., kein Datum) Kettwiger Chaussee (Rüttenscheid)","(urspr., kein Datum) Kettwiger Chaussee (Rüttenscheid)",1906-01-26 Rüttenscheider Straße,unsicher,eines,,
02657,281,namensgruppe,"Person, Mann, Deutscher, Betriebsführer, Kruppscher Beamter, Siedlung, Platz","Person, Mann, Deutscher, Betriebsführer, Kruppscher Beamter, Siedlung, Platz","Person, Mann, Deutscher, Betriebsführer, Kruppsches Beamter, Siedlung, Platz",automatisch,eines,,
02658,281,stadium_1_name,Alleestraße,Alleestraße,Alleeestraße,automatisch,eines,,
02658,281,strassenklasse,Bundesstraße; Hauptstraße,Bundesstraße; Hauptstraße,Bundesstraße,automatisch,eines,,
02662,282,eintrag,Ruhrglasstraße,Ruhrglasstraße,,automatisch,eines,,
02663,282,eintrag,Ruhrland,Ruhrland,,automatisch,eines,,
02664,134,eintrag,Grendtor,Grendtor,,automatisch,eines,,
02665,282,stadium_2_name,Werdener Straße,Werderer Straße,Werdener Straße,automatisch,eines,,
02665,282,stadium_2_urspruenglich,wahr,wahr,falsch,automatisch,eines,,
02667,282,stadium_1_datum,1953-03-03,,03. März (nicht normalisierbar),automatisch,eines,,
02669,283,verweis_auf,,I. Ruschenfeld,,geprueft,eines,,
02670,283,verweis_auf,,I. Ruschenfeld,,geprueft,eines,,
02671,283,stadtteile,Bredeney,Bredeneey,Bredeney,automatisch,eines,,
02672,283,lemma,Ruthertal,Ruthertal,Ruthental,automatisch,eines,,
02672,283,stadium_1_name,Ruthertal,Ruthertal,Ruthental,automatisch,eines,,
02672,283,stadium_2_name,Ruthertal (Verl.),Ruthertal (Verl.),Ruthental (Verl.),automatisch,eines,,
02673,283,namensgruppe,Flurname,Flurname,"Hof-, Bach- und Flurname",automatisch,eines,,
02676,273,verweis_auf,Riddershofstraße,Riddershofstraße,,automatisch,eines,,
02677,271,namensgruppe,"Person, Mann, Deutscher, Minnesänger","Person, Mann, Deutscher, Minnesänger","Gemeindestraße, Str.-Gr.: Person, Mann, Deutscher, Minnesänger, 08. Juni 1960",automatisch,eines,,
02678,272,namensgruppe,"Person, Mann, Deutscher, Minnesänger","Person, Mann, Deutscher, Minnesänger","Str.-Gr.: Person, Mann, Deutscher, Minnesänger",automatisch,eines,,
02679,270,verweis_auf,Rebenranke,Rebenranke,,automatisch,eines,,
02682,280,eintrag,Rüenkermesweg,Rüenkermesweg,,automatisch,eines,,
02683,269,stadtteile,Bedingrade,Bedingrade,Bediengrade,automatisch,eines,,
02685,275,lemma,Robert-Feulgen-Straße,Robert-Feulgen-Straße,Robert-Faulgen-Straße,automatisch,eines,,
02685,275,stadium_1_name,Spindelgang (tlw.),Spindelgang (tlw.),Spindelgang,automatisch,eines,,
02685,275,stadium_1_urspruenglich,falsch,falsch,wahr,automatisch,eines,,
02685,275,stadium_2_datum,1972-05-17,1972-05-17,tlw. (nicht normalisierbar),automatisch,eines,,
02685,275,stadium_2_name,Robert-Feulgen-Straße,Robert-Feulgen-Straße,Robert-Faulgen-Straße,automatisch,eines,,
02685,275,stadium_3,,,1972-05-17 Robert-Faulgen-Straße,automatisch,eines,,
02689,268,eintrag,Raffelberger Straße,Raffelberger Straße,,automatisch,eines,,
02710,283,namensgruppe,Hofname,Hofname,"Hofname, vor 1899: Saal",geprueft,eines,,
02712,283,stadium_1_datum,1898-03-11,1898-03-11,1899-03-11,automatisch,eines,,
02714,283,verweis_auf,Saarplatz,Saarplatz,,automatisch,eines,,
02716,284,lemma,Sabinastraße,Sabinistraße,Sabinastraße,automatisch,eines,,
02716,284,stadium_2_datum,1910-09-16,1910-09-16,tlw. (nicht normalisierbar),automatisch,eines,,
02716,284,stadium_2_name,Töpferstraße (tlw.),Töpferstraße (tlw.),,automatisch,eines,,
02716,284,stadium_3_name,Sabinastraße,Sabinistraße,Sabinastraße,automatisch,eines,,
02717,284,stadium_1_name,Kurzestraße,Kurzestraße,Kurzerstraße,automatisch,eines,,
02717,284,stadium_2_name,Beckmannstraße (tlw.),Beckmannstraße (tlw.),Beckmannstraße,automatisch,eines,,
02717,284,stadium_3,1919-04-01 Mecklenbecksweg,1919-04-01 Mecklenbecks- weg,"(urspr., kein Datum)",automatisch,eines,,
02717,284,stadium_3_datum,1919-04-01,1919-04-01,tlw. (nicht normalisierbar),automatisch,eines,,
02717,284,stadium_3_name,Mecklenbecksweg,Mecklenbecks- weg,,automatisch,eines,,
02717,284,stadium_4_name,Renzelstraße,Renzelstraße,Meckenbeckerweg,automatisch,eines,,
02717,284,stadium_5_name,Sachsenring,Sachsenring,Renzelstraße,automatisch,eines,,
02717,284,stadium_6_name,General-von-Watter-Straße (Umb.),General-von-Watter-Straße (Umb.),General-von-Watter-Straße,automatisch,eines,,
02717,284,stadium_7_datum,1946-05-22,1946-05-22,Umb. (nicht normalisierbar),automatisch,eines,,
02717,284,stadium_7_name,Sachsenring (Umb.),Sachsenring (Umb.),,automatisch,eines,,
02717,284,stadium_8,,,1946-05-22 Sachsenring,automatisch,eines,,
02717,284,stadium_9_datum,,,Umb. (nicht normalisierbar),automatisch,eines,,
02719,284,stadium_3_name,Sälzerstraße (Verl.),Sälzerstraße (Verl.),Sälzerstraße,automatisch,eines,,
02719,284,stadium_4,,,"(urspr., kein Datum)",automatisch,eines,,
02719,284,stadium_4_datum,,,Verl. (nicht normalisierbar),automatisch,eines,,
02723,284,stadium_1_name,H-Straße (tlw.),H-Straße (tlw.),H-Straße,automatisch,eines,,
02723,284,stadium_2,1937-11-20 Sammelband,1937-11-20 Sammelband,"(urspr., kein Datum)",automatisch,eines,,
02723,284,stadium_2_datum,1937-11-20,1937-11-20,tlw. (nicht normalisierbar),automatisch,eines,,
02723,284,verweis_auf,,,Beekerwerth,automatisch,eines,,
02725,284,verweis_auf,Bruktererhang,Bruktererhang,,automatisch,eines,,
02726,285,eintrag,Sandstraße,Sandstraße,,automatisch,eines,,
02727,309,lemma,St. Annental,St. Annetal,St. Annental,automatisch,eines,,
02727,309,namensgruppe,Kirche und Kloster,Kirche und Kloster,,automatisch,eines,,
02727,309,stadium_2_name,Walpurgisstraße (tlw.),Walpurgisstraße (tlw.),Walburgisstraße (tlw.),automatisch,eines,,
02727,309,stadium_3_name,St. Annental,St. Annetal,St. Annental,automatisch,eines,,
02727,309,stadtteile,Bergerhausen; Rellinghausen,Bergerhausen; Rellinghausen,Bergebausen; Rellinghausen,automatisch,eines,,
02728,309,namensgruppe,Stadt und Ort,Stadt und Ort,"Stadt und Ort, etwa 1921: Neikenstraße",automatisch,eines,,
02728,309,stadium_1,1921 Nelkenstraße,1921 Nelkenstraße,1935-11-14 St.-Ingbert-Höhe,automatisch,eines,,
02728,309,verweis_auf,Merziger Aue,Merziger Aue,,automatisch,eines,,
02729,285,eintrag,Sarnsbank,Sarnsbank,,automatisch,eines,,
02730,285,stadium_1_datum,"(urspr., kein Datum)","(urspr., kein Datum)",1928-02-27,automatisch,eines,,
02730,285,stadium_1_name,Heisinger Straße,Heisinger Straße,Sartoriusstraße,automatisch,eines,,
02730,285,stadium_1_urspruenglich,wahr,wahr,falsch,automatisch,eines,,
02731,285,stadium_3,,,1755-01-11 Cornelius Savels (Beda),automatisch,eines,,
02731,285,verweis_auf,Bedastraße,Bedastraße,,automatisch,eines,,
02732,285,stadium_1_datum,"(urspr., kein Datum)","(urspr., kein Datum)",1902-05-16,automatisch,eines,,
02732,285,stadium_2_datum,1902-05-16,1902-05-16,Savignystraße (nicht normalisierbar),automatisch,eines,,
02732,285,stadium_2_name,Savignystraße,Savignystraße,Friedrich Carl von Savigny,automatisch,eines,,
02732,285,stadium_3,,,1779-02-21 21. Februar 1779,automatisch,eines,,
02738,286,stadtteile,Steele,Steele,Stadtteil Steele,automatisch,eines,,
02739,286,lemma,Schaffelhofer Weg,Schaffelhofener Weg,Schafelholer Weg,geprueft,eines,,
02739,286,namensgruppe,Kotten,Kotten,"Kotten, urspr.: Rahmannsweg",geprueft,eines,,
02739,286,stadium_1_datum,"(urspr., kein Datum)","(urspr., kein Datum)",1937-11-20,geprueft,eines,,
02739,286,stadium_1_name,Rahmannsweg,Rahmannsweg,Schafelholer Weg,geprueft,eines,,
02739,286,stadium_1_urspruenglich,wahr,wahr,falsch,geprueft,eines,,
02739,286,stadium_2,1937-11-20 Schaffelhofer Weg,1937-11-20 Schaffelhofener Weg,,geprueft,eines,,
02739,286,stadium_2_name,Schaffelhofer Weg,Schaffelhofener Weg,,geprueft,eines,,
02740,286,lemma,Schafskanzel,Schafskanzel,Schaffskanzel,automatisch,eines,,
02740,286,stadium_1_name,Schafskanzel,Schafskanzel,Schaffskanzel,automatisch,eines,,
02742,286,namensgruppe,"Person, Mann, Deutscher, Lehrer","Person, Mann, Deutscher, Lehrer","Person, Mann, Deutscher, Lehrer, etwa 1903: Marktstraße, etwa 1903: Schulstraße",automatisch,eines,,
02742,286,stadium_1,1903 Marktstraße,1903 Marktstraße,1919-10-19 Hagmannstraße,automatisch,eines,,
02742,286,stadium_2,1903 Schulstraße,1903 Schulstraße,1934-06-05 Schangstraße,automatisch,eines,,
02744,286,lemma,Scharnhorststraße,Scharnhorststraße,Scharhorststraße,automatisch,eines,,
02744,286,stadium_1_name,Scharnhorststraße,Scharnhorststraße,Scharhorststraße,automatisch,eines,,
02750,287,namensgruppe,Flurname,Flurname,"Flurname, urspr.:",automatisch,eines,,
02750,287,stadium_1_name,Bredde,Bredde,Scheebredde,automatisch,eines,,
02750,287,stadium_2,1937-11-20 Scheebredde,1937-11-20 Scheebredde,,automatisch,eines,,
02751,287,lemma,Scheidtmanntor,Scheidtmanntor,Scheidmannstor,automatisch,eines,,
02751,287,stadium_3_name,Scheidtmanntor,Scheidtmanntor,Scheidmannstor,automatisch,eines,,
02752,287,lemma,Scheidtstraße,Scheidtstraße,Scheidstraße,automatisch,eines,,
02754,288,stadium_1_name,Schloßstraße,Schloßstraße,Schlossstraße,automatisch,eines,,
02756,288,stadium_3_name,Schemmannsfeld,Schemmannsfeld,,automatisch,eines,,
02757,288,lemma,Scheppener Weg,Schepener Weg,Scheppener Weg,automatisch,eines,,
02758,289,lemma,Scheppmannskamp,Scheppmannskamp,Schepmannskamp,automatisch,eines,,
02758,289,stadium_2_name,Scheppmannskamp,Scheppmannskamp,Schepmannskamp,automatisch,eines,,
02760,289,verweis_auf,,II. Schichtstraße,,geprueft,eines,,
02761,289,verweis_auf,,I. Schichtstraße,,geprueft,eines,,
02766,68,stadium_3,,,"1898-02-10 Bertolt Brecht (auch Bert Brecht, gebürtig Eugen Berthold Friedrich Brecht)",automatisch,eines,,
02769,290,namensgruppe,Gewässer,Gewässer,"Gewässer, urspr. Eigertstraße",unsicher,eines,,
02769,290,stadium_1,"(urspr., kein Datum) Eibergstraße","(urspr., kein Datum) Eibergstraße",1913-08-28 Beckmannstraße,unsicher,eines,,
02770,290,stadtteile,Vogelheim; Altenessen-Süd,Vogelheim; Altenessen-Süd,Vogelheim; Altensen,automatisch,eines,,
02777,291,namensgruppe,Lagebezeichnung,Lagebezeichnung,"Lagebezeichnung, urspr.: Am Heidberg",automatisch,eines,,
02777,291,stadium_1,"(urspr., kein Datum) Am Heidberg","(urspr., kein Datum) Am Heidberg",1908-01-03 Schliepersberg,automatisch,eines,,
02780,291,lemma,Schloßaue,Schloßbaue,Schloßaue,automatisch,eines,,
02780,291,stadium_1_name,Schloßaue,Schloßbaue,Schloßaue,automatisch,eines,,
02784,292,stadtteile,Borbeck-Mitte,Borbeck-Mitte,Borbek-Mitte,automatisch,eines,,
02786,292,namensgruppe,"Person, Mann, Deutscher, Architekt, Bildhauer","Person, Mann, Deutscher, Architekt, Bildhauer","Person, Mann, Deutsch",automatisch,eines,,
02788,292,eintrag,Schmale Straße,Schmale Straße,,automatisch,eines,,
02790,292,eintrag,Schmemannstraße,Schmemannstraße,,automatisch,eines,,
02791,293,stadium_2,,,1824-10-15 Schmettau,geprueft,eines,,
02794,293,namensgruppe,"Person, Mann, Deutscher, Pfarrer","Person, Mann, Deutscher, Pfarrer","Person, Mann, Deutscher, Pfarrer, urspr.: Kirchstraße",automatisch,eines,,
02794,293,stadium_1_datum,"(urspr., kein Datum)","(urspr., kein Datum)",1902-05-16,automatisch,eines,,
02794,293,stadium_1_name,Kirchstraße,Kirchstraße,Schmitzstraße,automatisch,eines,,
02794,293,stadium_1_urspruenglich,wahr,wahr,falsch,automatisch,eines,,
02795,293,lemma,Schniedtkamp,Schniedtkamp,Schneidtkamp,automatisch,eines,,
02795,293,stadium_2_name,Schniedtkamp,Schniedtkamp,Schneidtkamp,automatisch,eines,,
02795,293,stadium_3,,,"(urspr., kein Datum) Schneidtkamp",automatisch,eines,,
02796,293,namensgruppe,Kotten,Kotten,"Kotten, urspr.: Weißenburger Straße",geprueft,eines,,
02796,293,stadium_1_datum,"(urspr., kein Datum)","(urspr., kein Datum)",1915-07-09,geprueft,eines,,
02796,293,stadium_1_name,Weißenburger Straße,Weißenburger Straße,I. Schnieringstraße,geprueft,eines,,
02796,293,stadium_1_urspruenglich,wahr,wahr,falsch,geprueft,eines,,
02796,293,stadium_2,1915-07-09 1. Schnieringstraße,1915-07-09 I. Schnieringstraße,1957-12-12 I. Schnieringstraße (Verl.),geprueft,eines,,
02796,293,stadium_2_name,1. Schnieringstraße,I. Schnieringstraße,I. Schnieringstraße (Verl.),geprueft,eines,,
02796,293,stadtteile,Altenessen-Nord,Altenessen-Nord,Altensessen-Nord,geprueft,eines,,
02797,293,namensgruppe,Kotten,Kotten,"Kotten, urspr.: Straßburger Straße",geprueft,eines,,
02797,293,stadium_1_datum,"(urspr., kein Datum)","(urspr., kein Datum)",1915-07-09,geprueft,eines,,
02797,293,stadium_1_name,Straßburger Straße,Straßburger Straße,II. Schnieringstraße,geprueft,eines,,
02797,293,stadium_1_urspruenglich,wahr,wahr,falsch,geprueft,eines,,
02797,293,stadium_2,1915-07-09 Il,1915-07-09 II. Schnieringstraße,,geprueft,eines,,
02797,293,stadium_2_name,Il,II. Schnieringstraße,,geprueft,eines,,
02797,293,stadtteile,Altenessen-Nord,Altenessen-Nord,Altensessen-Nord,geprueft,eines,,
02802,294,lemma,Schnutenhausstraße,Schnuttenhausstraße,Schnutenhausstraße,automatisch,eines,,
02802,294,stadium_1_name,Schnutenhausstraße,Schnuttenhausstraße,Schnutenhausstraße,automatisch,eines,,
02806,288,eintrag,Schellingweg,Schellingweg,,automatisch,eines,,
02807,295,lemma,Schöllerskampstraße,Schölerskampstraße,Schöllerskampstraße,automatisch,eines,,
02807,295,stadium_1_name,Schöllerskampstraße,Schölerskampstraße,Schöllerskamp,automatisch,eines,,
02807,295,stadium_2_datum,"(urspr., kein Datum)","(urspr., kein Datum)",1929-07-12,automatisch,eines,,
02807,295,stadium_2_name,Hochstraße (tlw.),Hochstraße (tlw.),Schöllerskampstraße (tlw.),automatisch,eines,,
02807,295,stadium_2_urspruenglich,wahr,wahr,falsch,automatisch,eines,,
02807,295,stadium_3,1929-07-12 Schöllerskampstraße (Verl.),1929-07-12 Schölerskampstraße (Verl.),,automatisch,eines,,
02807,295,stadium_3_name,Schöllerskampstraße (Verl.),Schölerskampstraße (Verl.),,automatisch,eines,,
02808,295,namensgruppe,"Person, Mann, Deutscher, Adelstand, Oberbergamtsdirektor","Person, Mann, Deutscher, Adelstand, Oberbergsamtsdirektor","Person, Mann, Deutscher, Adelstand, Oberbergamtsdirektor",automatisch,eines,,
02808,295,stadium_1,"(urspr., kein Datum) Rullichstraße","(urspr., kein Datum) Rullichstraße",1902-05-16 Schönaichstraße,automatisch,eines,,
02810,295,lemma,Schöngelegen,Schöngelegen,Schöngelgen,automatisch,eines,,
02810,295,stadium_1_name,Schöngelegen,Schöngelegen,Schöngelgen,automatisch,eines,,
02812,295,lemma,Schönscheidts Hof,Schönscheids Hof,Schönscheidts Hof,automatisch,eines,,
02813,296,stadium_1_datum,"(urspr., kein Datum)","(urspr., kein Datum)",urspr.: Äbtissinstraße (nicht normalisierbar),automatisch,eines,,
02813,296,stadium_2_datum,"(urspr., kein Datum)","(urspr., kein Datum)",urspr.: Moltkestraße (nicht normalisierbar),automatisch,eines,,
02813,296,stadium_3_datum,"(urspr., kein Datum)","(urspr., kein Datum)",urspr.: Am Krottenberg (tlw.) (nicht normalisierbar),automatisch,eines,,
02813,296,stadium_3_name,Am Knottenberg (tlw.),Am Knottenberg (tlw.),Am Krottenberg,automatisch,eines,,
02813,296,stadium_4,1929-07-12 Am Knottenberg,1929-07-12 Am Knottenberg,1929-07-12 Schönscheidtstraße,automatisch,eines,,
02813,296,verweis_auf,Schönscheidts Hof,Schönscheidts Hof,,automatisch,eines,,
02815,296,namensgruppe,"Person, Mann, Deutscher, Maler, Kupferstecher, Malerviertel-Holsterhausen","Person, Mann, Deutscher, Maler, Kupferstecher, Malerviertel-Holsterhausen","Person, Mann, Deutscher, Maler, Kupferstecher, Malerierviertel-Holsterhausen",automatisch,eines,,
02815,296,stadium_1_datum,"(urspr., kein Datum)","(urspr., kein Datum)",urspr.: Neue Rolandstraße (nicht normalisierbar),automatisch,eines,,
02817,296,stadium_1_name,Bernestraße,Bernestraße,Berenstraße,automatisch,eines,,
02821,296,namensgruppe,"Person, Mann, Deutscher, Prokurist, Kruppscher Beamter","Person, Mann, Deutscher, Prokurist, Kruppscher Beamter","Person, Mann, Deutscher, Prokurist, Kruppschüler, Beamter",unsicher,eines,,
02823,297,stadium_2,,,"(urspr., kein Datum) Mutterrolle",automatisch,eines,,
02823,297,stadium_3,,,1826 Heinrich Schroer,automatisch,eines,,
02824,297,stadium_2,,,1797-01-31 Franz Peter Schubert,automatisch,eines,,
02824,297,stadium_3,,,"(urspr., kein Datum) Wien",automatisch,eines,,
02824,297,stadium_3_datum,,,+19. November 1828 (nicht normalisierbar),automatisch,eines,,
02825,297,stadium_3,,,1831-04-02 Johann Wilhelm Schürenberg,automatisch,eines,,
02825,297,stadium_4,,,"(urspr., kein Datum) Essen",automatisch,eines,,
02825,297,stadium_4_datum,,,+10. Oktober 1894 (nicht normalisierbar),automatisch,eines,,
02828,297,lemma,Schützdellerweg,Schützdellerweg,Schütdellerweg,automatisch,eines,,
02828,297,namensgruppe,Kotten,Kotten,"Kotten, urspr.: Düppelsstraße",automatisch,eines,,
02828,297,stadium_1_datum,"(urspr., kein Datum)","(urspr., kein Datum)",1937-11-20,automatisch,eines,,
02828,297,stadium_1_name,Düppelstraße,Düppelstraße,Schütdellerweg,automatisch,eines,,
02828,297,stadium_1_urspruenglich,wahr,wahr,falsch,automatisch,eines,,
02828,297,stadium_2_datum,1937-11-20,1937-11-20,"(urspr., kein Datum)",automatisch,eines,,
02828,297,stadium_2_name,Schützdellerweg,Schützdellerweg,Kotten Schütdeller,automatisch,eines,,
02828,297,stadium_2_urspruenglich,falsch,falsch,wahr,automatisch,eines,,
02828,297,stadium_3,,,"(urspr., kein Datum) Dienstmanns-Lehnsrechten",automatisch,eines,,
02828,297,stadium_4,,,1798-05-30 Heinrich Schütdeller,automatisch,eines,,
02828,297,stadium_5,,,"(urspr., kein Datum) Ludger Schütdeller",automatisch,eines,,
02828,297,stadium_5_datum,,,Jahre 1834 (nicht normalisierbar),automatisch,eines,,
02828,297,stadium_6,,,"(urspr., kein Datum) Hermann Joseph Lieverscheidt",automatisch,eines,,
02828,297,stadium_6_datum,,,Jahre 1864 (nicht normalisierbar),automatisch,eines,,
02830,297,lemma,Schützkamp,Schützenkamp,Schützkamp,automatisch,eines,,
02830,297,stadium_1_name,Schützkamp,Schützenkamp,Schützkamp,automatisch,eines,,
02831,297,namensgruppe,Honnschaft,Honnschaft,"Honnschaft, urspr.: Mülheimer Weg",automatisch,eines,,
02834,298,stadium_2,,,1795 Schulte-Hinsel-Straße,unsicher,eines,,
02834,298,stadtteile,Überruhr-Hinsel,Ürrruhr-Hinsel,Überruhr-Hinsel,unsicher,eines,,
02835,298,namensgruppe,Flurname,Flurname,"Flurname, urspr.: Schultenkamp",automatisch,eines,,
02839,299,stadtteile,Altenessen-Nord,Altenessen-Nord,Altessen-Nord,automatisch,eines,,
02840,299,namensgruppe,"Person, Mann, Deutscher, Betriebsführer, Kruppscher Beamter, Siedlung","Person, Mann, Deutscher, Betriebsführer, Kruppscher Beamter, Siedlung","Person, Mann, Deutscher, Betriebsführer, Kruppsche(r) Beamter, Siedlung",automatisch,eines,,
02841,293,stadtteile,Altenessen-Nord,Altenessen-Nord,Altensessen-Nord,automatisch,eines,,
02850,300,stadtteile,Altenessen-Süd,Altenessen-Süd,Altencessen-Süd,automatisch,eines,,
02852,300,stadium_3_name,Potthälterpad,Pothälterpad,Potthälterpad,geprueft,eines,,
02853,300,lemma,Schwermannstraße,Schwerermannstraße,Schwermannstraße,automatisch,eines,,
02853,300,stadium_2_name,Schwermannstraße,Schwerermannstraße,Schwermannstraße,automatisch,eines,,
02857,301,lemma,Seibertzstraße,Seibertzstraße,Seibertsstraße,automatisch,eines,,
02857,301,stadium_1_name,Seibertzstraße,Seibertzstraße,Seibertsstraße,automatisch,eines,,
02857,301,stadium_2,,,1788-11-27 Johann Suitbert Seibertz,automatisch,eines,,
02857,301,stadium_3,,,1871-11-17 Arnsberg,automatisch,eines,,
02858,301,stadium_2,,,1848-12-09 Gabriel von Seidl (seit 1900 Ritter von Seidl),geprueft,eines,,
02858,301,stadium_3,,,1913-04-27 Bad Tölz,geprueft,eines,,
02859,301,stadium_2,,,1884-02-23 Hermann Seippel,automatisch,eines,,
02859,301,stadium_3,,,1937-04-19 Essen,automatisch,eines,,
02859,301,stadtteile,Bredeney,Bredeneey,Bredeney,automatisch,eines,,
02861,302,stadium_2,,,1850-02-09 Selmastraße (geb. Finkling),geprueft,eines,,
02861,302,stadium_3,,,1892-06-23 Selmastraße,geprueft,eines,,
02864,302,stadium_1,"(urspr., kein Datum) Jahnstraße","(urspr., kein Datum) Jahnstraße",1902-05-16 Serlostraße,automatisch,eines,,
02866,302,stadtteile,Ost-viertel,Ost-viertel,Ostviertel,automatisch,eines,,
02868,303,eintrag,Sevenarstraße,Sevenarstraße,,automatisch,eines,,
02869,303,eintrag,Severinstraße,Severinstraße,,automatisch,eines,,
02872,296,stadtteile,Freisenbruch,Freisenbruch,Friesenbruch,geprueft,eines,,
02874,304,namensgruppe,"Person, Mann, Deutscher, Erfinder, Ballonfahrer","Person, Mann, Deutscher, Erfinder, Ballonfahrer","Person, Mann",geprueft,eines,,
02874,304,stadium_1_name,Il,Ill. Siedlerweg,III. Siedlerweg,geprueft,eines,,
02878,303,stadium_1_datum,"(urspr., kein Datum)","(urspr., kein Datum)",urspr.: Johannisstraße (nicht normalisierbar),automatisch,eines,,
02878,303,stadium_1_name,Johannisstraße,Johannisstraße,Siemensstraße,automatisch,eines,,
02879,303,verweis_auf,Siepenstraße,Siepenstraße,,automatisch,eines,,
02882,304,lemma,Sigambrerweg,Sigambreweg,Sigambrerweg,automatisch,eines,,
02882,304,stadium_2_name,Sigambrerweg,Sigambreweg,Sigambrerweg,automatisch,eines,,
02885,304,namensgruppe,"Person, Frau, Deutsche, Sozialhelferin","Person, Frau, Deutsche, Sozialhelferin","Person, Frau",automatisch,eines,,
02886,304,namensgruppe,"Person, Mann, Deutscher, Jurist, Politiker","Person, Mann, Deutscher, Jurist, Politiker","Person, Mann",automatisch,eines,,
02892,304,namensgruppe,"Person, Mann, Deutscher, Kaufmann, Stadtverordneter, Ehrenbürger","Person, Mann, Deutscher, Kaufmann, Stadtverordneter, Ehrenbürger","Person, Mann",automatisch,eines,,
02893,305,eintrag,Soester Straße,Soester Straße,,automatisch,eines,,
02894,305,eintrag,Sollwiesenbusch,Sollwiesenbusch,,automatisch,eines,,
02895,305,eintrag,Sommerburgstraße,Sommerburgstraße,,automatisch,eines,,
02895,305,stadtteile,Margaretenhöhe,Margarethenhöhe,,automatisch,eines,,
02896,305,eintrag,Sonderfeld,Sonderfeld,,automatisch,eines,,
02898,305,lemma,Sonnenscheinsweg,Sonnenscheinweg,Sonnenscheinsweg,automatisch,eines,,
02898,305,stadium_1_name,Sonnenscheinsweg,Sonnenscheinweg,Sonnenscheinsweg,automatisch,eines,,
02901,305,lemma,Spakenbroich,Spakenbroich,Spackenbroich,automatisch,eines,,
02901,305,stadium_1_datum,1903-03-12,1903-03-12,1937-11-20,automatisch,eines,,
02901,305,stadium_1_name,Robertstraße,Robertstraße,Spackenbroich,automatisch,eines,,
02901,305,stadium_2,1937-11-20 Spakenbroich,1937-11-20 Spakenbroich,,automatisch,eines,,
02909,305,eintrag,Sonderwerkstraße,Sonderwerkstraße,,automatisch,eines,,
02910,307,stadtteile,Bergerhausen; Huttrop; Steele,Bergerhausen; Huttrop; Steele,Bergeborbeck; Huttrop; Steele,automatisch,eines,,
02912,307,lemma,Spindelgang,Spindengang,Spindelgang,automatisch,eines,,
02912,307,stadium_1_name,Spindelgang,Spindengang,Spindelgang,automatisch,eines,,
02912,307,stadium_2_name,Spindelgang (Verl.),Spindengang (Verl.),Spindelgang (Verl.),automatisch,eines,,
02913,308,namensgruppe,"Person, Mann, Deutscher, Historiker","Person, Mann, Deutscher, Historiker","Person, Mann",automatisch,eines,,
02914,308,stadtteile,Altenessen-Süd,Altenessen-Süd,Altessen-Süd,automatisch,eines,,
02915,308,stadtteile,Bergerhausen,Bergerhausen,Bergebausen,automatisch,eines,,
02917,309,namensgruppe,"Person, Frau, Deutsche, Siedlung","Person, Frau, Deutsche, Siedlung",,automatisch,eines,,
02917,309,stadium_1,1910-12-20 Springmannstraße,1910-12-20 Springmannstraße,1910-12-20 Beuststraße,automatisch,eines,,
02918,309,stadtteile,Altenessen-Nord,Altenessen-Nord,Altensen-Nord,automatisch,eines,,
02919,309,stadtteile,Altenessen-Süd,Altenessen-Süd,Altensen-Süd,automatisch,eines,,
02923,310,lemma,Staelsfeld,Staelshfeld,Staelsfeld,geprueft,eines,,
02923,310,stadium_2_name,Staelsfelder Straße,Staelshfelder Straße,Staelsfelder Straße,geprueft,eines,,
02923,310,stadium_3_name,Staelsfeld,Staelshfeld,Staelsfeld,geprueft,eines,,
02924,310,namensgruppe,Essener Geschichte und Örtlichkeit,Essener Geschichte und Örtlichkeit,"Essener Geschichte und Örtlichkeit, urspr.: Heilige-Geist-Straße",automatisch,eines,,
02924,310,stadium_1_datum,"(urspr., kein Datum)","(urspr., kein Datum)",1903-06-29,automatisch,eines,,
02924,310,stadium_1_name,Heilige-Geist-Straße,Heilige-Geist-Straße,Kurze Straße,automatisch,eines,,
02924,310,stadium_1_urspruenglich,wahr,wahr,falsch,automatisch,eines,,
02924,310,stadium_2,1903-06-29 Kurzestraße,1903-06-29 Kurze Straße,1928-02-27 Stahlstraße,automatisch,eines,,
02924,310,stadium_2_name,Kurzestraße,Kurze Straße,Stahlstraße,automatisch,eines,,
02926,310,namensgruppe,"Person, Mann, Deutscher, Bürgermeisten","Person, Mann, Deutscher, Bürgermeister","Person, Mann, Deutscher",automatisch,eines,,
02927,310,lemma,Stapenhorststraße,Stapehorststraße,Stapenhorststraße,automatisch,eines,,
02927,310,namensgruppe,"Person, Mann, Deutscher, Direktor","Person, Mann, Deutscher, Direktor","Person, Mann, Deutscher",automatisch,eines,,
02927,310,stadium_1_name,Stapenhorststraße,Stapehorststraße,Stapenhorststraße,automatisch,eines,,
02928,310,namensgruppe,Behandigungsgut,Behandlungsgut,Behandigungsgut,automatisch,eines,,
02930,311,lemma,Steegstraße,Stiegstraße,Steegstraße,automatisch,eines,,
02930,311,stadium_1_name,Steegstraße,Stiegstraße,Steegstraße,automatisch,eines,,
02934,311,strassenklasse,Landstraße; Gemeindestraße,Landstraße; Gemeindestraße,Landstraße und Gemeindestraße,unsicher,eines,,
02937,312,namensgruppe,Lagebezeichnung,Lagebezeichnung,Gemeindestraße,geprueft,eines,,
02939,312,stadtteile,Bredeney,Bredeneey,Bredeney,automatisch,eines,,
02941,312,stadtteile,Altenessen-Nord,Altenessen-Nord,Altessen-Nord,automatisch,eines,,
02948,313,stadium_2,,,"(urspr., kein Datum) Karl Friedrich von Steinmetz",geprueft,eines,,
02955,314,namensgruppe,"Person, Mann, Engländer, Konstrukteur, Eisenbahnwesen","Person, Mann, Engländer, Konstrukteur, Eisenbahnwesen","Person, Mann, Engländer, Konstrukteur, Eisenbahningenieur",automatisch,eines,,
02957,314,verweis_auf,Am Stern,Am Stern,,automatisch,eines,,
02959,315,stadium_2,,,"1443-06-13 ein Kamp, gelegen bei Huttrops Hof",automatisch,eines,,
02960,315,stadium_2,,,"(urspr., kein Datum) Ein schmaler, etwas ansteigender Weg in der sog. ECA-Siedlung",geprueft,eines,,
02961,315,stadium_2,,,"(urspr., kein Datum) Siehe I. Stiege",geprueft,eines,,
02962,315,stadium_2,,,"(urspr., kein Datum) Siehe I. Stiege",geprueft,eines,,
02962,315,verweis_auf,,I. Stiege,,geprueft,eines,,
02963,315,stadium_2,,,"(urspr., kein Datum) Nach dem sog. Stiftbusch, der um 1820 gerodet wurde",automatisch,eines,,
02964,315,stadium_4,,,"(Fließtext, 1097 Zeichen, verworfen)",automatisch,eines,,
02965,315,stadium_3,,,"(Fließtext, 1144 Zeichen, verworfen)",automatisch,eines,,
02966,315,stadium_3,,,"(urspr., kein Datum) Nach einem Flurnamen (Juffernbusch). Der Wald gehörte den Stiftsdamen in Stoppenberg",automatisch,eines,,
02967,315,stadium_2,,,"(urspr., kein Datum) Siehe Stiftplatz",automatisch,eines,,
02968,315,lemma,Stinnesstraße,Stinnesstraße,Stinnessraße,automatisch,eines,,
02968,315,stadium_1_name,Stinnesstraße,Stinnesstraße,Stinnessraße,automatisch,eines,,
02968,315,stadium_2,,,"(Fließtext, 225 Zeichen, verworfen)",automatisch,eines,,
02969,315,stadium_2,,,"(Fließtext, 166 Zeichen, verworfen)",automatisch,eines,,
02970,316,stadium_1_name,Stocksiepenstraße,Stocksiepenstraße,Stocksiepen,automatisch,eines,,
02970,316,stadtteile,Bredeney,Bredeneey,Bredeney,automatisch,eines,,
02971,316,stadium_1_name,Augustastraße,Augustastrasse,Augustastraße,automatisch,eines,,
02972,295,stadium_2,1966-12-12 Ursulaweg,1966-12-12 Ursulaweg,1970-12-11 Schöne Aussicht,automatisch,eines,,
02974,316,stadium_3_name,Karpinskistraße (Umb.),Karpinskistraße (Umb.),Karpinskitraße (Umb.),geprueft,eines,,
02974,316,verweis_auf,Stoppenberger Platz,Stoppenberger Platz,,geprueft,eines,,
02975,316,lemma,Stornefranzstraße,Stornefranzstraße,Stornekranzstraße,automatisch,eines,,
02975,316,stadium_1_name,Stornefranzstraße,Stornefranzstraße,Stornekranzstraße,automatisch,eines,,
02976,316,stadium_3_datum,1976-05-19,1976-05-19,Mai 1976 (nicht normalisierbar),automatisch,eines,,
02984,317,namensgruppe,Flurname,Flurname,"Flurname, urspr.: Mittelstraße",automatisch,eines,,
02984,317,stadium_1,"(urspr., kein Datum) Mittelstraße","(urspr., kein Datum) Mittelstraße",1937-11-20 Stubbenkamp,automatisch,eines,,
02985,317,stadium_1_name,Stubertal,Stubertal,Stubertal (Verl.),automatisch,eines,,
02985,317,stadium_2,1972-09-20 Stubertal (Verl.),1972-09-20 Stubertal (Verl.),,automatisch,eines,,
02988,318,stadium_2,,,1798-03-04 Johann Carl Bertram Stüve,automatisch,eines,,
02990,318,stadium_1,"(urspr., kein Datum) Winkhauser Straße","(urspr., kein Datum) Winkhauser Straße",1902-05-16 Fulerumer Straße,automatisch,eines,,
02990,318,stadium_4_name,Mendener Straße (Umb.),Menderer Straße (Umb.),Styrumer Straße (Verl.),automatisch,eines,,
02991,318,stadium_1_name,Friedenstraße,Friedenstraße,Suarezstraße,automatisch,eines,,
02994,318,stadium_2_name,Brunhildenstraße,Brunhildenstraße,Brühlsstraße,automatisch,eines,,
02995,318,stadium_1_name,Schulstraße,Schulstraße,Sulterkamp,automatisch,eines,,
02995,318,stadium_2_name,Sulterkamp,Sulterkamp,Sulterkamp (Verl.),automatisch,eines,,
02995,318,stadium_3,1970-02-24 Sulterkamp (Verl.),1970-02-24 Sulterkamp (Verl.),,automatisch,eines,,
02996,318,stadium_2_name,Lahnbeckestraße (tlw.),Lahnbeckestraße (tlw.),Lahnbeckerstraße (tlw.),automatisch,eines,,
02996,318,stadium_5,1976-12-14 Sulzbachtal (Verl.),1976-12-14 Sulzbachtal (Verl.),,automatisch,eines,,
02997,319,eintrag,Sundernholz,Sunderholz,,automatisch,eines,,
02997,319,lemma,Sundernholz,Sunderholz,,automatisch,eines,,
02998,319,eintrag,Sursstraße,Sursstraße,,automatisch,eines,,
02999,319,eintrag,Susannastraße,Susannastraße,,automatisch,eines,,
03000,319,eintrag,Sybelstraße,Sybelstraße,,automatisch,eines,,
03001,297,lemma,Schürenfeld,Schürenfeld,Schürrenfeld,automatisch,eines,,
03001,297,stadium_1_name,Schürenfeld,Schürenfeld,Schürrenfeld,automatisch,eines,,
03001,297,stadium_2,,,"(urspr., kein Datum) Zum Hofe Schulte vom Bruch in Katternberg",automatisch,eines,,
03001,297,stadium_2_datum,,,Landmatrikel 1668 (nicht normalisierbar),automatisch,eines,,
03001,297,stadium_3,,,"(urspr., kein Datum) Schürrenfeld",automatisch,eines,,
03002,306,lemma,Spieckermannstraße,Spieckermannstraße,Spiekermannstraße,automatisch,eines,,
03002,306,namensgruppe,Behandigungsgut,Behandlungsgut,Behandigungsgut,automatisch,eines,,
03002,306,stadium_1_name,Spieckermannstraße,Spieckermannstraße,Spiekermannstraße,automatisch,eines,,
03004,308,lemma,Springhoffsfeld,Springhoffseld,Springhoffsfeld,automatisch,eines,,
03004,308,stadium_1_name,Springhoffsfeld,Springhoffseld,Springhoffsfeld,automatisch,eines,,
03012,306,namensgruppe,Hofname,Hofname,,unsicher,eines,,
03012,306,stadium_1_datum,1963-02-20,,20. Februar (nicht normalisierbar),unsicher,eines,,
03012,306,strassenklasse,,,Hofname,unsicher,eines,,
03013,308,eintrag,Spinozastraße,Spinozstraße,,automatisch,eines,,
03013,308,lemma,Spinozastraße,Spinozstraße,,automatisch,eines,,
03013,308,stadium_1_name,Spinozastraße,Spinozstraße,,automatisch,eines,,
03014,310,eintrag,Stauderstraße,Stauderstraße,,geprueft,eines,,
03015,313,lemma,Stenkamps Busch,Stenkamps Busch,Stenkamp’s Busch,automatisch,eines,,
03015,313,stadtteile,Bedingrade; Frintrop,Bedingrade; Frintrop,Bedingrade und Frintrop,automatisch,eines,,
03016,314,eintrag,Stensbeckhof,Stensbeckhof,,automatisch,eines,,
03016,314,namensgruppe,Behandigungsgut,Behandlungsgut,,automatisch,eines,,
03021,319,eintrag,Sylviastraße,Sylviastraße,,unsicher,eines,,
03024,305,eintrag,Söllockweg,Söllockweg,,automatisch,eines,,
03024,305,stadium_1_name,Einbleckstraße,Einblockstraße,,automatisch,eines,,
03027,307,lemma,Spindelmannstraße,Spindelmanstraße,Spindelmannstraße,automatisch,eines,,
03028,293,stadium_2,,,1846-05-16 Johann Mathias Schmetz,automatisch,eines,,
03028,293,stadtteile,Altenessen-Süd,Altenessen-Süd,Altensessen-Süd,automatisch,eines,,
03035,291,stadium_1_name,Kerckhoffstraße (tlw.),Kerkhoffstraße (tlw.),Kerckhoffstraße (tlw.),geprueft,eines,,
03036,305,eintrag,Soniusweg,Soniusweg,,automatisch,eines,,
03044,319,stadium_1_datum,vor 1899,vor 1899,"(urspr., kein Datum)",automatisch,eines,,
03044,319,stadium_1_urspruenglich,falsch,falsch,wahr,automatisch,eines,,
03054,320,verweis_auf,Schürmannstraße,Schürmannstraße,,automatisch,eines,,
03056,321,stadium_1_urspruenglich,wahr,wahr,falsch,automatisch,eines,,
03057,321,stadium_2,,,1697-11-25 Gerhard Tersteegen,automatisch,eines,,
03062,323,namensgruppe,"Essener Geschichte und Örtlichkeit, Männlicher Vorname","Essener Geschichte und Örtlichkeit, Männlicher Vorname","Gemeindestraße, Essener Geschichte und Örtlichkeit, Männlicher Vorname",automatisch,eines,,
03062,323,verweis_auf,Ostermannstraße,Ostermannstraße,,automatisch,eines,,
03063,323,lemma,Theresenstraße,Theresenstraße,Theresienstraße,automatisch,eines,,
03063,323,stadium_1_name,Theresenstraße,Theresenstraße,Theresienstraße,automatisch,eines,,
03064,323,lemma,Therbeckenring,Therbeckerring,Therbeckenring,automatisch,eines,,
03064,323,stadium_1_name,Therbeckenring,Therbeckerring,Therbeckenring,automatisch,eines,,
03067,323,stadium_1,1896-02-13 Schützenstraße,1896-02-13 Schützenstraße,1915-07-09 Thiesstraße,unsicher,eines,,
03067,323,stadtteile,Altenessen-Nord,Altenessen-Nord,Altendorf-Nord,unsicher,eines,,
03071,323,lemma,Tholstraße - Hof Thol Thusneldastraße,Thusneldastraße,ThusneldaStraße,unsicher,eines,,
03071,323,verweis_auf,Thusneldaplatz,Thusneldaplatz,ThusneldaPlatz,unsicher,eines,,
03072,324,lemma,Tiefbaustraße,Tiefbaustraße,TiefbauStraße,automatisch,eines,,
03072,324,stadium_2_name,Tiefbaustraße,Tiefbaustraße,TiefbauStraße,automatisch,eines,,
03072,324,stadtteile,Altenessen-Nord,Altenessen-Nord,Altenssen-Nord,automatisch,eines,,
03073,324,lemma,Tiefenbruchstraße,Tiefenbruchstraße,TiefenbruchStraße,automatisch,eines,,
03073,324,stadium_1_name,Tiefenbruchstraße,Tiefenbruchstraße,TiefenbruchStraße,automatisch,eines,,
03073,324,stadtteile,Altenessen-Süd,Altenessen-Süd,Altenssen-Süd,automatisch,eines,,
03075,324,lemma,Tiegelstraße,Tiegelstraße,TiegelStraße,automatisch,eines,,
03075,324,stadium_2_name,Tiegelstraße,Tiegelstraße,TiegelStraße,automatisch,eines,,
03076,324,lemma,Tiemannleite,Tiemannleite,TiemannLeite,automatisch,eines,,
03076,324,stadium_2_name,Tiemannleite,Tiemannleite,TiemannLeite,automatisch,eines,,
03077,324,namensgruppe,Flurname,Flurname,"Flurname, urspr.: Florastraße",automatisch,eines,,
03078,324,namensgruppe,Kotten,Kotten,Kötten,automatisch,eines,,
03080,324,lemma,Töpferstraße,Töpferstraße,TöpferStraße,automatisch,eines,,
03080,324,stadium_1_name,Töpferstraße,Töpferstraße,TöpferStraße,automatisch,eines,,
03080,324,stadium_3_name,Töpferstraße (Verl.),Töpferstraße (Verl.),TöpferStraße (Verl.),automatisch,eines,,
03082,324,lemma,Tommesweg,Tommesweg,TommesWeg,automatisch,eines,,
03082,324,namensgruppe,Kotten,Kotten,Kötten,automatisch,eines,,
03082,324,stadium_1_name,Tommesweg,Tommesweg,TommesWeg,automatisch,eines,,
03083,324,lemma,Tonstraße,Tonstraße,TonStraße,automatisch,eines,,
03096,326,lemma,Tüschener Weg,Tüschenener Weg,Tüschener Weg,automatisch,eines,,
03096,326,stadium_1_name,Tüschener Weg,Tüschenener Weg,Tüschener Weg,automatisch,eines,,
03097,326,stadtteile,Rüttenscheid; Bredeney,Rüttenscheid; Bredeneey,Rüttenscheid; Bredeney,automatisch,eines,,
03097,326,verweis_auf,Blumenkamp,Blumenkamp,,automatisch,eines,,
03102,327,lemma,Tuttmannstraße,Tuttmanstraße,Tuttmannstraße,automatisch,eines,,
03102,327,stadium_2_name,Tuttmannstraße,Tuttmanstraße,Tuttmannstraße,automatisch,eines,,
03103,327,namensgruppe,Behandigungsgut,Behandlungsgut,"Behandigungsgut, urspr.: Bachstraße",automatisch,eines,,
03103,327,stadtteile,Altenessen-Süd; Stoppenberg,Altenessen-Süd; Stoppenberg,Altendorf-Süd; Stoppenberg,automatisch,eines,,
03108,322,stadtteile,Bredeney; Schuir,Bredenei; Schuir,Bredeney; Schuir,automatisch,eines,,
03109,322,stadium_1_name,Wilhelmstraße,Wilhelmstraße,Wilhelmsstraße,automatisch,eines,,
03109,322,stadium_2_name,Borbecker Straße (tlw.),Borbecker Straße (tlw.),Borcherecker Straße (tlw.),automatisch,eines,,
03112,319,lemma,Tamperestraße,Tamperestraße,Temperestraße,automatisch,eines,,
03112,319,stadium_3_name,Tamperestraße,Tamperestraße,Temperestraße,automatisch,eines,,
03141,328,lemma,Ulmengarten,Ulmengarten,Ulmen,automatisch,eines,,
03141,328,stadium_2_name,Ulmengarten,Ulmengarten,Ulmen,automatisch,eines,,
03141,328,verweis_auf,Ulmenhof,Ulmenhof,,automatisch,eines,,
03142,328,stadium_1_name,Rotthausener Straße,Rotthausener Straße,Rothausener Straße,automatisch,eines,,
03143,328,namensgruppe,"Person, Mann, Deutscher, Kavallerieoffizierr, Maler, Malerviertel-Holsterhausen","Person, Mann, Deutscher, Kavallerieoffizier, Maler, Malerviertel-Holsterhausen","Person, Mann, Deutscher",automatisch,eines,,
03149,328,namensgruppe,Kotten,Kotten,"Kotten, urspr.: Uhlenstraße",automatisch,eines,,
03154,329,eintrag,,,Ulmenhof,,eines,,
03155,329,stadtteile,Altenessen-Süd,Altenessen-Süd,Altensen-Süd,automatisch,eines,,
03156,329,stadium_2,,,"(urspr., kein Datum) Unterberg",automatisch,eines,,
03156,329,stadtteile,Kray,Krat,Kray,automatisch,eines,,
03157,329,verweis_auf,Oberdorfstraße,Oberdorfstraße,,automatisch,eines,,
03159,329,verweis_auf,Oberer Pustenberg,Oberer Pustenberg,,automatisch,eines,,
03162,330,stadium_1_name,Viktoriastraße,Viktoriastraße,Viktoriastrraße,automatisch,eines,,
03164,328,verweis_auf,Ulmenhof,Ulmenhof,,automatisch,eines,,
03200,330,lemma,Valentinenstraße,Valentinestraße,Valentinenstraße,automatisch,eines,,
03200,330,stadium_1_name,Valentinenstraße,Valentinestraße,Valentinenstraße,automatisch,eines,,
03201,330,stadtteile,Stadtkern; Ostviertel,Stadtkern; Ostviertel,Stadtkern; Ostviettel,automatisch,eines,,
03202,330,stadium_1,"(urspr., kein Datum) Klarastraße","(urspr., kein Datum) Klarastraaße",1902-05-16 Veitstraße,automatisch,eines,,
03202,330,stadium_1_name,Klarastraße,Klarastraaße,Veitstraße,automatisch,eines,,
03204,330,namensgruppe,Stadt und Ort,Stadt und Ort,"Stadt und Ort, urspr. Ruhrstraße (tlw.)",unsicher,eines,,
03204,330,stadium_1,"(urspr., kein Datum) Ruhrstraße (tlw.)","(urspr., kein Datum) Ruhrstraße (tlw.)",1898-05-10 Velberter Straße,unsicher,eines,,
03213,332,eintrag,Viehauser Berg,Viehauser Berg,,automatisch,eines,,
03214,332,eintrag,Viehofer Platz,Viehofer Platz,,automatisch,eines,,
03215,332,stadium_1_name,Veyver Strate,Veyver Strate,Veyver Straße,automatisch,eines,,
03215,332,verweis_auf,Viehofer Platz,Viehofer Platz,,automatisch,eines,,
03216,332,lemma,Viereichenhöhe,Viereichenhöhe,Viercichenhöhe,automatisch,eines,,
03216,332,stadium_1_name,Viereichenhöhe,Viereichenhöhe,Viercichenhöhe,automatisch,eines,,
03221,333,lemma,Viktoriastraße,Viktoriasstraße,Viktoriastraße,automatisch,eines,,
03221,333,stadium_1_name,Viktoriastraße,Viktoriasstraße,Viktoriastraße,automatisch,eines,,
03221,333,stadium_2,1894-05-18 Kaiserstraße,1894-05-18 Kaiserstraße,1937-11-20 Viktoriastraße (Verl.),automatisch,eines,,
03221,333,stadium_3_name,Viktoriastraße (Verl.),Viktoriasstraße (Verl.),,automatisch,eines,,
03223,333,stadtteile,Borbeck-Mitte,Borbeck-Mitte,Bordeck-Mitte,automatisch,eines,,
03226,334,lemma,Virgiliastraße,Virgilialaße,Virgilstraße,unsicher,eines,,
03226,334,stadium_1_name,Virgiliastraße,Virgilialaße,Virgilstraße,unsicher,eines,,
03228,334,stadium_2_name,Vöcklinghausen,Vöcklinghausen,Vöcklinghauser Straße,automatisch,eines,,
03229,332,stadium_2,,,"(urspr., kein Datum) Viefhausen",automatisch,eines,,
03229,332,stadium_3,,,"(urspr., kein Datum) Vyffhusen",automatisch,eines,,
03231,334,lemma,Vogelsangsberg,Vogelsangberg,Vogelsangsberg,automatisch,eines,,
03231,334,namensgruppe,Flurname,Flurname,"Flurname, urspr.: Geitlingstraße",automatisch,eines,,
03231,334,stadium_1,"(urspr., kein Datum) Geitlingstraße","(urspr., kein Datum) Geitlingstraße",1937-11-20 Vogelsangsberg,automatisch,eines,,
03231,334,stadium_2_name,Vogelsangsberg,Vogelsangberg,,automatisch,eines,,
03231,334,verweis_auf,Brandhoffs Delle,Brandhoffs Delle,,automatisch,eines,,
03234,335,stadium_2_name,Rosenstraße (tlw.),Rosenstraße (tlw.),Rosenstraße,automatisch,eines,,
03237,335,stadium_1_name,Grabenstraße (tlw.),Grabenstraße (tlw.),Grabenstraße,automatisch,eines,,
03239,335,namensgruppe,Lehngut,Lehngut,Lehnsgut,automatisch,eines,,
03241,336,stadium_1_datum,1887-09-06,1887-09-06,1966-06-08,unsicher,eines,,
03241,336,stadium_1_name,Ottilienstraße,Ottilienstraße,Von-der-Vogelweide-Straße,unsicher,eines,,
03241,336,stadium_2_datum,1906-01-26,1906-01-26,1887-01-26,unsicher,eines,,
03241,336,stadium_2_name,Ortrudstraße,Ortrudstraße,Ottilienstraße,unsicher,eines,,
03244,336,stadium_1_datum,"(urspr., kein Datum)","(urspr., kein Datum)",urspr.: Sedanstraße (nicht normalisierbar),automatisch,eines,,
03244,336,stadium_1_name,Sedanstraße,Sedanstraße,Von-Schirp-Straße,automatisch,eines,,
03246,336,lemma,Von-Seeckt-Straße,Von-Seeckt-Straße,Von-Seckt-Straße,automatisch,eines,,
03246,336,stadium_1_datum,1897-09-06,1897-09-06,1887-01-26,automatisch,eines,,
03246,336,stadium_1_name,Henriettenstraße,Henriettenstraße,Henriettestraße,automatisch,eines,,
03246,336,stadium_2_datum,1906-01-26,1906-01-26,1937-11-20,automatisch,eines,,
03246,336,stadium_2_name,Irmgardstraße,Irmgardstraße,Von-Seckt-Straße,automatisch,eines,,
03246,336,stadium_3,1937-11-20 Von-Seeckt-Straße,1937-11-20 Von-Seeckt-Straße,,automatisch,eines,,
03247,336,stadium_2_name,Phönixstraße,Phönixstraße,Phoenixstraße,automatisch,eines,,
03248,336,lemma,Voßbergring,Voßbergring,Voßberg,automatisch,eines,,
03248,336,stadium_1_name,Im Karkamp (tlw.),Im Karkamp (tlw.),Karkamp (tlw.),automatisch,eines,,
03248,336,stadium_2_name,Voßbergring,Voßbergring,Voßberg,automatisch,eines,,
03249,336,stadium_1_datum,"(urspr., kein Datum)","(urspr., kein Datum)",urspr.: Voßbuschstraße (nicht normalisierbar),unsicher,eines,,
03249,336,stadium_1_name,! Voßbuschstraße,Voßbuschstraße,Voßbusch,unsicher,eines,,
03249,336,stadium_2,1915-07-09 Voßbusch,1915-07-09 Voßbusch,,unsicher,eines,,
03249,336,stadtteile,Bredeney,Bredenei,Bredeney,unsicher,eines,,
03256,336,eintrag,Von-der-Vogelweide-Straße,Von-der-Vogelweide-Straße,,automatisch,eines,,
03257,330,lemma,Veldeckestraße,Veldekestraße,Veldeckestraße,automatisch,eines,,
03257,330,stadtteile,Freisenbruch,Freisenbruch,Friesenbruch,automatisch,eines,,
03261,336,lemma,Vosselerweg,Vosselerweg,Vösselerweg,automatisch,eines,,
03261,336,stadtteile,Altenessen-Süd,Altenessen-Süd,Altensessen-Süd,automatisch,eines,,
03265,110,eintrag,Erzstraße,Erzstraße,,automatisch,eines,,
03266,292,eintrag,Schmelze,Schmelze,,automatisch,eines,,
03269,28,eintrag,Ehemaliger Alfrediplatz mit Alfredibrunnen Alfred-Neuse-Weg,Alfred-Neuse-Weg,,unsicher,eines,,
03269,28,lemma,Ehemaliger Alfrediplatz mit Alfredibrunnen Alfred-Neuse-Weg,Alfred-Neuse-Weg,,unsicher,eines,,
03271,224,eintrag,Lise-Meitner-Straße,Lise-Meitner-Straße,,automatisch,eines,,
03272,47,stadtteile,Altenessen-Süd,Altenessen-Süd,Altensessen-Süd,automatisch,eines,,
03273,161,namensgruppe,"Familienname, Platz","Familiennname, Platz","Familienname, Platz",automatisch,eines,,
03275,253,stadtteile,Bredeney,Bredeneey,Bredeney,automatisch,eines,,
03278,154,verweis_auf,Helmholtzplatz,Helmholtzplatz,,automatisch,eines,,
03282,233,eintrag,Matthias-Lambertz-Weg,Matthias-Lambertz-Weg,,automatisch,eines,,
03284,242,eintrag,Mühlmannsbank,Mühlmannsbank,,automatisch,eines,,
03286,232,stadium_1_datum,"(urspr., kein Datum)","(urspr., kein Datum)",(urspr.) Graßmannstraße (tlw.) (nicht normalisierbar),geprueft,eines,,
03286,232,stadium_1_name,) Graßmannstraße (tlw.),Graßmannstraße (tlw.),,geprueft,eines,,
03287,115,namensgruppe,Stadt und Ort,Stadt und Ort,Stadt,automatisch,eines,,
03291,337,lemma,Wackenberg,Wackenberq,Wackenberg,automatisch,eines,,
03291,337,stadium_3,1935-01-14 Wackenberg,1935-01-14 Wackenberq,,automatisch,eines,,
03291,337,stadium_3_name,Wackenberg,Wackenberq,,automatisch,eines,,
03292,337,stadtteile,Altenessen-Nord,Altenessen-Nord,Altessen-Nord,automatisch,eines,,
03296,338,stadtteile,Altenessen-Süd,Altenessen-Süd,Altensen-Süd,automatisch,eines,,
03298,338,stadtteile,Bredeney,Bredenei,Bredeney,automatisch,eines,,
03300,338,stadtteile,Bredeney,Bredenei,Bredeney,automatisch,eines,,
03301,338,lemma,Wäaldlehne,Waldlehne,Waldlehn,automatisch,eines,,
03301,338,stadium_1_name,Waldlehne,Waldlehne,Waldlehn,automatisch,eines,,
03304,338,namensgruppe,"Person, Frau, Deutsche, Familie Krupp","Person, Frau, Deutsche, Familie Krupp","Person, Frau, Deutsche",automatisch,eines,,
03304,338,stadtteile,Bredeney,Bredenei,Bredeney,automatisch,eines,,
03304,338,verweis_auf,Arnoldstraße,Arnoldstraße,,automatisch,eines,,
03306,338,namensgruppe,"Industrie und Wirtschaft, Mühle","Industrie und Wirtschaft, Mühle",Grenztstraße,automatisch,eines,,
03306,338,stadium_1_name,Grenzstraße,Grenzstraße,Grenztstraße,automatisch,eines,,
03306,338,strassenklasse,Gemeindestraße,Gemeindestraße,Gemeindestraße; Industrie und Wirtschaft; Mühle,automatisch,eines,,
03308,339,eintrag,Wallotstraße,Wallotstraße,,automatisch,eines,,
03309,339,stadtteile,Bochold; Borbeck-Mitte,Bochold; Borbeck-Mitte,Bochold und Borbeck-Mitte,automatisch,eines,,
03310,339,lemma,Walmanger,Walmanger,Walmanager,automatisch,eines,,
03310,339,stadium_1_name,Walmanger,Walmanger,Walmanager,automatisch,eines,,
03310,339,stadium_2_name,Walmanger (Verl.),Walmanger (Verl.),Walmanager (Verl.),automatisch,eines,,
03311,339,lemma,Walpurgisstraße,Walpurgisstraße,Walburgisstraße,automatisch,eines,,
03311,339,stadium_5_name,Walpurgisstraße (Verl.),Walpurgisstraße (Verl.),Walburgisstraße (Verl.),automatisch,eines,,
03312,340,stadtteile,Bredeney,Bredeneey,Bredeney,automatisch,eines,,
03314,340,stadium_2_name,Wandtleite,Wandtleite,Warndtleite,automatisch,eines,,
03318,340,eintrag,Waterfohrplatz,Waterfohrplatz,,automatisch,eines,,
03319,341,eintrag,Waterfohrstraße,Waterfohrstraße,,automatisch,eines,,
03320,341,eintrag,Waterloostraße,Waterloostraße,,automatisch,eines,,
03325,340,lemma,Wasserschnepfe,Wasserschnepfe,Wasserschneppe,automatisch,eines,,
03325,340,stadium_1_name,Wasserschnepfe,Wasserschnepfe,Wasserschneppe,automatisch,eines,,
03326,341,lemma,Wechselpfad,Wechselfad,Wechselpfad,automatisch,eines,,
03326,341,stadium_2_name,Wechselpfad,Wechselfad,Wechselpfad,automatisch,eines,,
03327,341,namensgruppe,"Person, Mann, Deutscher, Kapitänleutnant, U-Boot-Kommandant","Person, Mann, Deutscher, Kapitäneutnant, U-Boot-Kommandant","Person, Mann, Deutscher, Kapitänleutnant, U-Boot-Kommandant",automatisch,eines,,
03327,341,stadtteile,Bredeney,Bredeneey,Bredeney,automatisch,eines,,
03331,342,eintrag,Weg zur Platte,Weg zur Platte,,automatisch,eines,,
03333,342,stadium_1,1894 Altenhof,1894 Altenhof,1910-09-16 Altenhof II (tlw.),unsicher,eines,,
03335,342,stadtteile,Bergerhausen,Bergerhausen,Bergeborbeck,automatisch,eines,,
03339,342,namensgruppe,"Essener Geschichte und Örtlichkeit, Kotten, Gemeinheit","Essener Geschichte und Örtlichkeit, Kotten, Gemeinheit","Essener Geschichte und Örtlichkeit, Kotten, Gemeinschaft",automatisch,eines,,
03345,343,stadtteile,Altenessen-Nord,Altenessen-Nord,Altensen-Nord,automatisch,eines,,
03347,343,namensgruppe,"Person, Mann, Ire, Heiliger","Person, Mann, Ire, Heiliger","Person, Mann, Hl., Heiliger",automatisch,eines,,
03348,343,stadtteile,Bedingrade,Bedingrade,Bediengrade,automatisch,eines,,
03352,344,lemma,Werdener Markt,Werden er Markt,Werdener Markt,automatisch,eines,,
03352,344,stadium_2_name,Werdener Markt,Werden er Markt,Werdener Markt,automatisch,eines,,
03353,344,stadium_2,,,"1808-09-12 Karl Friedrich Wilhelm Leopold August Graf von Werder *12. September 1887 auf Gut Grüssow, Pommern",geprueft,eines,,
03354,344,namensgruppe,Familienname,Familienname,"Familienname, urspr.: Wernerstraße",automatisch,eines,,
03354,344,stadium_1,"(urspr., kein Datum) Wernerstraße","(urspr., kein Datum) Wernerstraße",1936-01-15 Werneraue,automatisch,eines,,
03355,344,stadium_1,"(urspr., kein Datum) Franziskastraße","(urspr., kein Datum) Franziskastraße",1937-11-20 Werner-Viebig-Weg,automatisch,eines,,
03359,344,stadium_1_name,Alfredusstraße,Alfredusstraße,Alfredußstraße,unsicher,eines,,
03360,344,stadtteile,Bedingrade,Bedingrade,Bediengrade,automatisch,eines,,
03362,345,verweis_auf,Westbergstraße,Westbergstraße,,automatisch,eines,,
03366,345,stadtteile,Altenessen-Süd,Altenessen-Süd,Altensen-Süd,automatisch,eines,,
03367,345,stadtteile,Altenessen-Süd,Altenessen-Süd,Altensen-Süd,automatisch,eines,,
03368,345,stadtteile,Bredeney,Bredeneey,Bredeney,automatisch,eines,,
03369,345,stadtteile,Bredeney,Bredeneey,Bredeney,automatisch,eines,,
03370,345,stadtteile,Bergerhausen; Steele,Bergerhausen; Steele,Bergeborbeck; Steele,automatisch,eines,,
03371,346,eintrag,Westpreußenstraße,Westpreußenstraße,,automatisch,eines,,
03372,346,eintrag,Weubelshof,Weubelshof,,automatisch,eines,,
03373,346,eintrag,Weuenstraße,Weuenstraße,,automatisch,eines,,
03375,346,namensgruppe,Sage,Sage,"Sage, vor 1911: Charlottenweg (tlw.)",automatisch,eines,,
03375,346,stadium_1,vor 1911 Charlottenweg (tlw.),vor 1911 Charlottenweg (tlw.),1936-01-15 Wichteltal,automatisch,eines,,
03375,346,stadtteile,Überruhr-Hinsel; Überruhr-Holthausen; Burgaltendorf,Überruhr-Hinsel; Überruhr-Holthausen; Burgaltendorf,Überruhr-Hinsel; Burgaltendorf,automatisch,eines,,
03377,346,lemma,Wickingstraße,Wicklingstraße,Wickingstraße,automatisch,eines,,
03377,346,stadtteile,Altenessen-Süd,Altenessen-Süd,Altenssen-Süd,automatisch,eines,,
03379,347,namensgruppe,"Stadt und Ort, Gewässer, Siedlung","Stadt und Ort, Gewässer, Siedlung",Wiedbach,unsicher,eines,,
03379,347,strassenklasse,Gemeindestraße,Gemeindestraße,"Stadt- und Ort, Gewässer, Siedlung",unsicher,eines,,
03379,347,verweis_auf,Bieberweg,Bieberweg,,unsicher,eines,,
03380,347,lemma,Wiedfeldtstraße,Wiedfeldtstraße,Wiedfeldstraße,automatisch,eines,,
03380,347,stadium_1_name,Waldstraße (Bredeney),Waldstraße (Bredeneey),Waldstraße (Bredeney),automatisch,eines,,
03380,347,stadium_3_name,Wiedfeldtstraße,Wiedfeldtstraße,Wiedfeldstraße,automatisch,eines,,
03380,347,stadtteile,Bredeney; Stadtwald; Rüttenscheid,Bredeneey; Stadtwald; Rüttenscheid,Bredeney; Stadtwald; Rüttenscheid,automatisch,eines,,
03381,347,namensgruppe,Bergbau,Bergbau,"Bergbau, vor 1910: Paulstraße",automatisch,eines,,
03381,347,stadium_1,vor 1910 Paulstraße,vor 1910 Paulstraße,1915-07-09 Wiehagenstraße,automatisch,eines,,
03382,347,lemma,Wieksiepen,Wieksiepen,Wicksiepen,automatisch,eines,,
03382,347,stadium_1_name,Wieksiepen,Wieksiepen,Wicksiepen,automatisch,eines,,
03384,347,lemma,Wienenbuschstraße,Wienenbuschstraße,Wienebuschstraße,automatisch,eines,,
03384,347,namensgruppe,Flur-name,Flurname,"Flur-name, urspr.: Kantstraße",automatisch,eines,,
03384,347,stadium_1_datum,"(urspr., kein Datum)","(urspr., kein Datum)",1910-09-16,automatisch,eines,,
03384,347,stadium_1_name,Kantstraße,Kantstraße,Wienebuschstraße,automatisch,eines,,
03384,347,stadium_1_urspruenglich,wahr,wahr,falsch,automatisch,eines,,
03384,347,stadium_2,1910-09-16 Wienenbuschstraße,1910-09-16 Wienenbuschstraße,,automatisch,eines,,
03387,347,namensgruppe,Stadt und Ort,Stadt und Ort,"Stadt und Ort, urspr.: Spanische Beck",automatisch,eines,,
03387,347,stadium_1,"(urspr., kein Datum) Spanische Beck","(urspr., kein Datum) Spanische Beck",1902-05-16 Wiesbadener Straße,automatisch,eines,,
03391,348,lemma,Wiesmannbrink,Wiesmannbrink,Wiesmannsbrink,automatisch,eines,,
03392,348,stadium_2,,,"(urspr., kein Datum) urspr.: Wighpforte",automatisch,eines,,
03393,348,lemma,Wildbannstraße,Wildbannstraße,Wildbahnstraße,automatisch,eines,,
03393,348,stadium_2_name,Wildbannstraße,Wildbannstraße,Wildbahnstraße,automatisch,eines,,
03394,348,lemma,Wildpferdehut,Wildpferdehüt,Wildpferdehut,automatisch,eines,,
03394,348,stadium_1_name,Wildpferdehut,Wildpferdehüt,Wildpferdehut,automatisch,eines,,
03394,348,verweis_auf,Wildbannstraße,Wildbannstraße,Wildbahnstraße,automatisch,eines,,
03396,348,stadium_1_datum,"(urspr., kein Datum)","(urspr., kein Datum)",urspr.: Steinhäuser Weg (nicht normalisierbar),automatisch,eines,,
03396,348,stadtteile,Bredeney; Werden,Bredenei; Werden,Bredeney; Werden,automatisch,eines,,
03401,149,stadium_1_name,Wilhelmstraße,Wilhelmstraße,Heeskampshof,automatisch,eines,,
03403,343,eintrag,Weigelwerkstraße,Weigelwerkstraße,,automatisch,eines,,
03404,350,namensgruppe,"Person, Mann, Deutscher, Geistlicher","Person, Mann, Deutscher, Geistlicher","Person, Mann, Deutscher, Geistlicher, Lehrer",automatisch,eines,,
03405,350,lemma,Wilmsweg,Wilmsweg,Wilmweg,automatisch,eines,,
03405,350,stadium_1_name,Wilmsweg,Wilmsweg,Wilmweg,automatisch,eines,,
03407,350,namensgruppe,Stadt und Ort,Stadt und Ort,"Stadtteil Gerschede, Str.-Gr.: Stadt und Ort",automatisch,eines,,
03407,350,verweis_auf,,,Askaristraße,automatisch,eines,,
03409,350,stadium_1,"(urspr., kein Datum) Sebaldstraße","(urspr., kein Datum) Sebaldstraße",1902-05-16 Windscheidstraße,automatisch,eines,,
03412,350,stadtteile,Altenessen-Nord,Altenessen-Nord,Altencssen-Nord,automatisch,eines,,
03415,351,verweis_auf,Wintgenhof,Wintgenhof,,automatisch,eines,,
03420,352,stadium_3_name,Gerbranderstraße,Gerbranderstraße,Gerbrandstraße,automatisch,eines,,
03424,352,lemma,Wöhlerstraße,Wöhlerstraße,Wöhlestraße,automatisch,eines,,
03424,352,stadium_2_name,Wöhlerstraße,Wöhlerstraße,Wöhlestraße,automatisch,eines,,
03428,353,lemma,Wohlverwahrtstraße,Wohlverwahrtstraße,Wohlverwartstraße,automatisch,eines,,
03428,353,stadium_1_name,Wohlverwahrtstraße,Wohlverwahrtstraße,Wohlverwartstraße,automatisch,eines,,
03429,353,stadtteile,Altenessen-Nord,Altenessen-Nord,Altessen-Nord,automatisch,eines,,
03430,353,lemma,Woldrüggen,Wolcdrüngen,Woldrüggen,automatisch,eines,,
03430,353,stadium_1_name,Woldrüggen,Wolcdrüngen,Woldrüggen,automatisch,eines,,
03431,353,stadtteile,Bredeney,Bredenei,Bredeney,automatisch,eines,,
03433,354,lemma,Wolfsdelle,Wolfsdelle,Wolfsstelle,automatisch,eines,,
03433,354,stadium_1_name,Wolfsdelle,Wolfsdelle,Wolfsstelle,automatisch,eines,,
03433,354,stadtteile,Überruhr-Holthausen,Überruhr-Holthausen,Überruhr-Holtausen,automatisch,eines,,
03434,354,namensgruppe,Flurname,Flurname,"Flurname, urspr.: Wolfskuhle",automatisch,eines,,
03436,354,lemma,Woodsiepenweg,Woodsiepenweg,Woodsiesenweg,automatisch,eines,,
03436,354,namensgruppe,Flurname,Flurname,"Flurname, urspr.: Weststraße",automatisch,eines,,
03436,354,stadium_1_datum,"(urspr., kein Datum)","(urspr., kein Datum)",1937-11-20,automatisch,eines,,
03436,354,stadium_1_name,Weststraße,Weststraße,Woodsiesenweg,automatisch,eines,,
03436,354,stadium_1_urspruenglich,wahr,wahr,falsch,automatisch,eines,,
03436,354,stadium_2,1937-11-20 Woodsiepenweg,1937-11-20 Woodsiepenweg,,automatisch,eines,,
03438,354,lemma,Wortbergrode,Wortbergrode,Wortbergröde,automatisch,eines,,
03445,354,verweis_auf,Möllhoven,Möllhoven,,automatisch,eines,,
03450,343,eintrag,Weißdornweg,Weißdornweg,,automatisch,eines,,
03452,346,eintrag,Westuferstraße,Westerstraße,,automatisch,eines,,
03452,346,lemma,Westuferstraße,Westerstraße,,automatisch,eines,,
03452,346,stadium_1_name,Westuferstraße,Westerstraße,,automatisch,eines,,
03452,346,stadtteile,Bergeborbeck,Bergerborbeck,,automatisch,eines,,
03453,353,verweis_auf,Wolfsbankstraße,Wolfsbankstraße,,automatisch,eines,,
03457,350,lemma,Winkelskämpchen,Winkelskämpchen,Winkelskampchen,automatisch,eines,,
03457,350,stadium_1_name,Winkelskämpchen,Winkelskämpchen,Winkelskampchen,automatisch,eines,,
03493,356,eintrag,208 ff Zeche Ernestine,Zeche Ernestine,,unsicher,eines,,
03493,356,lemma,208 ff Zeche Ernestine,Zeche Ernestine,,unsicher,eines,,
03495,356,namensgruppe,"Essener Geschichte und Örtlichkeit, Bergbau","Essener Geschichte und Örtlichkeit, Bergbau",Bergbau,automatisch,eines,,
03495,356,verweis_auf,Carolus-Magnus-Straße,Carolus-Magnus-Straße,,automatisch,eines,,
03498,357,stadium_2,,,"(urspr., kein Datum) Carl Zeiß",automatisch,eines,,
03498,357,stadtteile,Bredeney,Bredenei,Bredeney,automatisch,eines,,
03500,357,stadium_2,,,"(urspr., kein Datum) Zerreskotten",geprueft,eines,,
03500,357,stadium_3,,,"(urspr., kein Datum) Große Busch",geprueft,eines,,
03501,357,stadium_2,,,"(urspr., kein Datum) Gustav Anton Zeuner",automatisch,eines,,
03501,357,stadtteile,Bredeney,Bredenei,Bredeney,automatisch,eines,,
03504,357,stadium_2_datum,1922-06-02,1922-06-02,1937-11-20,automatisch,eines,,
03504,357,stadium_3_datum,1937-11-20,1937-11-20,"(urspr., kein Datum)",automatisch,eines,,
03504,357,stadium_3_name,Zimmermannstraße (Verl.),Zimmermannstraße (Verl.),Kotten Zimmermann,automatisch,eines,,
03504,357,stadium_3_urspruenglich,falsch,falsch,wahr,automatisch,eines,,
03504,357,stadium_4,,,"(urspr., kein Datum) Friedrich Zimmermann",automatisch,eines,,
03506,358,eintrag,Zingelpfad,Zingelpfad,,automatisch,eines,,
03507,358,eintrag,Zinkstraße,Zinkstraße,,automatisch,eines,,
03508,358,eintrag,Zipfelweg,Zipfelweg,,automatisch,eines,,
03509,358,stadium_1,"(urspr., kein Datum) Engelbertstraße","(urspr., kein Datum) Engelbertstraße",1902-05-16 Zirkelstraße,automatisch,eines,,
03511,358,verweis_auf,Beekerwerth,Beekerwerth,,automatisch,eines,,
03512,358,stadium_1,"(urspr., kein Datum) Bottroper Straße","(urspr., kein Datum) Bottroper Straße",1897-01-22 Zollstraße,automatisch,eines,,
03514,359,namensgruppe,Kotten,Kotten,Kötten,automatisch,eines,,
03515,359,stadium_1_datum,1901-06-25,1901-06-25,1901-06-26,automatisch,eines,,
03519,360,namensgruppe,"Flurname, Kotten","Flurname, Kotten",Flurname,automatisch,eines,,
03523,361,stadium_2,,,1873-04-26 Otto zur Linde,automatisch,eines,,
03524,361,stadtteile,Altenessen-Süd,Altenessen-Süd,Altensessen-Süd,automatisch,eines,,
03525,361,lemma,Zur Tackenburg,Zur Tackenburg,Zur Tackenbrug,automatisch,eines,,
03525,361,stadium_1_name,Zur Tackenburg,Zur Tackenburg,Zur Tackenbrug,automatisch,eines,,
03526,361,lemma,Zur Wöllenbök,Zur Wöllenbök,Zur Wüllenböck,automatisch,eines,,
03526,361,stadium_1_name,Zur Wöllenbök,Zur Wöllenbök,Zur Wüllenböck,automatisch,eines,,
03526,361,stadium_2_name,Zur Wöllenbök (Verl.),Zur Wöllenbök (Verl.),Zur Wüllenböck (Verl.),automatisch,eines,,
03530,362,lemma,Zweihonnschaftenwald,Zweihonnnschaftenwald,Zweihonnschaftenwald,automatisch,eines,,
03530,362,stadium_1_name,Am Zweihonnschaftenwald (tlw.),Am Zweihonnnschaftenwald (tlw.),Am Zweihonnschaftenwald (tlw.),automatisch,eines,,
03530,362,stadium_2_name,Zweihonnschaftenwald,Zweihonnnschaftenwald,Zweihonnschaftenwald,automatisch,eines,,
03530,362,stadtteile,Bredeney,Bredeneey,Bredeney,automatisch,eines,,
03534,359,stadtteile,Bergerhausen,Bergerhausen,Bergeborbeck,automatisch,eines,,
03536,362,namensgruppe,"Person, Mann, Schweizer, Reformator","Person, Mann, Schweizer, Reformatore","Person, Mann, Schweizer, Reformator",automatisch,eines,,
03550,56,eintrag,Auf dem Loh,Auf dem Loh,,unsicher,eines,,
03550,56,stadium_3_name,Auf dem Loh (Ver!.),Auf dem Loh (Verl.),,unsicher,eines,,
03551,53,eintrag,Angelikastraße,Angelikastraße,,automatisch,eines,,
03555,54,namensgruppe,Flurnamen,Flurnamen,Flurname,automatisch,eines,,
03557,58,eintrag,Auf'm Keller,Auf'm Keller,,automatisch,eines,,
03558,48,stadtteile,Bedingrade,Bedingrade,Bediengrade,automatisch,eines,,
03560,50,lemma,An der Schlucht,An der Schlucht,Auf dem Loh,unsicher,eines,,
03560,50,namensgruppe,Lagebezeichnung,Lagebezeichnung,Flurname,unsicher,eines,,
03560,50,stadium_2_datum,,18. (nicht normalisierbar),1911-06-16,unsicher,eines,,
03560,50,stadtteile,Schönebeck,Schönebeck,Burgaltendorf,unsicher,eines,,
03562,53,eintrag,Anemonenweg,Anemonenweg,,automatisch,eines,,
03562,53,stadtteile,Bredeney,Bredenei,,automatisch,eines,,
03564,49,stadium_1_name,Aufm Rolland (tlw.),Aufm Rolland (tlw.),Aufm Roland (tlw.),automatisch,eines,,
03564,49,stadtteile,Borbeck-Mitte,Borbeck-Mitte,Bordeck-Mitte,automatisch,eines,,
03601,32,eintrag,Am Bilstein,Am Bilstein,,automatisch,eines,,
03606,37,namensgruppe,Sage,Sage,Flurname,automatisch,eines,,
03608,40,stadium_1,vor 1875 Ruhrstraße (tlw.),vor 1875 Ruhrstraße (tlw.),1971-10-19 Am Mühlengraben,geprueft,eines,,
03611,44,eintrag,EEE EEE ER 4 4 bi Am Stadtwald,Am Stadtwald,,unsicher,eines,,
03611,44,lemma,EEE EEE ER 4 4 bi Am Stadtwald,Am Stadtwald,,unsicher,eines,,
03612,44,eintrag,Am Stammensberg,Am Stammensberg,,automatisch,eines,,
03614,195,eintrag,Kettwiger Weinberg,Kettwiger Weinberg,,unsicher,eines,,
03615,46,namensgruppe,"Flurname, Kotten","Flurname, Kotten",Flurname,automatisch,eines,,
03619,56,eintrag,Auer Höhe,Auer Höhe,,automatisch,eines,,
03620,56,stadium_2,,,"(urspr., kein Datum) Eigen",automatisch,eines,,
03622,58,eintrag,Auf der Rötsch,Auf der Rötsch,,automatisch,eines,,
03624,59,stadium_1,"(urspr., kein Datum) Mintarder Straße","(urspr., kein Datum) Mintarder Straße",1922-05-16 August-Thyssen-Straße,automatisch,eines,,
03629,63,namensgruppe,Nummerierungsbezirk,Nummerierungsbezirk,"Nummerierungsbezirk, vor 1875: Bauerschaft (Nummerierungsbezirk)",geprueft,eines,,
03629,63,stadium_1,vor 1875 Bauerschaft (Nummerierungsbezirk),vor 1875 Bauerschaft (Nummerierungsbezirk),1950-12-11 Bauerschaft (Straßenname),geprueft,eines,,
03630,299,eintrag,Schumannstraße,Schumannstraße,,automatisch,eines,,
03631,65,eintrag,Beetstraße,Beetstraße,,unsicher,eines,,
03635,79,lemma,Brederscheid,Brederscheid,Bredscheid,automatisch,eines,,
03635,79,stadium_1_name,Brederscheid,Brederscheid,Bredscheid,automatisch,eines,,
03637,131,eintrag,Görlitzer Straße,Görlitzer Straße,,automatisch,eines,,
03639,70,eintrag,Biesgenweg,Biesgenweg,,automatisch,eines,,
03641,90,stadium_1_name,Augustastraße,Augustastrasse,Augustastraße,automatisch,eines,,
03641,90,stadium_2_name,Essener Straße (tlw.),Essener Straße (tlw.),Essenstraße (tlw.),automatisch,eines,,
03647,108,eintrag,Emil-Kemper-Straße,Emil-Kemper-Straße,,automatisch,eines,,
03652,25,eintrag,Ahnewinkelstraße - Hof Ahnewinkel Akademiestraße,Akademiestraße,,unsicher,eines,,
03652,25,lemma,Ahnewinkelstraße - Hof Ahnewinkel Akademiestraße,Akademiestraße,,unsicher,eines,,
03653,114,eintrag,Finkenweg,Finkenweg,,automatisch,eines,,
03654,119,verweis_auf,Montebruchstraße,Montebruchstraße,,automatisch,eines,,
03656,119,verweis_auf,Freiligrathplatz,Freiligrathplatz,,geprueft,eines,,
03659,124,eintrag,Gartenstraße,Gartenstraße,,automatisch,eines,,
03664,136,namensgruppe,Lagebezeichnung,Lagebezeichnung,"Lagebezeichnung, etwa 1936",automatisch,eines,,
03664,136,stadium_1,1936 Richthofenweg,1936 Richthofenweg,1947-02-28 Grüner Weg,automatisch,eines,,
03670,146,namensgruppe,Lagebezeichnung,Lagebezeichnung,"(Fließtext, 317 Zeichen, verworfen)",unsicher,eines,,
03670,146,stadium_1_name,Hauptstraße,Hauptstraße,Bismarckstraße,unsicher,eines,,
03670,146,stadium_2_name,Bismarckstraße (Umb.),Bismarckstraße (Umb.),Bismarckstraße,unsicher,eines,,
03670,146,stadium_3_name,Bahnhofstraße (tlw.),Bahnhofstraße (tlw. Umb.),Bahnhofstraße,unsicher,eines,,
03670,146,stadium_4_name,Adolf-Hitler-Straße (Umb.),Adolf-Hitler-Straße (Umb.),Adolf-Hitler-Straße,unsicher,eines,,
03670,146,stadium_5_name,Hauptstraße (Umb.),Hauptstraße (Umb.),Hauptstraße,unsicher,eines,,
03670,146,stadium_8_name,Hauptstraße (Verl.),Hauptstraße (Verl.),Hauptstraße,unsicher,eines,,
03670,146,stadium_9_name,Hauptstraße (Verl.),Hauptstraße (Verl.),Hauptstraße,unsicher,eines,,
03671,149,stadium_2,,,"(urspr., kein Datum) Hegelstraße",automatisch,eines,,
03674,151,stadium_1,1937 Ludendorffstraße,1937 Ludendorffstraße,1946-04-04 Heinrich-Heine-Straße,automatisch,eines,,
03675,153,eintrag,Heistershecken,Heistershecken,,automatisch,eines,,
03676,156,namensgruppe,"Flurname, Kotten","Flurname, Kotten","Gemeindestrasse, Str.-Gr.: Flurname, Kotten",automatisch,eines,,
03679,163,lemma,Höseler Weg,Höseler Weg,Hösler Weg,automatisch,eines,,
03679,163,stadium_1_name,Höseler Weg,Höseler Weg,Hösler Weg,automatisch,eines,,
03680,168,eintrag,Hopmannplatz,Hopmannplatz,,automatisch,eines,,
03683,174,eintrag,Icktener Mark,Icktener Mark,,automatisch,eines,,
03684,174,eintrag,Icktener Straße,Icktener Straße,,automatisch,eines,,
03685,174,stadium_1,1963-09-30 Im Blumenfeld,1963-09-30 Im Blumenfeld,"(urspr., kein Datum) Blumenfeld",automatisch,eines,,
03686,175,eintrag,Im Hattigsfeld,Im Hattigsfeld,,automatisch,eines,,
03687,175,lemma,Im Hinninghofen,Im Hinninghofen,Im Hinninhof,automatisch,eines,,
03687,175,stadium_1_name,Im Hinninghofen,Im Hinninghofen,Im Hinninhof,automatisch,eines,,
03689,47,eintrag,Am Wildbach,Am Wildbach,,automatisch,eines,,
03691,178,stadium_3,,,"(urspr., kein Datum) Ein alter Flurname",unsicher,eines,,
03692,178,eintrag,Im Teelbruch,Im Teelbruch,,automatisch,eines,,
03692,178,stadium_1_name,Am Teelbruck,Am Teelbruch,,automatisch,eines,,
03693,185,eintrag,Jungbornweg,Jungbornweg,,automatisch,eines,,
03696,186,stadium_3_name,Kaisergasse (Umb.),Kaisergasse (Umb.),Kaisersgasse (Umb.),automatisch,eines,,
03701,191,stadium_1_datum,1955,1955,"(urspr., kein Datum)",automatisch,eines,,
03702,194,eintrag,Kemmannsweg,Kemmansweg,,automatisch,eines,,
03702,194,lemma,Kemmannsweg,Kemmansweg,,automatisch,eines,,
03702,194,stadium_1_name,Kemmannsweg,Kemmansweg,,automatisch,eines,,
03706,210,eintrag,Krummacherstraße,Krummacherstraße,,automatisch,eines,,
03708,214,namensgruppe,Volksmund,Volksmund,Volkstumd,automatisch,eines,,
03711,217,stadium_1_datum,1940,1940,1979-08-28,geprueft,eines,,
03711,217,stadium_2,1979-08-28 Laupendahler Höhe (Verl.),1979-08-28 Laupendahler Höhe (Verl.),,geprueft,eines,,
03714,219,stadium_2,,,"(urspr., kein Datum) Gottfried Wilhelm Leibniz",automatisch,eines,,
03714,219,stadium_2_datum,,,"01. Juli 1646 in Leipzig, †14. November 1716 in Hannover (nicht normalisierbar)",automatisch,eines,,
03715,221,stadium_2,,,"(urspr., kein Datum)",automatisch,eines,,
03715,221,stadium_2_datum,,,"Gotthold Ephraim Lessing *22. Januar 1729 in Kamenz/Lausitz, †15. Februar 1781 in Braunschweig (nicht normalisierbar)",automatisch,eines,,
03716,218,eintrag,Lauterweg,Lauterweg,,automatisch,eines,,
03718,232,eintrag,Martin-Luther-Platz,Martin-Luther-Platz,,automatisch,eines,,
03718,232,namensgruppe,"Person, Mann, Deutscher, Reformator, Platz","Person, Mann, Deutscher, Reformer, Platz",,automatisch,eines,,
03720,240,lemma,Montebruchstraße,Montebuchstraße,Montebruchstraße,automatisch,eines,,
03722,241,verweis_auf,Rehfußhang,Rehfußhang,,automatisch,eines,,
03726,238,eintrag,Mintarder Weg,Mintarder Weg,,automatisch,eines,,
03731,251,eintrag,Oefte,Oefte,,automatisch,eines,,
03732,43,stadium_2_name,Ohmstraße,Ohmstraße,Öhmstraße,automatisch,eines,,
03735,266,namensgruppe,Lagebezeichnung,Lagebezeichnung,"Lagebezeichnung, vor 1904: Promenadenweg",automatisch,eines,,
03735,266,stadium_1,vor 1904 Promenadenweg,vor 1904 Promenadenweg,"(urspr., kein Datum) Promenadenweg",automatisch,eines,,
03739,274,eintrag,Rinderbachstraße,Rinderbachstraße,,automatisch,eines,,
03740,275,stadium_1_datum,1876-12-04,1776-12-04,1876-12-04,automatisch,eines,,
03740,275,stadium_1_urspruenglich,falsch,falsch,wahr,automatisch,eines,,
03740,275,stadium_2_datum,"(urspr., kein Datum)","(urspr., kein Datum)",urspr.: Ruhraue (nicht normalisierbar),automatisch,eines,,
03740,275,stadium_2_name,Ruhrstraße,Ruhrstraße,Ruhraue,automatisch,eines,,
03740,275,stadium_3_datum,1934,1934,1934-10-02,automatisch,eines,,
03740,275,stadium_4_datum,1934-10-02,1934-10-02,tlw. (nicht normalisierbar),automatisch,eines,,
03740,275,stadium_4_name,Laupendahler Straße (tlw.),Laupendahler Straße (tlw.),Ringstraße,automatisch,eines,,
03740,275,stadium_6_name,Ringstraße (Verl.),Ringstraße (Verl.),Ringstraße,automatisch,eines,,
03740,275,stadium_7,,,"(urspr., kein Datum) Ringstraße (Verl.)",automatisch,eines,,
03742,277,stadium_1_name,Rombeckerweg,Rombeckerweg,Rombecker Weg,geprueft,eines,,
03745,290,eintrag,Schillerstraße,Schillerstraße,,automatisch,eines,,
03746,290,eintrag,Schlatterstraße,Schlatterstraße,,automatisch,eines,,
03747,292,stadium_2_datum,1934,1934,1946-04-04,automatisch,eines,,
03747,292,stadium_3_datum,1946-04-04,1946-04-04,1950-10-03,automatisch,eines,,
03747,292,stadium_3_name,Schmachtenberstraße (Umb.),Schmachtenberstraße (Umb.),Schmachtenbergstraße (Umb.),automatisch,eines,,
03747,292,stadium_4_datum,1950-10-03,1950-10-03,"(urspr., kein Datum)",automatisch,eines,,
03748,298,eintrag,Schulstraße,Schulstraße,,unsicher,eines,,
03749,302,stadium_2_name,Sengel-mannsweg (Verl.),Sengel-mannsweg (Verl.),Sengelmannsweg (Verl.),automatisch,eines,,
03750,302,eintrag,Sengenholzer Weg,Sengenholzer Weg,,automatisch,eines,,
03752,305,eintrag,Sommersberg,Sommersberg,,automatisch,eines,,
03753,308,stadium_1_name,Berchemer Weg,Berchemer Weg,Berchemweg,automatisch,eines,,
03754,313,namensgruppe,Lagebezeichnung,Lagebezeichnung,"Lagebezeichnung, vor 1821: Steinweg",automatisch,eines,,
03754,313,stadium_1_datum,vor 1821,vor 1821,"(urspr., kein Datum)",automatisch,eines,,
03761,329,namensgruppe,Kotten,Kotten,Kötten,automatisch,eines,,
03762,334,stadium_1,"(urspr., kein Datum) Volckmarstraße","(urspr., kein Datum) Volckmarstraße",1930-10-07 Volckmarstraße (Verl.),automatisch,eines,,
03762,334,stadium_2,"(urspr., kein Datum) Rathausstraße","(urspr., kein Datum) Rathausstraße",,automatisch,eines,,
03765,114,eintrag,Ferdinand-Weerth-Straße,Ferdinand-Weerth-Straße,,automatisch,eines,,
03766,344,lemma,Werdener Straße,Werden er Straße,Werdener Straße,automatisch,eines,,
03766,344,stadium_2_name,Werdener Straße,Werden er Straße,Werdener Straße,automatisch,eines,,
03766,344,stadium_4_name,Werdener Straße (Verl.),Werden er Straße (Verl.),Werdener Straße (Verl.),automatisch,eines,,
03770,360,stadium_1,"(urspr., kein Datum) Ruhrstraße","(urspr., kein Datum) Ruhrstraße",vor 1930 Mühlenstraße,automatisch,eines,,
05221,255,eintrag,,,Overrathshof,,eines,,
05236,255,eintrag,,,Overhamm,,eines,,
19464,332,eintrag,,,Viehhauser Berg,,eines,,
19807,332,eintrag,,,Viehofer Platz,,eines,,
003610,122,eintrag,,,Fröbelweg,,unlesbar,,
00930,122,namensgruppe,Lagebezeichnung,,"(Fließtext, 203 Zeichen, verworfen)",automatisch,unlesbar,,
00930,122,stadium_1_datum,1860,,"(urspr., kein Datum)",automatisch,unlesbar,,
00930,122,stadium_1_name,Frohnhauser Straße,,Herrenbankstraße,automatisch,unlesbar,,
00930,122,stadium_1_urspruenglich,falsch,,wahr,automatisch,unlesbar,,
00930,122,stadium_2_datum,vor 1885,,"(urspr., kein Datum)",automatisch,unlesbar,,
00930,122,stadium_2_name,Herrenbankstraße (Umb.),,Essen-Mülheimer-Straße,automatisch,unlesbar,,
00930,122,stadium_2_urspruenglich,falsch,,wahr,automatisch,unlesbar,,
00930,122,stadium_3,"(urspr., kein Datum) Essen-Mülheimer-Straße (Umb.)",,1901-12-13 Frohnhauser Straße,automatisch,unlesbar,,
00930,122,strassenklasse,Kreisstraße; Landstraße,,Gemeindestraße,automatisch,unlesbar,,
00930,122,verweis_auf,Frohnhauser Platz,,,automatisch,unlesbar,,
00931,122,verweis_auf,Baumblüte,,,automatisch,unlesbar,,
00934,122,stadtteile,Freisenbruch,,Friesenbruch,automatisch,unlesbar,,
00936,122,namensgruppe,Bergbau,,"Bergbau, vor 1904: Heinreichstraße (tlw.)",automatisch,unlesbar,,
00936,122,stadium_1,vor 1904 Heinrichstraße (tlw.),,1937-02-25 Fünfhandbank,automatisch,unlesbar,,
00936,122,verweis_auf,Fünffußbank,,,automatisch,unlesbar,,
00938,122,namensgruppe,Lagebezeichnung,,"Lagebezeichnung, urspr.: Ruhrhöhenweg (nicht amtlich)",automatisch,unlesbar,,
00938,122,stadium_1,"(urspr., kein Datum) Ruhrhöhenweg (nicht amtlich)",,1936-08-05 Fünfkirchenblick,automatisch,unlesbar,,
00940,122,stadium_1_datum,1907-11-28,,28. November (nicht normalisierbar),unsicher,unlesbar,,
01394,171,namensgruppe,Lagebezeichnung,,"Lagebezeichnung, urspr.: Hufergasse",automatisch,unlesbar,,
01394,171,stadium_1_datum,"(urspr., kein Datum)",,1883-11-17,automatisch,unlesbar,,
01394,171,stadium_1_urspruenglich,wahr,,falsch,automatisch,unlesbar,,
01394,171,stadium_3,1937-11-20 Hufergasse (Verl.),,,automatisch,unlesbar,,
01395,171,namensgruppe,Familienname,,"Familienname, urspr.: Lindenbecker Straße",automatisch,unlesbar,,
01395,171,stadium_1,"(urspr., kein Datum) Lindenbecker Straße",,1937-11-20 Huffmannstraße,automatisch,unlesbar,,
01398,171,stadium_1,"(urspr., kein Datum) Rosestraße",,1895-10-24 Karl-Humann-Straße,automatisch,unlesbar,,
01400,171,stadium_2_name,Altenhof | (tlw.),,Altenhof I (tlw.),unsicher,unlesbar,,
01401,171,strassenklasse,,,Gemeindestraße,unsicher,unlesbar,,
01724,199,namensgruppe,Flurname,,"Flurname, urspr.: Heißener Straße",unsicher,unlesbar,,
01724,199,stadium_1,"(urspr., kein Datum) ! Heißener Straße",,1895-11-28 Buschstraße (tlw.),unsicher,unlesbar,,
01728,199,verweis_auf,Kronenstraße,,,automatisch,unlesbar,,
01730,199,stadium_1,"(urspr., kein Datum) M-Straße",,1902-05-10 Richterstraße (tlw.),automatisch,unlesbar,,
01731,199,namensgruppe,ne Fa Kleiner Markt Flurname,,,automatisch,unlesbar,,
01735,199,lemma,Kleine Schönscheidtstraße,,Kleine Schöndscheidtstraße,automatisch,unlesbar,,
01735,199,stadium_1_name,Kleine Schönscheidtstraße,,Kleine Schöndscheidtstraße,automatisch,unlesbar,,
01735,199,verweis_auf,Schönscheidts Hof,,Schöndscheids Hof,automatisch,unlesbar,,
01790,206,namensgruppe,Essener Geschichte und Örtlichkeit,,"Essener Geschichte und Örtlichkeit, urspr.: Kornmarkt",automatisch,unlesbar,,
01791,206,lemma,Kortwiese,,Korthwiese,automatisch,unlesbar,,
01791,206,stadium_3_name,Kortwiese,,Korthwiese,automatisch,unlesbar,,
01792,206,stadium_3,,,1962-09-27 Korthover Weg (tlw.),automatisch,unlesbar,,
01793,206,namensgruppe,"Person, Mann, Deutscher, Mediziner, Schriftsteller, Heimatforscher",,"Person, Mann, Deutscher, Mediziner, Schriftsteller, Heimatforscher, etwa 1906",automatisch,unlesbar,,
01793,206,stadium_1_datum,1906,,1745-07-05,automatisch,unlesbar,,
01793,206,stadium_1_name,Kortumstraße,,Carl Arnold Kortum,automatisch,unlesbar,,
01793,206,stadium_2,,,1824-08-15 Kortumstraße,automatisch,unlesbar,,
01794,206,namensgruppe,"Person, Mann, Deutscher, Bischof",,"Person, Mann, Deutscher",automatisch,unlesbar,,
01795,206,namensgruppe,"Person, Mann, Deutscher, Bergmann",,"Person, Mann",automatisch,unlesbar,,
01796,206,stadium_1_name,Annastraße (Altenessen),,Annenstraße (Altenessen),automatisch,unlesbar,,
01796,206,stadtteile,Alten-essen-Süd; Vogelheim,,Altenessen-Süd; Vogelheim,automatisch,unlesbar,,
01869,199,namensgruppe,Gemeinheit,,Gemeindestraße,automatisch,unlesbar,,
01990,225,stadium_3_name,Logenstraße (Umb.),,Logenstraße,automatisch,unlesbar,,
01991,225,namensgruppe,Bergbau,,"Bergbau, etwa 1899: F-Straße",automatisch,unlesbar,,
01991,225,stadium_1,1899 F-Straße,,1937-11-20 Lohbergweg,automatisch,unlesbar,,
01992,225,namensgruppe,Geologie,,"Geologie, etwa 1900: Grenzstraße",automatisch,unlesbar,,
01992,225,stadium_1,1900 Grenzstraße,,1929-07-12 Am Grenzgraben (tlw.),automatisch,unlesbar,,
01994,225,namensgruppe,Mühle,,"Mühle, urspr.: Kleine Grenzstraße, etwa 1900: Grenzstraße",unsicher,unlesbar,,
01994,225,stadium_1,"(urspr., kein Datum) Kleine Grenzstraße",,1909-03-26 Stricker Straße,unsicher,unlesbar,,
01994,225,stadium_2,1900 Grenzstraße,,1929-07-12 Am Grenzgraben,unsicher,unlesbar,,
01997,225,namensgruppe,Flurname,,"Flurname, urspr.: Gelsenkirchener Straße",automatisch,unlesbar,,
01997,225,stadium_1,"(urspr., kein Datum) Gelsenkirchener Straße",,1935-11-14 Ludwig-Knickmann-Straße,automatisch,unlesbar,,
02002,225,namensgruppe,Stadt und Ort,,"Stadt und Ort, vor 1915: Jägerstraße",automatisch,unlesbar,,
02002,225,stadium_1,vor 1915 Jägerstraße,,1933-05-08 Lothringenstraße,automatisch,unlesbar,,
02002,225,verweis_auf,Elsaßstraße,,,automatisch,unlesbar,,
03274,199,namensgruppe,"Lagebezeichnung, (vorm.) Stoppenberger Straße (tlw.)",,Lagebezeichnung,automatisch,unlesbar,,
03439,355,eintrag,Wüllnerskamp,,,automatisch,unlesbar,,
03440,355,eintrag,Wüstenhöferstraße,,,unsicher,unlesbar,,
03442,355,stadtteile,Bergerhausen; Heisingen; Rellinghausen,,Bergebershausen; Heisingen; Rellinghausen,automatisch,unlesbar,,
03443,355,verweis_auf,Riprechtborn,,,automatisch,unlesbar,,
03491,355,namensgruppe,Industrie und Wirtschaft,,,automatisch,unlesbar,,
03491,355,strassenklasse,Gemeindestraße,,Gemeindestraße; Industrie und Wirtschaft,automatisch,unlesbar,,
03610,122,eintrag,Fröbelweg,,,automatisch,unlesbar,,
03769,355,eintrag,Wupperstraße,,,automatisch,unlesbar,,
