schl_nr,lemma,stadtteile,strassenklasse,namensgruppe,verweis_auf,buchseite,status
00001,Aachener Straße,Frohnhausen,Gemeindestraße,Stadt und Ort,,23,automatisch
00002,Abteistraße,Werden,Bundesstraße,Lagebezeichnung,,23,automatisch
00003,Achenbachhang,Holsterhausen,Gemeindestraße,"Person, Mann, Deutscher, Maler",,23,automatisch
00004,se Da Achternbergstraße - Haus Achternberg Achtermbergbredde,Kray,Gemeindestraße,Flurname,,23,unsicher
00005,Achternbergstraße,Kray,Gemeindestraße,Rittersitz,,23,automatisch
00006,Achthausen,Frillendorf,Gemeindestraße,Lagebezeichnung,,23,automatisch
00007,Achtmorgenfeld,Schonnebeck,Gemeindestraße,Flurname,,24,automatisch
00008,Ackerstraße,Bedingrade; Gerschede,Gemeindestraße,Lagebezeichnung,,24,automatisch
00009,Adelgundenweg,Bergerhausen,Gemeindestraße,"Bergbau, Weiblicher Vorname",,24,automatisch
00010,Adelkampstraße,Frohnhausen,„ Gemeindestraße,"Essener Geschichte und Örtlichkeit, Kotten",,24,automatisch
03566,Adlerstraße,Leithe,Gemeindestraße,Bergbau,,24,automatisch
00012,Admiral-Scheer-Straße,Südviertel,Gemeindestraße,"Person, Mann, Deutscher, Admiral",,24,automatisch
03556,Adolf-Hopmann-Straße,Werden,Gemeindestraße,"Person, Mann, Deutscher, Tuchfabrikant, Beigeordneter",,24,automatisch
00013,Adolf-Rath-Straße,Margarethenhöhe,Gemeindestraße,"Person, Mann, Deutscher, Beigeordneter",,24,automatisch
00014,Adolf-Schmidt-Straße,Holsterhausen,Gemeindestraße,"Person, Mann, Deutscher, Kruppscher Beamter, Siedlung",,24,automatisch
00015,Adolfstraße,Rüttenscheid,Gemeindestraße,Männlicher Vorname,,24,automatisch
00016,Äbtissinsteig,Kray; Steele,Gemeindestraße,"Person, Frau, Deutsche, Abtissin",,25,automatisch
00017,Ägidiusstraße,Stadtwald; Bredeney,Gemeindestraße,"Person, Mann, Grieche, Kaufmann, Abt",An der Kluse,25,automatisch
00018,Ägirstraße,Altenessen-Nord,Gemeindestraße,Bergbau,,25,automatisch
00019,Agnesstraße,Rüttenscheid,Gemeindestraße,"Person, Frau, Italienerin, Heilige, Weiblicher Vorname",,25,automatisch
00020,Ahestraße,Steele,Gemeindestraße,Gewässer,,25,automatisch
00021,Ahnewinkelstraße,Karnap,Gemeindestraße,Hofname,,25,automatisch
00022,Ahornstraße,Stadtwald,Gemeindestraße,Botanik,Ahornzweig,25,automatisch
00023,Ahornzweig,Stadtwald,Gemeindestraße,Botanik,,25,automatisch
00024,Ahrfeldstraße,Bergerhausen,Gemeindestraße,Flurname,,25,automatisch
00029,Aisthang,Freisenbruch,Gemeindestraße,"Person, Mann, Österreicher, Minnesänger",,25,automatisch
03652,Ahnewinkelstraße - Hof Ahnewinkel Akademiestraße,Kettwig,Gemeindestraße,Lagebezeichnung,,25,unsicher
00025,Akazienallee,Stadtkern,Gemeindestraße,Essener Geschichte und Örtlichkeit,,26,automatisch
00026,Akstraße,Westviertel,Gemeindestraße,"Essener Geschichte und Ortlichkeit, Bergbau",,26,automatisch
00027,Aktienstraße,Bedingrade; Schönebeck,Landstraße,Bergbau,,26,automatisch
00028,Albermannstraße,Werden,Gemeindestraße,"Person, Mann, Deutscher, Bildhauer",,27,automatisch
02536,Albertine-Badenberg-Weg,Steele,Gemeindestraße,"Person, Frau, Deutsche, Lehrerin, Landtagsabgeordnete",,27,automatisch
01129,Albert-Schmidt-Weg,Vogelheim,Gemeindestraße,"Person, Mann, Deutscher, Pfarrer",,27,automatisch
00058,Albert-Schweitzer-Straße,Freisenbruch,Gemeindestraße,"Person, Mann, Franzose, Theologe, Organist, Philosoph, Arzt",,27,automatisch
00030,Albrechtstraße,Holsterhausen; Rüttenscheid,Gemeindestraße,Männlicher Vorname,,27,automatisch
00031,Aldegreverstraße,Holsterhausen,Gemeindestraße,"Person, Mann, Deutscher, Maler, Kupferstecher, Siegelschneider, Malerviertel-Holsterhausen",,27,automatisch
00243,Aldenhofweg,Katernberg,Gemeindestraße,Kotten,,27,automatisch
00032,Alexanderstraße,Rüttenscheid,Gemeindestraße,Männlicher Vorname,,27,automatisch
01125,a _ Alfred-Herrhausen-Brücke,Stadtkern,Gemeindestraße,"Person, Mann, Deutscher, Kaufmann, Direktor",,27,unsicher
00033,Alfrediquelle,Ostviertel,Gemeindestraße,Essener Geschichte und Örtlichkeit,,28,automatisch
00034,Alfredistraße,Stadtkern; Ostviertel,Kreisstraße,"Person, Mann, Deutscher, Bischof, Essener Geschichte und Örtlichkeit",,28,automatisch
03269,Ehemaliger Alfrediplatz mit Alfredibrunnen Alfred-Neuse-Weg,Haarzopf,Gemeindestraße,"Person, Mann, Deutscher, Pfarrer",,28,unsicher
00035,Alfred-Pott-Weg,Bredeney,Gemeindestraße,"Person, Mann, Deutscher, Chemiker, Ingenieur",,28,automatisch
00036,Alfredstraße,Rüttenscheid; Bredeney,Bundesstraße,"Person, Mann, Deutscher, Familie Krupp, Industrielter, Männlicher Vorname",,28,automatisch
00530,Alfried-Krupp-Straße,Rüttenscheid,Gemeindestraße,"Person, Mann, Deutscher, Familie Krupp, Industrieller",,28,automatisch
00037,Alinenhöhe,Fischlaken,Gemeindestraße,Bergbau,,29,automatisch
00038,Allbauweg,Huttrop,Gemeindestraße,Industrie und Wirtschaft,,29,automatisch
00039,Alleestraße,Freisenbruch,Gemeindestraße,,,29,automatisch
00040,Allerstraße,Bergerhausen,Gemeindestraße,Gewässer,,29,automatisch
00041,Almastraße,Rüttenscheid,Gemeindestraße,Weiblicher Vorname,,29,automatisch
00042,Aloisstraße,Fischlaken,Gemeindestraße,Männlicher Vorname,,29,unsicher
00043,Alsenplatz,Huttrop,Gemeindestraße,Kriegserinnerung,,29,automatisch
00569,Alte Bottroper Straße,Bergeborbeck,Kreisstraße; Hauptstraße,"Lagebezeichnung, zuvor: Blechstraße, zuvor: Auf dem Bleek",,29,unsicher
00044,Alte Eichen,Rellinghausen,Gemeindestraße,Botanik,,29,automatisch
00253,Alte Hatzper Straße,Haarzopf; Schuir,Gemeindestraße,Lagebezeichnung,Hatzper Straße,29,automatisch
01428,Alte Hauptstraße,Burgaltendorf,Landstraße,Lage-bezeichnung,,29,automatisch
00045,Alte Kirchstraße,Katernberg,Gemeindestraße,Kirche und Kloster,,29,automatisch
00046,Alte Landstraße,Karnap,Gemeindestraße,Lagebezeichnung,,30,automatisch
00252,Alte Raadter Straße,Haarzopf,Gemeindestraße,Lagebezeichnung,Raadter Straße,30,automatisch
00054,Alte Zeilen,Steele,Gemeindestraße,Essener Geschichte und Ortlichkeit,,30,automatisch
00047,Altenau,Margarethenhöhe,Gemeindestraße,Flurname,,30,automatisch
00048,Altenbergmühle,Nordviertel,Gemeindestraße,Mühle,,30,automatisch
00049,Altenbergstraße,Nordviertel,Gemeindestraße,Lehngut,,30,automatisch
00050,Altendorfer Straße,Altendorf; Bochold; Schönebeck; Westviertel,Bundesstraße; Landstraße,Lagebezeichnung,,30,automatisch
00051,Altendorfplatz,Frohnhausen,Gemeindestraße,"Lagebezeichnung, Platz",,30,automatisch
00052,Altenessener Markt,Altenessen-Süd,Gemeindestraße,Lagebezeichnung,,31,automatisch
00053,Altenessener Straße,Altenessen-Nord; Altenessen-Süd; Nordviertel; Stadtkern,Landstraße; Gemeindestraße,Lagebezeichnung,,31,automatisch
00055,Altmeyerstraße,Überruhr- Hinsel,Gemeindestraße,"Person, Mann, Deutscher, Mediziner",,31,automatisch
00056,Altstraße,Schönebeck,Gemeindestraße,Lagebezeichnung,,31,automatisch
01608,Aluminiumallee,Bergeborbeck,Gemeindestraße,Industrie und Wirtschaft,,31,automatisch
00057,Am Alfredspark,Holsterhausen,Gemeindestraße,"Person, Mann, Deutscher, Familie Krupp, Industrieller, Siedlung",,31,automatisch
01134,Am Alfredusbad,Bredeney,Gemeindestraße,Lagebezeichnung,,31,automatisch
00059,Am Ardey,Rellinghausen,Gemeindestraße,Geologie,Ardeyplatz,31,automatisch
01555,Am Bahnhof Altenessen,Altenessen-Süd,Gemeindestraße,Lagebezeichnung,,31,automatisch
00060,Am Bernewäldchen,Südviertel,Gemeindestraße,Lagebezeichnung,,31,automatisch
01550,Am Bienenstock,Katernberg,Gemeindestraße,Zoologie,,31,automatisch
03601,Am Bilstein,Kettwig,Gemeindestraße,Flurname,,32,automatisch
00833,Am Blambeckpark,Altendorf,Gemeindestraße,"Botanik, Park",,32,automatisch
00061,Am Bocklerbaum,Kray,Gemeindestraße,Lagebezeichnung,,32,automatisch
03602,Am Bögelsknappen,Kettwig,Gemeindestraße,Lagebezeichnung,,32,automatisch
00062,Am Bonnenberg,Heisingen,Gemeindestraße,"Flurname, Kotten, Familienname",Bonnenbergstraße,32,automatisch
00063,Am Brachland,Borbeck-Mitte,Gemeindestraße,Lagebezeichnung,,32,automatisch
00064,Am Brandenbusch,Bredeney,Gemeindestraße,"Flurname, Hofname",,32,automatisch
00065,Am Brauhaus,Schönebeck,Gemeindestraße,Lagebezeichnung,,32,automatisch
00066,Am Broch,Schonnebeck,Gemeindestraße,Lagebezeichnung,,32,automatisch
00067,Am Brönngen,Haarzopf,Gemeindestraße,Flurname,,32,automatisch
01614,Am Bruchweiher,Stoppenberg,Gemeindestraße,Botanik,,32,automatisch
00068,Am Brückenkopf,Margarethenhöhe,Gemeindestraße,Lagebezeichnung,,33,automatisch
00069,Am Brunnen,Bredeney,Gemeindestraße,"Lagebezeichnung, Platz",,33,automatisch
00112,Am Buchenhain,Heidhausen,Gemeindestraße,"Lagebezeichnung, Botanik",,33,automatisch
00070,Am Buschgarten,Steele,Gemeindestraße,Flurname,,33,automatisch
00071,Am Deimelsberg,Steele,Gemeindestraße,"Flurname, Hofname",,33,automatisch
00072,Am Dönhof,Stadtwald,Gemeindestraße,Hofname,,33,automatisch
01543,Am Dolmen,Kupferdreh,Gemeindestraße,"Lagebezeichnung, Siedlung",,33,automatisch
00074,Am Ehrenfriedhof,Fulerum,Gemeindestraße,Ruhestätte,,33,automatisch
00164,Am Ehrenmal,Überruhr- Holthausen,Gemeindestraße,Lagebezeichnung,,33,automatisch
00075,Am Ellenbogen,Borbeck-Mitte,Gemeindestraße,Lagebezeichnung,,33,automatisch
00076,Am Elsenbusch,Vogelheim,Gemeindestraße,"Person, Mann, Deutscher, Schreiner",,33,automatisch
01871,Am EUROPA-CENTER,Holsterhausen,Gemeindestraße,Lagebezeichnung,,33,automatisch
00258,Am Fernmeldeamt,Holsterhausen,Gemeindestraße,Lagebezeichnung,,33,automatisch
00703,Am Fichtenbusch,Haarzopf,Gemeindestraße,"Botanik, Wald",,34,automatisch
00251,Am Fliegenbusch,Schönebeck,Gemeindestraße,"Flurname, Familienname",,34,automatisch
00077,Am Freistein,Nordviertel,Gemeindestraße,Lagebezeichnung,,34,unsicher
00260,Am Fröhlinge,Burgaltendorf,Gemeindestraße,"Flurname, Kotten, Nummerierungsbezirk",,34,automatisch
00247,Am Funkturm,Holsterhausen,Gemeindestraße,Lagebezeichnung,,34,automatisch
00079,Am Gehölz,Margarethenhöhe,Gemeindestraße,Botanik,,34,automatisch
00080,Am Gellenberg,Heidhausen,Gemeindestraße,Flurname,,34,automatisch
00170,Am Gemeindebusch,Überruhr-Hinsel,Gemeindestraße,Flurname,,34,automatisch
00182,Am Gerichtshaus - Gerichtshaus Byfang 1916 Am Gerichtshaus,Kupferdreh,Gemeindestraße,Lagebezeichnung,,34,unsicher
00081,Am Glockenberg,Rellinghausen; Stadtwald,Gemeindestraße,Essener Geschichte und Örtlichkeit,,35,automatisch
00082,Am Glockenspiel,Stadtkern,Gemeindestraße,Lagebezeichnung,,35,automatisch
00963,Am Grugapark,Rüttenscheid,Gemeindestraße,Lagebezeichnung,,35,automatisch
00083,Am Gutshof,Schuir,Gemeindestraße,Lagebezeichnung,,35,automatisch
00084,Am Hagenbusch,Heisingen,Gemeindestraße,"Hurname, Hofname",,35,automatisch
03603,Am Hammershöfchen,Kettwig,Gemeindestraße,Kotten,,35,unsicher
00085,Am Handelshof - Handelshof 1913 KEN U E Weein Am Handelshof,Stadtkern,Gemeindestraße,Essener Geschichte und Örtlichkeit,,35,unsicher
02537,Am Handwerkerpark,Katernberg,Gemeindestraße,Industrie und Wirtschaft,,36,automatisch
00086,Am Hang,Burgaltendorf,Gemeindestraße,Lagebezeichnung,,36,automatisch
00087,Am Hauptbahnhof,Stadtkern,Hauptstraße,Essener Geschichte und Ortlichkeit,,36,automatisch
00088,Am Haus Stein,Haarzopf,Gemeindestraße,Flurname,,36,automatisch
03604,Am Hausberg,Kettwig,Gemeindestraße,Flurname,,36,automatisch
00089,Am Heimbusch,Kray,Gemeindestraße,Flurname,,36,automatisch
00090,Am Heissiwald,Bredeney; Werden,Gemeindestraße,"Botanik, Wald",,36,automatisch
00091,Am Herrenbusch,Heisingen,Gemeindestraße,Flurname,,37,unsicher
00092,Am Hinsberg,Bredeney,Gemeindestraße,Flurname,,37,automatisch
03605,Am Hofacker,Kettwig,Gemeindestraße,Flurname,,37,automatisch
00093,Am Hohen Kreuz,Fischlaken,Gemeindestraße,Flurname,,37,automatisch
00699,Am Isinger Bach,Leithe,Gemeindestraße,Gewässer,,37,automatisch
00095,Am Jungborn,Bochold,Gemeindestraße,Lagebezeichnung,,37,automatisch
00096,Am Kalverkämpchen,Kray,Gemeindestraße,Flurname,,37,automatisch
00097,Am Kampenbusch,Kray,Gemeindestraße,Flurname,,37,automatisch
03606,Am Kattenturm,Kettwig,Gemeindestraße,Sage,,37,automatisch
01885,Am Kettwiger Ruhrbogen,Kettwig,Gemeindestraße,Lage- bezeichnung,,37,automatisch
00262,Am Kieskamp,Burgaltendorf,Gemeindestraße,Flurname,,38,automatisch
00263,Am Kirchhof,Burgaltendorf,Gemeindestraße,Nummerierungsbezirk,,38,automatisch
01619,Am Knottenberg,Steele,Gemeindestraße,Flurname,,38,automatisch
00098,Am Kohlenkämpchen,Bredeney,Gemeindestraße,Flurname,,38,automatisch
00099,Am Korintenberg,Bredeney; Werden,Gemeindestraße,Flurname,,38,automatisch
00100,Am Kornkamp,Bochold,Gemeindestraße,Lagebezeichnung,,38,automatisch
00101,Am Korstick,Heidhausen,Gemeindestraße,Hofname,,38,automatisch
00264,Am Krählinge,Burgaltendorf,Gemeindestraße,Kotten,,38,automatisch
00102,Am Krausen Bäumchen,Bergerhausen,Gemeindestraße,Flurname,,38,automatisch
00103,Am Kreuz,Altenessen-Süd,Gemeindestraße,Lagebezeichnung,,38,automatisch
00208,Am Kreyenkrop,Bedingrade,Landstraße,Flurname,,39,automatisch
00104,Am Kringel,Überruhr- Holthausen,Gemeindestraße,"Flurname, Familienname",,39,automatisch
00105,Am Krusen,Heisingen,Gemeindestraße,Flurname,,39,automatisch
00822,Am Kunstschacht,Stoppenberg,Gemeindestraße,Lagebezeichnung,,39,automatisch
00239,Am Kunstwerk,Bergerhausen,Gemeindestraße,Bergbau,,39,automatisch
00106,Am Langensiepen,Heisingen,Gemeindestraße,"Flurname, Familienname",,39,automatisch
00107,Am Lehmberg,Leithe,Gemeindestraße,Flurname,,39,automatisch
01130,Am Lichtbogen,Altenessen- Süd,Gemeindestraße,Industrie und Wirtschaft,,39,automatisch
02527,Am Lindenbruch,Katernberg,Gemeindestraße,Flurname,,39,automatisch
00108,Am Lünink,Fischlaken,Gemeindestraße,"Flurname, Kotten",,39,automatisch
00241,Am Luftschacht,Kray,Gemeindestraße,Bergbau,,40,automatisch
00109,Am Markuskreuz,Bredeney,Gemeindestraße,Lagebezeichnung,,40,automatisch
02513,Am Mechtenberg,Kray,Gemeindestraße,"Geologie, Berg, vorm.: Bonifaciusstraße (tlw.)",,40,unsicher
03607,Am Möhlenkamp,Kettwig,Gemeindestraße,Flurname,,40,automatisch
00110,Am Mörgeken,Kray,Gemeindestraße,Flurname,,40,automatisch
00111,Am Mühlenbach,Frohnhausen; Holsterhausen,Gemeindestraße,Gewässer,,40,automatisch
03608,KERNE Met SENT BET pe rn ia Am Mühlengraben,Kettwig,Gemeindestraße,Lagebezeichnung,,40,unsicher
03609,PERRRFEERE PETER Am Muhrenberg,Kettwig,Gemeindestraße,Flurname,,40,automatisch
00113,Am Nachtigallental,Margarethenhöhe,Gemeindestraße,"Botanik, Park",,40,automatisch
00209,Am Ostpark,Südostviertel,Gemeindestraße,"Botanik, Park",,41,automatisch
00114,Am Parkfriedhof,Huttrop,Gemeindestraße,Lagebezeichnung,,41,automatisch
00526,Am Porscheplatz,Stadtkern,Gemeindestraße,"Person, Mann, Deutscher, Kraftfahrzeugkonstrukteur, Lagebezeichnung",Porscheplatz und Porschekanzel,41,automatisch
00115,Am Pothstück,Haarzopf,Gemeindestraße,Flurname,,41,automatisch
00698,Am Pumpwerk,Kray,Gemeindestraße,Lagebezeichnung,,41,automatisch
02510,Am Reiterhof,Stoppenberg,Gemeindestraße,"Lagebezeichnung, vorm.: Distelbeckhof (tiIw.)",,41,unsicher
00116,Am Richrath,Fischlaken,Gemeindestraße,Bergbau,,41,automatisch
00238,) Am Richtenberg,Frohnhausen,Gemeindestraße,Lagebezeichnung,,41,unsicher
00574,Am Riehlpark,Frohnhausen,Gemeindestraße,"Person, Mann, Deutscher, Journalist, Novellist, Kulturhistoriker",,41,automatisch
00117,Am Ringofen,Bergeborbeck,Gemeindestraße,Lagebezeichnung,,41,unsicher
00246,Am Roten Haus,Bedingrade,Gemeindestraße,Flurname,,42,automatisch
00248,Am Rüttenscheider Stern,Rüttenscheid,Gemeindestraße,Lagebezeichnung,Rüttenscheider Stern,42,automatisch
00118,Am Ruhmbach,Haarzopf,Gemeindestraße,Lagebezeichnung,,42,automatisch
00119,Am Ruhrstein,Bredeney,Gemeindestraße,Lagebezeichnung,,42,automatisch
00120,Am Ruhrufer,Steele,Gemeindestraße,Lagebezeichnung,,42,automatisch
00121,Am Rundblick,Kray,Gemeindestraße,Lagebezeichnung,,42,automatisch
03270,Am Schacht Hubert,Friltendorf,Gemeindestraße,Bergbau,,42,automatisch
00123,Am Scheidtbusch,Fulerum,Gemeindestraße,Hofname,,42,automatisch
00124,Am Schlagbaum,Altenessen- Süd,Gemeindestraße,Flurname,,42,automatisch
00125,Am Schlangenberg,Bergerhausen,Gemeindestraße,"Flurname, Hofname",,42,automatisch
00126,Am Schmalscheid,Fischlaken,Gemeindestraße,Fiurname,,43,automatisch
00127,Am Schroer,Byfang,Gemeindestraße,"Flurname, Familienname",,43,automatisch
01138,Am Schroerkotten,Stoppenberg,Gemeindestraße,Familienname,,43,automatisch
00128,Am Schultenhof,Stoppenberg,Gemeindestraße,Hofname,,43,automatisch
00129,Am Schwarzen,Heidhausen,Gemeindestraße,Lagebezeichnung,,43,automatisch
03565,Am Seeblick,Heisingen,Gemeindestraße,Lagebezeichnung,,43,automatisch
01872,Am Seebogen,Kupferdreh,Gemeindestraße,Lagebezeichnung,,43,automatisch
03559,Am Siepenhang,Bergerhausen,Gemeindestraße,Lagebezeichnung,,43,automatisch
00266,Am Sonnenhang,Burgaltendorf,Gemeindestraße,Kotten,,43,automatisch
03732,Am Stadtbad,Kettwig,Gemeindestraße,Lagebezeichnung,,43,automatisch
00249,Am Stadthafen,Bergeborbeck,Gemeindestraße,Lagebezeichnung,,43,automatisch
03611,EEE EEE ER 4 4 bi Am Stadtwald,Kettwig,Gemeindestraße,Lagebezeichnung,,44,unsicher
03612,Am Stammensberg,Kettwig,Gemeindestraße,Lagebezeichnung,,44,automatisch
00267,Am Stern,Burgaltendorf,Gemeindestraße,Lagebezeichnung,,44,automatisch
00132,Am Stift,Rellinghausen,Gemeindestraße,Essener Geschichte und Ortlichkeit,Stiftplatz,44,automatisch
01615,Am Stoppenberger Bach,Stoppenberg,Gemeindestraße,Lagebezeichnung,,44,automatisch
00259,Am Streifen,Haarzopf,Gemeindestraße,Flurname,,44,automatisch
00133,Am Strötgen,Heidhausen,Gemeindestraße,Hofname,,44,automatisch
00134,Am Tann,Bredeney,Gemeindestraße,Lagebezeichnung,,44,automatisch
01149,Am Technologiepark,Kray,Gemeindestraße,"Industrie und Wirtschaft, vorm.: Franz-Fischer-Weg_ (tiw.), vorm.: Schönscheidtstraße (tiw)",,44,unsicher
00135,Am Teichstück,Schonnebeck,Gemeindestraße,Flurname,,44,automatisch
00217,Am Thyssenhaus,Südviertel,Gemeindestraße,Lagebezeichnung,,44,automatisch
00136,Am Treppehen,Schuir,Gemeindestraße,Lagebezeichnung,,45,automatisch
00137,Am Turm,Heidhausen,Gemeindestraße,Lagebezeichnung,,45,unsicher
00138,Am U-Bogen,Katernberg,Gemeindestraße,Lagebezeichnung,,45,automatisch
00255,Am Uhlenkrug,Stadtwald,Gemeindestraße,Lagebezeichnung,,45,automatisch
00261,Am Vattersberg,Burgaltendorf,Gemeindestraße,Lagebezeichnung,,45,automatisch
00257,Am Vierkotten,Heisingen,Gemeindestraße,Kotten,,45,automatisch
00139,Am Vogelherd,Fischlaken,Gemeindestraße,Flurname,,45,automatisch
00140,Am Volkswald,Heidhausen,Gemeindestraße,Lagebezeichnung,,45,automatisch
00240,Am Wäldchen,Horst,Gemeindestraße,Lagebezeichnung,,45,automatisch
00141,Am Waldthausenpark,Stadtkern,Gemeindestraße,Essener Geschichte und Örtlichkeit,,45,automatisch
00268,AmWasserturm,Burgaltendorf,Gemeindestraße,Lagebezeichnung,,46,automatisch
00143,Am Werthschemm,Karnap,Gemeindestraße,Flurname,,46,automatisch
00144,Am Westbahnhof,Frohnhausen,Gemeindestraße,Lagebezeichnung,,46,automatisch
03615,Am Wetzelsberg,Kettwig,Gemeindestraße,"Flurname, Kotten",,46,automatisch
00145,Am Weusthof,Überruhr- Hinsel,Gemeindestraße,Lehngut,,46,automatisch
03552,Am Wiedenfeld,Stadtwald,Gemeindestraße,Flurname,,46,automatisch
01544,Am Wieselbach,Kupferdreh,Gemeindestraße,Lagebezeichnung,,46,automatisch
00146,Am Wiesental,Bredeney,Gemeindestraße,Botanik,,46,automatisch
03689,Am Wildbach,Kettwig,Gemeindestraße,Lagebezeichnung,,47,automatisch
00147,Am Wittkop,Bredeney,Gemeindestraße,"Lagebezeichnung, Familienname",,47,automatisch
00244,Am Wolfshof,Schönebeck,Gemeindestraße,Kotten,,47,automatisch
01888,Am Wollboden,Kettwig,Gemeindestraße,Lagebezeichnung,,47,automatisch
00148,Am Wünnesberg,Haarzopf,Gemeindestraße,Flurname,,47,automatisch
01540,Am Wunschbrunnen,Katernberg,Gemeindestraße,Siedlung,,47,automatisch
00149,Am Zehnthof,Frillendorf; Kray,Kreisstraße; Landstraße,Hofname,,47,automatisch
03272,Am Ziegelteich,Altenessen- Süd,Gemeindestraße,Lagebezeichnung,,47,automatisch
00094,Amixstraße,Altendorf,Gemeindestraße,"Person, Frau, Deutsche",,48,automatisch
00130,Amselstraße,Stadtwald,Gemeindestraße,Zoologie,Amselweg,48,automatisch
00265,Amselweg,Burgaltendorf,Gemeindestraße,Zoologie,Amselstraße,48,automatisch
00150,An den Friedhöfen,Kupferdreh,Gemeindestraße,Lagebezeichnung,,48,automatisch
00254,An den Quellen,Borbeck- Mitte,Gemeindestraße,Gewässer,,48,unsicher
00151,An der Altenburg,Heidhausen,Gemeindestraße,"Flurname, Kotten",,48,automatisch
00152,An der Apostelkirche,Frohnhausen,Gemeindestraße,Kirche und Kloster,,48,automatisch
00153,Ander Bergbrücke,Vogelheim,Gemeindestraße,Flurname,,48,automatisch
03558,An der Bergkuhle,Bedingrade,Gemeindestraße,Lagebezeichnung,,48,automatisch
00154,An der Bläufabrik,Heidhausen,Gemeindestraße,Industrie und Wirtschaft,,48,automatisch
01552,An der Blumenwiese,Stoppenberg,Gemeindestra Be,"Lagebezeichnung, PER B BEN: * ai",,48,unsicher
00155,” An der Braut,Heidhausen,Gemeindestraße,Bergbau,,49,unsicher
03564,An der Düsterbeck,Borbeck- Mitte,Gemeindestraße,Flurname,,49,unsicher
00156,An der Fliehburg,Heidhausen,Gemeindestraße,Lagebezeichnung,,49,automatisch
00250,An der Hütung,Stoppenberg,Gemeindestraße,Flurname,,49,automatisch
00157,An der Kluse,Bredeney,Gemeindestraße,Lagebezeichnung,,49,automatisch
00158,An der Kuhl,Heidhausen,Gemeindestraße,Lagebezeichnung,,50,automatisch
03554,An der Lanterbeck,Dellwig,Gemeindestraße,Flurname,,50,automatisch
00159,An der Meisenburg,Schuir,Gemeindestraße,"Flurname, Familienname",,50,automatisch
03616,An der Nittlau,Kettwig,Gemeindestraße,Flurname,,50,automatisch
03617,An der Pierburg,Kettwig; Schuir,Gemeindestraße,"Flurname, Familienname",,50,automatisch
00161,An der Reichsbank,Stadtkern,Gemeindestraße,Essener Geschichte und Örtlichkeit,,50,automatisch
00242,An der Schlaghecke,Bedingrade,Gemeindestraße,Lagebezeichnung,,50,automatisch
03560,An der Schlucht,Schönebeck,Gemeindestraße,Lagebezeichnung,,50,automatisch
01559,An der Seilbahn,Schönebeck,Gemeindestraße,Bergbau,,51,automatisch
03625,An der Seilerei,Kettwig,Gemeindestraße,Lagebezeichnung,,51,unsicher
02605,An der Stadtmauer,Werden,Gemeindestraße,Lagebezeichnung,,51,automatisch
00163,An der Walkmühle,Altenessen-Nord; Vogelheim,Gemeindestraße,"Lagebezeichnung, Industrie und Wirtschaft, Mühle",Walkmühlenstraße,51,automatisch
00256,An der Wickenburg,Frohnhausen,Gemeindestraße,Lagebezeichnung,Wickenburgstraße,51,automatisch
00269,An der Windmühle,Burgaltendorf,,Lagebezeichnung,,51,unsicher
03563,An der Zeche Heinrich,Überruhr-Holthausen,Gemeindestraße,Bergbau,,51,automatisch
00165,An der Ziegelei,Schuir,Gemeindestraße,"Lagebezeichnung, Siedlung",,52,automatisch
00167,An Lindemanns Kreuz,Schonnebeck,Gemeindestraße,Lagebezeichnung,,52,automatisch
01137,An Römerskotten,Stoppenberg,Gemeindestraße,"Kotten, Familienname",,52,automatisch
00171,An St. Albertus Magnus,Bergerhausen,Gemeindestraße,Kirche und Kloster,,52,automatisch
00172,An St. Hedwig,Altenessen- Süd,Gemeindestraße,Kirche und Kloster,,52,automatisch
00173,An St. Ignatius,Südviertel,Gemeindestraße,Kirche und Kloster,,52,automatisch
00174,An St. Immakulata,Borbeck- Mitte,Gemeindestraße,Kirche und Kloster,,52,automatisch
00175,An St. Marien,Nordviertel,Gemeindestraße,Kirche und Kloster,,53,automatisch
00176,An St. Quintin,Stadtkern,Gemeindestraße,"Essener Geschichte und Ortlichkeit, Kirche und Kloster",,53,automatisch
00177,An St. Stephan,Holsterhausen,Gemeindestraße,Kirche und Kloster,,53,automatisch
00178,An St. Thomas,Vogelheim,Gemeindestraße,Kirche und Kloster,,53,automatisch
03562,Anemonenweg,Bredeney,Gemeindestraße,Botanik,,53,automatisch
03551,Angelikastraße,Rüttenscheid,Gemeindestraße,Weiblicher Vorname,,53,automatisch
00166,Angerstraße,Stadtwald,Gemeindestraße,Botanik,,53,automatisch
00168,Anna-Linder-Weg,Bredeney,Gemeindestraße,"Person, Frau, Schwedin, Ärztin",,53,automatisch
00169,Annastraße,Rüttenscheid,Gemeindestraße,Weiblicher Vorname,,54,automatisch
00179,Anstockstraße,Kupferdreh,Gemeindestraße,"Person, Mann, Deutscher, Lehrer",,54,automatisch
00180,Antonienallee,Horst,Gemeindestraße,"Person, Frau, Deutsche",,54,automatisch
00245,Antoniushang,Schönebeck,Gemeindestraße,Kirche und Kloster,Antoniusstraße,54,automatisch
00181,Antoniusstraße,Schönebeck,Gemeindestraße,Kirche und Kloster,,54,automatisch
00183,Antropstraße,Überruhr- Hinsel,Gemeindestraße,Familienname,,54,automatisch
02504,Antwerpenweg,Bochold,Gemeindestraße,"Stadt und Ort, Siedlung",,54,automatisch
00184,Archenholzstraße,Frohnhausen,Gemeindestraße,"Person, Mann, Deutscher, Offizier, Schriftsteller",,54,automatisch
00185,Ardelhütte,Schönebeck,Gemeindestraße,Kotten,,54,automatisch
00186,Ardeyplatz,Rellinghausen,Gemeindestraße,"Botanik, Platz",,54,automatisch
00187,Ardeystraße,Rellinghausen,Gemeindestraße,Botanik,Ardeyplatz,54,automatisch
00188,Arenbergstraße,Karnap,Landstraße,"Bergbau, Siedlung",,54,automatisch
03555,Arendahls Hang,Stoppenberg,Gemeindestraße,Flurnamen,,54,automatisch
00189,Arendahls Wiese,Stoppenberg,Gemeindestraße,Flurname,,54,automatisch
00190,Arminiusgarten,Karnap,Gemeindestraße,"Person, Mann, Germane, Fürst",,55,automatisch
00191,Armstraße,Borbeck-Mitte,Gemeindestraße,Essener Geschichte und Örtlichkeit,,55,automatisch
03618,Arndtstraße,Kettwig,Gemeindestraße,"Person, Mann, Deutscher, Schriftsteller, Historiker, Dichter, Männlicher Vorname",,55,automatisch
00193,Arnoldstraße,Bredeney,Gemeindestraße,"Person, Mann, Deutscher, Familie Krupp, Männlicher Vorname, Siedlung",,55,automatisch
02509,Aronweg,Steele,Gemeindestraße,"Person, Frau, Deutsche, Jüdin",,55,automatisch
00194,Asbachtal,Kupferdreh,Gemeindestraße,Lagebezeichnung,,55,automatisch
00195,Asbeckstraße,Bochold,Gemeindestraße,"Person, Mann, Deutscher, Kruppscher Beamter, Siedlung",,55,automatisch
00196,Ascherfeldweg,Stadtwald,Gemeindestraße,"Person, Mann, Deutscher, Kruppscher Beamter, Siedlung",,55,automatisch
00197,Aseyweg,Bredeney; Schuir,Gemeindestraße,"Flurname, Hofname",,55,automatisch
00198,Askaristraße,Gerschede,Gemeindestraße,Siedlung,,56,automatisch
02522,Assmannweg,Nordviertel,Gemeindestraße,"Person, Mann, Deutscher, Meteorologe, vorm.: Reckhammerweg (tiw.)",,56,unsicher
00199,Asthöwerstraße,Holsterhausen,Gemeindestraße,"Person, Mann, Deutscher, Kruppscher Beamter, Stadtverordneter",,56,automatisch
03619,Auer Höhe,Kettwig,Gemeindestraße,Flurname,,56,automatisch
00200,Auf dem Bretzberg,Frillendorf,Gemeindestraße,Flurname,,56,automatisch
00202,Auf dem Eichholz,Bedingrade,Gemeindestraße,"Flurname, Familienname",,56,automatisch
03620,Auf dem Eigen,Kettwig,Gemeindestraße,Flurname,,56,automatisch
02520,Auf dem Erdwinkel,Stoppenberg,Gemeindestraße,Lagebezeichnung,,56,automatisch
00203,Auf dem Felde,Katernberg,Gemeindestraße,Flurname,,56,automatisch
00204,Auf dem Holleter,Huttrop,Gemeindestraße,Flurname,,56,automatisch
00205,Auf dem Kolfen,Kray,Gemeindestraße,Flurname,,56,automatisch
03550,Auf dem Loh,Burgaltendorf,Gemeindestraße,Flurname,,56,unsicher
00206,Auf dem Stapel,Schonnebeck,Gemeindestraße,Bergbau,,56,automatisch
00207,ia Auf dem Sutan,Werden,Gemeindestraße,Botanik,,56,unsicher
00210,Auf der Bredde,Frillendorf,Gemeindestraße,Flurname,,57,unsicher
00211,Auf der Bucht,Heisingen,Gemeindestraße,Lagebezeichnung,,57,automatisch
00212,Auf der Burg,Schönebeck,Gemeindestraße,Lagebezeichnung,,57,automatisch
00213,Auf der Delle,Schonnebeck,Gemeindestraße,Flurname,,57,automatisch
00214,Auf der Donau,Ostviertel; Südostviertel,Gemeindestraße,"Essener Geschichte und ÖOrtlichkeit, Flurname",,57,automatisch
03621,Auf der Forst,Kettwig,Gemeindestraße,Flurname,,57,automatisch
00215,Auf der Fuchskaul,Haarzopf,Gemeindestraße,Flurname,,57,automatisch
00201,Auf der Gathe,Heisingen,Gemeindestraße,Flurname,,57,automatisch
00216,Auf der Gehre,Kray,Gemeindestraße,Flurname,,57,automatisch
00824,Auf der Heide,Fulerum,Gemeindestraße,Flurname,,57,automatisch
00218,Auf der Höhe,Frintrop,Gemeindestraße,Lagebezeichnung,,57,automatisch
00219,Auf der Horst,Schonnebeck,Gemeindestraße,Flurname,,57,automatisch
00220,Auf der Knappe,Byfang,Gemeindestraße,Lagebezeichnung,,57,automatisch
00221,Auf der Litten,Frillendorf,Gemeindestraße,Flurname,,57,automatisch
00222,Auf der Reihe,Katernberg,Landstraße,Lagebezeichnung,,57,automatisch
03622,Auf der Rötsch,Kettwig,Gemeindestraße,Flurname,,58,automatisch
00823,Auf der Ruhrhöhe,Burgaltendorf,Gemeindestraße,Lagebezeichnung,,58,automatisch
00223,Auf der Union,Nordviertel,Gemeindestraße,Lagebezeichnung,,58,automatisch
00224,Aufhau,Stoppenberg,Gemeindestraße,Bergbau,,58,automatisch
00225,Auf'm Berg,Kray,Gemeindestraße,"Flurname, Hofname",,58,automatisch
00226,Auf'm Bögel,Haarzopf,Gemeindestraße,"Flurname, Kotten",,58,automatisch
00227,Auf'm Böntchen,Frillendorf,Gemeindestraße,Flurname,,58,automatisch
00228,Auf'm Bruch,Haarzopf,Gemeindestraße,Flurname,,58,automatisch
00229,Auf'm Dörnchen,Haarzopf,Gemeindestraße,Flurname,,58,automatisch
00230,Auf'm Gartenstück,Haarzopf,Gemeindestraße,Flurname,,58,automatisch
00231,Auf'm Kahr,Fischlaken,Gemeindestraße,Flurname,,58,automatisch
03557,Auf'm Keller,Haarzopf,Gemeindestraße,"Hofname, Familienname",,58,automatisch
00232,Auf'm Kirchenland,Leithe,Gemeindestraße,Flurname,,58,automatisch
00233,Auf'm Rolland,Borbeck- Mitte,Gemeindestraße,Flurname,,58,automatisch
00234,Auf'm Steinacker,Werden,Gemeindestraße,Flurname,,58,automatisch
03553,Auf'm Stöcken,Kupferdreh,Gemeindestraße,Flurname,,59,automatisch
00235,Aufm Uhlenbroich,Frillendorf,Gemeindestraße,Flurname,,59,automatisch
00236,Augenerstraße,Steele,Gemeindestraße,"Person, Mann, Deutscher, Pfarrer",,59,automatisch
00237,Augustaweg,Fischlaken,Gemeindestraße,Bergbau,,59,automatisch
01249,August-Schmidt-Straße,Katernberg,Gemeindestraße,"Person, Mann, Deutscher, Bergmann, Gewerkschafter",,59,automatisch
03624,August-Thyssen-Straße,Kettwig,Landstraße,"Person, Mann, Deutscher, Industrieller",,59,automatisch
00270,Baasstraße,Dellwig,Gemeindestraße,"Person, Mann, Deutscher, Schankwirt, Volksmund",,59,automatisch
03627,Bachstraße,Kettwig,Gemeindestraße,Gewässer,,59,automatisch
00272,Backwinkelstraße,Altenessen-Süd; Stoppenberg,Landstraße,"Person, Mann, Deutscher, Direktor",,59,automatisch
00273,Baderweg,Heisingen,Gemeindestraße,"Person, Mann, Deutscher, Rentmeister",,59,automatisch
00274,Baedekerstraße,Südviertel,Gemeindestraße,Familienname,,60,automatisch
00275,Bärendelle,Frohnhausen,Gemeindestraße,Flurname,,60,automatisch
00276,Bäuminghausstraße,Altenessen-Süd,Gemeindestraße,Lagebezeichnung,,60,automatisch
00277,Bahnhofstraße,Heisingen,Gemeindestraße,Lagebezeichnung,,60,automatisch
00278,43 ff Bahnstraße,Kupferdreh,Gemeindestraße,Lagebezeichnung,,60,unsicher
00279,Bahrenbergring,Heisingen,Gemeindestraße,Hofname,,60,automatisch
00280,Baldeney,Bredeney,Gemeindestraße,"Nummerierungsbezirk, Rittersitz",,61,automatisch
00514,Baltrumweg,Margarethenhöhe,Gemeindestraße,Insel,,61,automatisch
00281,Bamlerstraße,Altenessen- Süd,Gemeindestraße,"Person, Mann, Deutscher, Meteorologe, Ballonfahrer",,61,automatisch
00282,Bandelstraße,Huttrop,Gemeindestraße,"Person, Mann, Deutscher, Architekt, Bildhauer, Maler",,61,automatisch
00283,Bandstraße,Bedingrade; Schönebeck,Gemeindestraße,Lagebezeichnung,,61,automatisch
00284,Barbarakirchgang,Ostviertel,Gemeindestraße,"Essener Geschichte und Ortlichkeit, Kirche und Kloster",,61,automatisch
00285,Barbarastraße,Kray,Gemeindestraße,Kirche und Kloster,,61,automatisch
00286,Barbarossaplatz,Stoppenberg,Gemeindestraße,"Person, Mann, Kaiser,Platz",,61,automatisch
00512,Barchemhöhe,Bedingrade,Gemeindestraße,Bauerschaft,,61,automatisch
00287,Bardelebenstraße,Holsterhausen,Gemeindestraße,"Person, Mann, Deutscher, Professor, Mediziner, Chirurg",,61,automatisch
00967,Bargmannstraße,Westviertel,Gemeindestraße,"Person, Mann, Deutscher, Politiker, Beigeordneter",,62,automatisch
00289,Barkhorstrücken,Werden; Heidhausen,Gemeindestraße,Flurname,,62,automatisch
00290,Barkhovenallee,Heidhausen,Gemeindestraße,Hofname,,62,automatisch
00524,Barkhovenhöhe,Heidhausen,Gemeindestraße,Hofname,Barkhovenallee,62,automatisch
00288,Barnscheidstraße,Heisingen,Gemeindestraße,Bergbau,,62,automatisch
00291,Barthel-Bruyn-Straße,Holsterhausen,Gemeindestraße,"Person, Mann, Deutscher, Maler, Malerviertel-Holsterhausen",,62,automatisch
00292,Bartlingstraße,Kray,Gemeindestraße,Lehngut,,62,automatisch
00293,Bassinstraße,Südostviertel,Gemeindestraße,Lagebezeichnung,,63,automatisch
00294,Basunestraße,Altenessen- Nord,Gemeindestraße,Hofname,,63,automatisch
00295,Batenbrocker Straße,Karnap,Gemeindestraße,Bauerschaft,,63,automatisch
02046,Bauer-Knühl-Weg,Horst,Gemeindestraße,"Person, Mann, Deutscher, Landwirt",,63,automatisch
03629,EBERLE u Bauerschaft,Kettwig,Gemeindestraße,Nummerierungsbezirk,,63,automatisch
00296,Baumblüte,Bredeney,Gemeindestraße,Botanik,,63,automatisch
00521,Baumertweg,Horst,Gemeindestraße,"Person, Mann, Deutscher, Schlosser, Widerstandskämpfer",,63,automatisch
00300,Baumstraße,Südviertel,Gemeindestraße,Botanik,Dreilindenstraße,63,automatisch
00301,Bausemshorst,Altenessen- Nord,Gemeindestraße,Flurname,,63,automatisch
00302,Baustraße,Dellwig; Frintrop,Gemeindestraße,Industrie und Wirtschaft,,63,automatisch
00303,Bauvereinstraße,Bergerhausen,Gemeindestraße,Industrie und Wirtschaft,,63,automatisch
00304,Beckerskamp,Steele,Gemeindestraße,"Flurname, Familienname",,64,automatisch
00305,Beckhansweg,Werden,Gemeindestraße,Flurname,,64,automatisch
00306,Beckmannsbusch,Bredeney,Gemeindestraße,"Flurname, Hofname",,64,automatisch
00297,Beckmesserstraße,Leithe,Gemeindestraße,"Person, Mann, Deutscher, Meistersinger",,64,automatisch
00307,Becksiepenstraße,Huttrop,Gemeindestraße,Botanik,,64,automatisch
00308,Beckstädtstraße,Vogelheim,Gemeindestraße,Bergbau,,64,automatisch
00309,Beckstraße,Vogelheim,Gemeindestraße,Kotten,,64,automatisch
00310,Beckumsfeld,Heisingen,Gemeindestraße,Flurname,,64,automatisch
00311,Bedastraße,Werden,Gemeindestraße,"Person, Mann, Deutscher, Abt",,64,automatisch
00312,Bedingrader Straße,Bedingrade,Gemeindestraße,Bauerschaft,,64,automatisch
00313,Beekerwerth,Kray,Gemeindestraße,Bergbau,,64,automatisch
00314,Beekmannstraße,Fulerum,Gemeindestraße,Hofname,,65,automatisch
00315,Beethovenstraße,Südviertel,Gemeindestraße,"Person, Mann, Deutscher, Komponist",,65,automatisch
03631,Beetstraße,Kettwig,Gemeindestraße,Flurname,,65,unsicher
00298,Behaimring,Leithe,Gemeindestraße,"Person, Mann, Deutscher, Schriftsteller, Meistersinger",,65,automatisch
00523,Beisemannhang,Kupferdreh,Gemeindestraße,Kotten,,65,automatisch
00318,Beisenstraße,Katernberg,Gemeindestraße,Flurname,,65,automatisch
00319,Beiseweg,Südviertel,Gemeindestraße,Flurname,,65,automatisch
00320,Beisingstraße,Nordviertel,Gemeindestraße,"Person, Mann, Deutscher, Pfarrer, Essener Geschichte und Örtlichkeit",Peterstraße,65,automatisch
00321,Belfortstraße,Südostviertel,Gemeindestraße,"Kriegserinnerung, Stadt und Ort",,65,automatisch
00322,Bellenbergsteig,Heidhausen,Gemeindestraße,Familienname,,65,automatisch
00323,Bendemannstraße,Holsterhausen,Gemeindestraße,"Person, Mann, Deutscher, Maler, Malerviertel-Holsterhausen",,65,automatisch
00324,Benderstraße,Kupferdreh,Gemeindestraße,"Person, Mann, Deutscher, Chemiker, Fabrikant",,66,automatisch
00515,Benno-Strauß-Straße,Frohnhausen,Gemeindestraße,"Person, Mann, Deutscher, Physiker",,66,automatisch
00325,Bentheimer Straße,Frohnhausen,Gemeindestraße,Stadt und Ort,,66,automatisch
00326,Benzstraße,Bredeney,Gemeindestraße,"Person, Mann, Deutscher, Erfinder, Konstrukteur, Unternehmer",,66,automatisch
03632,Berchemer Weg,Kettwig,Gemeindestraße,"Hofname, Familienname",,66,automatisch
00327,Berenberger Mark,Bredeney,Gemeindestraße,Lagebezeichnung,,66,automatisch
00328,Bergbaustraße,Katernberg,Gemeindestraße,"Bergbau, Siedlung",,66,automatisch
00329,Bergebuschstraße,Katernberg,Gemeindestraße,Flurname,,66,automatisch
00330,Bergerhauser Straße,Huttrop; Bergerhausen,Gemeindestraße,Bauerschaft,,66,automatisch
00471,Berghausbusch,Haarzopf,Gemeindestraße,Familienname,,66,unsicher
00458,Berghausweg,Haarzopf,Gemeindestraße,Familienname,Berghausbusch,66,automatisch
00331,"[sie > °"" sr $ Bergheimer Steig",Dellwig,Gemeindestraße,Bauerschaft,Bergheimer Straße,66,unsicher
00509,Bergheimer Straße,Bedingrade; Gerschede,Gemeindestraße,Bauerschaft,,67,automatisch
00332,Bergische Landstraße,Heidhausen,Bundesstraße,Stadt und Ort,,67,automatisch
00333,Bergkamp,Schönebeck,Gemeindestraße,Flurname,,67,automatisch
00334,Bergknappenweg,Steele,Gemeindestraße,Bergbau,,67,automatisch
00335,Bergmannsglück,Katernberg,Gemeindestraße,"Bergbau, Lebensgefühl",,67,automatisch
00336,Bergmühle,Bochold,Gemeindestraße,Mühle,,67,automatisch
00337,Bergmühlenwehr,Bochold,Gemeindestraße,Mühle,Bergmühle,67,automatisch
03633,Bergstraße,Kettwig,Gemeindestraße,Lagebezeichnung,,67,automatisch
00339,Berkenberg,Kray; Schonnebeck,Gemeindestraße,Flurname,,67,automatisch
00340,Berkenhölzken,Kray; Schonnebeck,Gemeindestraße,Flurname,,67,automatisch
00532,Berkenkampmühle,Schonnebeck,Gemeindestraße,Mühle,,67,automatisch
00299,Berliner Platz,Stadtkern; Westviertel,Landstraße,"Stadt und Ort, Platz",,68,automatisch
00342,Berliner Straße,Altendorf; Frohnhausen,Gemeindestraße,Stadt und Ort,,68,automatisch
00343,Bernestraße,Stadtkern; Ostviertel,Kreisstraße,"Essener Geschichte und Örtlichkeit, Gewässer",,68,automatisch
00344,Bernhardstraße,Fischlaken,Gemeindestraße,"Person, Mann, Deutscher, Abt",,68,automatisch
00316,Bersonstraße,Nordviertel,Gemeindestraße,"Person, Mann, Deutscher, Meteorologe, Ballonfahrer",,68,automatisch
00345,Berswortschanze,Karnap,Gemeindestraße,"Person, Mann, Deutscher, Richter",,68,automatisch
02766,Bert-Brecht-Straße,Südviertel; Westviertel,Gemeindestraße,"Person, Mann, Deutscher, Dramatiker, Lyriker",,68,automatisch
00828,Berthold-Beitz-Boulevard,Nordviertel; Westviertel; Altenessen-Süd,Kreisstraße,"Person, Mann, Deutscher, Industrielle",,68,automatisch
00346,Bertoldstraße,Rüttenscheid,Gemeindestraße,Männlicher Vorname,,68,automatisch
00347,Bertramstraße,Karnap,Gemeindestraße,Männlicher Vorname,,69,automatisch
00348,Berzeliusstraße,Frohnhausen,Gemeindestraße,"Person, Mann, Schwede, Mediziner, Chemiker",,69,automatisch
00349,Besselstraße,Altendorf,Gemeindestraße,"Person, Mann, Deutscher, Astronom, Mathematiker, Geodät",,69,automatisch
00350,Bessemerstraße,Bergeborbeck,Gemeindestraße,"Person, Mann, Engländer, Erfinder",,69,automatisch
00352,Beulenhof,Horst,Gemeindestraße,Hofname,,69,automatisch
00353,Beulestraße,Horst,Gemeindestraße,Bauerschaft,,69,automatisch
00354,Beuststraße,Ostviertel,Gemeindestraße,"Essener Geschichte und Ortlichkeit, Bergbau",,69,automatisch
00355,Bewerungestraße,Steele,Gemeindestraße,"Person, Mann, Deutscher, Waisenhausdirektor",,70,automatisch
00356,Beyweg,Huttrop,Gemeindestraße,"Person, Mann, Deutscher, Landwirt",,70,automatisch
00357,Bieberweg,Bedingrade; Geschede,,"Gemeindestraße, Stadt und Ort, Siedlung",,70,unsicher
00358,Biegonstraße,Schonnebeck,Gemeindestraße,"Person, Mann, Deutscher, Bürgermeister",,70,automatisch
00359,Bielenhöhe,Frillendorf,Gemeindestraße,Flurname,,70,automatisch
00360,Bienenweg,Überruhr-Hinset; Überruhr-Holthausen,Gemeindestraße,"Person, Mann, Deutscher, Pfarrer",,70,automatisch
03639,Biesgenweg,Kettwig,Gemeindestraße,Familienname,,70,automatisch
00361,Billebrinkhöhe,Bergerhausen,Gemeindestraße,Essener Geschichte und Örtlichkeit,,70,automatisch
00362,Billrothstraße,Holsterhausen,Gemeindestraße,"Person, Mann, Deutscher, Mediziner",,70,automatisch
00363,Billsteinweg,Altenessen- Nord,Gemeindestraße,Bergbau,,70,automatisch
00365,Birkenstraße,Rüttenscheid; Stadtwald,Gemeindestraße,Botanik,,70,automatisch
00366,Ben RN RAN) gs das Birkmannsweg - Hof Birkmann Birkmannsweg,Haarzopf,Gemeindestraße,Hofname,,70,unsicher
01647,Bischof-Franz-Wolf-Straße,Gerschede,Gemeindestraße,"Person, Mann, Deutscher, Missionar, Bischof",,71,automatisch
00367,Bischoffstraße,Altenessen- Nord; Süd,Gemeindestraße,Hofname,,71,automatisch
00368,Bismarckplatz,Südviertel,Kreisstraße,"Person, Mann, Deutscher, Fürst, Ehrenbürger, Platz",,71,automatisch
00369,Bismarckstraße,Südviertel,Bundesstraße; Kreisstraße,"Person, Mann, Deutscher, Fürst, Ehrenbürger",Bismarckplatz,71,automatisch
00370,Bissenkamp,Byfang; Kupferdreh,Gemeindestraße,"Bergbau, Nummerierungsbezirk",,71,automatisch
00511,Bläulingweg,Horst,Gemeindestraße,Zoologie,,71,automatisch
00371,Bleckerkamp,Huttrop,Gemeindestraße,Flurname,,71,automatisch
00372,Blittersdorfweg,Kray,Gemeindestraße,Familienname,,71,automatisch
00373,Blitzstraße,Dellwig,Gemeindestraße,Lagebezeichnung,,71,automatisch
00374,Blockstraße,Kupferdreh,Gemeindestraße,"Lagebezeichnung, Siedlung",,71,automatisch
00375,Blücherstraße,Nordviertel,Gemeindestraße,"Person, Mann, Deutscher, Fürst, Generalfeldmarschall, Kriegserinnerung",,71,automatisch
00376,Blumenfeldstraße,Nordviertel,Gemeindestraße,"Person, Mann, Deutscher, Lehrer, Essener Geschichte und Örtlichkeit",,71,automatisch
00377,Blumenkamp,Bredeney,Gemeindestraße,Botanik,,72,automatisch
00378,Blumenthalstraße,Südostviertel; Huttrop,Gemeindestraße,"Person, Mann, Deutscher, Graf, Generalfeldmarschall, Kriegserinnerung",,72,automatisch
00379,Bocholder Straße,Bochold; Borbeck-Mitte,Landstraße,Bauerschaft,,72,unsicher
00565,Bochumer Landstraße,Steele; Freisenbruch,Landstraße,Lagebezeichnung,,72,unsicher
00380,Bochumer Straße,Steele,Gemeindestraße,Stadt und Ort,,72,automatisch
00381,Bockmühlenweg,Altendorf,Gemeindestraße,"Lagebezeichnung, Mühle",,72,automatisch
00382,Bodelschwinghstraße,Stadtwald,Gemeindestraße,"Person, Mann, Deutscher, Theologe",,72,automatisch
00383,Böcklinstraße,Holsterhausen,Gemeindestraße,"Person, Mann, Schweizer, Maler, Zeichner, Grafiker, Bildhauer, Malerviertel- Holsterhausen",,72,automatisch
00384,Böhmerheide,Altenessen- Nord,Gemeindestraße,"Flurname, Familienname",,72,automatisch
00385,Böhmerstraße,Frohnhausen; Schönebeck,Gemeindestraße,"Person, Mann, Deutscher, Historiker",,73,automatisch
00386,Bökensiepen,Heisingen,Gemeindestraße,Botanik,,73,automatisch
00387,Boettgerstraße,Holsterhausen,Gemeindestraße,"Person, Mann, Deutscher, Chemiker, Physiker",,73,automatisch
00388,Bogenstraße,Heisingen,Gemeindestraße,Lagebezeichnung,,73,automatisch
00390,Bohrmühlental,Stadtwald,Gemeindestraße,Mühle,,73,automatisch
00391,Bolckendyck,Huttrop; Südostviertel,Gemeindestraße,Flurname,,73,automatisch
00392,Bolsterbaum,Katernberg,Gemeindestraße,"Flurname, Familienname",,73,automatisch
00393,Bongerbank,Freisenbruch,Gemeindestraße,Bergbau,,73,automatisch
00520,Bonhoefferweg,Horst,Gemeindestraße,"Familienname, Widerstandskämpfer",,73,automatisch
03276,Bonifaciusring,Kray,Gemeindestraße,Bergbau,,73,automatisch
00394,Bonifaciusstraße,Schonnebeck; Kray,Gemeindestraße,Bergbau,,73,automatisch
00435,Bonnekamphöhe,Katernberg,Gemeindestraße,Hofname,Bonnekampstraße,74,automatisch
00395,Bonnekampstraße,Katernberg,Gemeindestraße,Hofname,,74,automatisch
00396,Bonnemannstraße,Schönebeck,Gemeindestraße,Familienname,,74,automatisch
00397,Bonnenbergstraße,Heisingen,Gemeindestraße,"Flurname, Kotten",,74,automatisch
00398,Bonscheidter Straße,Heisingen,Gemeindestraße,Flur-name,,74,automatisch
02515,Bonsiepen,Bergerhausen,Gemeindestraße,Hofname,,74,unsicher
00399,Borbecker Platz,Borbeck- Mitte,Gemeindestraße,"Essener Geschichte und Örtlichkeit, Hofname, Platz",,74,automatisch
00400,Borbecker Straße,Borbeck- Mitte; Bochold,Hauptstraße; Gemeindestraße,"Essener Geschichte und Örtlichkeit, Hofname",Borbecker Platz,74,unsicher
00401,Borgemeisterstraße,Katernberg,Gemeindestraße,Kotten,,74,automatisch
00513,Borkumstraße,Margarethenhöhe,Gemeindestraße,Insel,,75,automatisch
00402,Bornickswiese,Frillendorf,Gemeindestraße,Flurname,,75,automatisch
00403,Bornstraße,Ostviertel,Gemeindestraße,"Person, Mann, Deutscher, Kaufmann, Gewerke, Bankier, Essener Geschichte und Örtlichkeit",,75,automatisch
00404,Borsigstraße,Holsterhausen,Gemeindestraße,"Person, Mann, Deutscher Maschinenbauer, Unternehmer, ur- spr.: Parkstraße",,75,unsicher
00405,Boshamerweg,Karnap,Gemeindestraße,"Person, Mann, Deutscher, Pfarrer",,75,automatisch
00406,Bosselberg,Stadtwald,Gemeindestraße,Bergbau,,75,automatisch
00407,Bottlenberg,Stadtwald; Bredeney,Gemeindestraße,Familienname,,75,automatisch
00408,Bottroper Straße,Nordviertel; Bochold; Altenessen-Süd; Bergeborbeck; Dellwig; Gerschede,Landstraße,Stadt und Ort,,76,unsicher
00409,Bovermanns Kamp,Kupferdreh,Gemeindestraße,Hofname,,76,automatisch
00410,Bovermanns Weg,Kupferdreh,Gemeindestraße,Hofname,,76,automatisch
00411,Boyer Straße,Karnap,Hauptstraße,Stadt und Ort,,76,automatisch
00412,Brachtstraße,Bredeney,Gemeindestraße,Kotten,,76,automatisch
00529,Brackmannhang,Kupferdreh,Gemeindestraße,Kotten,,76,automatisch
00425,Bräukerwald,Karnap,Gemeindestraße,Volkstum,,76,automatisch
00413,Brahmsstraße,Südviertel,Gemeindestraße,"Person, Mann, Deutscher, Komponist, Pianist, Dirigent",,76,automatisch
00414,Brakeler Wald,Heidhausen,Gemeindestraße,Flurname,,76,automatisch
00415,Bramkamphof,Holsterhausen,Gemeindestraße,Kotten,,76,automatisch
00416,Bramkampstraße,Frohnhausen; Holsterhausen,Gemeindestraße,Kotten,Bramkamphof,77,automatisch
00518,Bramsfeld,Überruhr- Holthausen,Gemeindestraße,Flurname,,77,automatisch
00417,Brandenburger Straße,Frohnhausen,,Stadt und Ort,,77,unsicher
02050,Brandgassenstiege,Kettwig,Gemeindestraße,Lagebezeichnung,,77,automatisch
00419,Brandhövel,Frillendorf,Gemeindestraße,Hofname,,77,automatisch
00418,Brandhoffs Delle,Schonnebeck,Gemeindestraße,Hofname,,77,automatisch
00420,Brandstorgasse,Werden,Gemeindestraße,Essener Geschichte und Örtlichkeit,Brandstorstraße,77,automatisch
00421,Brandstorstraße,Werden,Gemeindestraße,Essener Geschichte und Örtlichkeit,,77,automatisch
00422,Brandstraße,Stadtkern,Gemeindestraße,Lagebezeichnung,,78,unsicher
00423,Brassertstraße,Rüttenscheid,Gemeindestraße,"Person, Mann, Deutscher, Jurist",,78,unsicher
00424,Brauerstraße,Südviertel,Gemeindestraße,Essener Geschichte und Örtlichkeit,,78,automatisch
00426,Braukloh,Kray,Gemeindestraße,Volksmund,,78,automatisch
00427,Braunsberg,Frillendorf,Gemeindestraße,Flurname,,78,automatisch
00428,Braunschweiger Straße,Frohnhausen,Gemeindestraße,Stadt und Ort,,78,automatisch
00429,Brausewindhang,Schönebeck,Gemeindestraße,Lagebezeichnung,,78,automatisch
00430,Breddebuschhang,Kupferdreh,Gemeindestraße,Lagebezeichnung,,78,automatisch
00431,Breddemannweg,Byfang,Gemeindestraße,Kotten,,78,automatisch
00432,Breddestraße,Huttrop,Gemeindestraße,Flurname,,79,automatisch
00516,Bredeneyer Kreuz,Bredeney,Landstraße,Lagebezeichnung,,79,automatisch
00433,Bredeneyer Straße,Bredeney; Werden,Bundesstraße,Lagebezeichnung,,79,automatisch
03636,Brederbachstraße,Kettwig,Gemeindestraße,Gewässer,,79,automatisch
03635,Brederscheid,Kettwig,Gemeindestraße,Lagebezeichnung,,79,automatisch
00434,Bredowstraße,Südostviertel,Gemeindestraße,"Person, Mann, Deutscher, Offizier, Kriegserinnerung",,79,automatisch
00436,Breidbachweg,Stadtwald,Gemeindestraße,"Person, Mann, Deutscher, Ingenieur, Kruppscher Beamter, Siedlung",,79,automatisch
00437,Breilsort,Frohnhausen,Gemeindestraße,Flurname,,79,automatisch
00438,Breilsrand,Frohnhausen,Gemeindestraße,"Flurname, Familienname",,79,automatisch
00439,Breloher Steig,Horst,Gemeindestraße,Flurname,,79,automatisch
00440,Brembergstraße,Kray,Gemeindestraße,Kotten,,79,automatisch
00441,Bremerstraße,Heidhausen,Gemeindestraße,Hofname,,79,automatisch
00442,Brenscheidtstraße,Heidhausen,Gemeindestraße,Flurname,,80,automatisch
00443,Breslauer Straße,Frohnhausen,Gemeindestraße,Stadt und Ort,,80,automatisch
00444,Breukeifeld,Frintrop,Gemeindestraße,Flurname,,80,automatisch
00364,Breukelmannhang,Frintrop,Gemeindestraße,Hofname,Breukelmannhof,80,automatisch
00445,Breukelmannhof,Frintrop,Gemeindestraße,Hofname,,80,automatisch
00446,Briefzeile,Horst,Gemeindestraße,Lagebezeichnung,,80,automatisch
00447,Brinkerplatz - Hof auf'm Brink um 1850 Brigittastraße,Rüttenscheid,Gemeindestraße,Weiblicher Vorname,,80,unsicher
00448,Brinkerplatz,Steele,Gemeindestraße,"Flurname, Hofname, Platz",,80,automatisch
02524,Brinkmannsbusch,Burgaltendorf,Gemeindestraße,Flurname,,80,automatisch
00449,Brinkmannstraße,Bedingrade,Gemeindestraße,Hofname,,80,automatisch
00450,Brinkstraße,Bochold,Gemeindestraße,Flurname,,81,automatisch
00452,Brockhoffstraße,Altenessen- Nord,Gemeindestraße,Familienname,,81,automatisch
00453,Bröhmkenweg,Bergerhausen,Gemeindestraße,Flurname,,81,automatisch
00454,Brökelwende,Haarzopf,Gemeindestraße,Flurname,,81,automatisch
00455,Brosweg,Heidhausen,Gemeindestraße,Hofname,,81,automatisch
00456,Bruchland,Bredeney,Gemeindestraße,Flurname,,81,automatisch
00457,Bruchstraße,Stoppenberg,Gemeindestraße,Lagebezeichnung,Im Westerbruch,81,automatisch
00459,Brucker Holt,Bredeney,Gemeindestraße,Flurname,,81,automatisch
00508,Bruckmannstraße,Katernberg,Gemeindestraße,Hofname,,81,automatisch
00461,Brückstraße,Werden,Bundesstraße,Lagebezeichnung,,81,automatisch
00462,Brüggemannstraße,Katernberg,Gemeindestraße,Hofname,,82,automatisch
03288,Brüggeweg,Bochold,Gemeindestraße,Stadt und Ort,,82,automatisch
00463,Brüninghofer Weg,Leithe,Gemeindestraße,Hofname,,82,automatisch
00464,Brüningstraße,Ostviertel,Gemeindestraße,"Familienname, Essener Geschichte und Örtlichkeit",,82,automatisch
00836,Brüsseler Platz,Rüttenscheid,Gemeindestraße,"Stadt und Ort, Platz",,82,automatisch
00460,Bruktererhang,Überruhr-Hinsel,Gemeindestraße,Lagebezeichnung,,82,automatisch
00466,Brunnenstraße,Südviertel,Gemeindestraße,Essener Geschichte und Örtlichkeit,,82,automatisch
00467,Brunnsiepen,Heisingen,,Lagebezeichnung,,82,unsicher
00468,Brunostraße,Holsterhausen; Rüttenscheid,Gemeindestraße,Männlicher Vorname,,83,automatisch
00469,Bruststraße,Heidhausen,Gemeindestraße,"Person, Mann, Deutscher, Bergmann, Gewerkschaftsführer, Landtagsabgeordneter",,83,automatisch
00470,Buchenkamp,Stoppenberg,Gemeindestraße,Flurname,,83,automatisch
00472,Buddestraße,Altendorf,Gemeindestraße,"Person, Mann, Deutscher, Ingenieur, Kruppscher Beamter",,83,automatisch
00473,Buderusstraße,Kray,Gemeindestraße,Industrie und Wirtschaft,,83,automatisch
00474,Büchelsloh,Katernberg,Gemeindestraße,Volksmund,,83,automatisch
00475,Bückerheide,Frillendorf,Gemeindestraße,Flurname,,83,automatisch
00476,Bückmannshof,Altenessen- Nord; Altenessen-Süd,Gemeindestraße,Hofname,,83,automatisch
00477,Bückmannsmühle,Altenessen- Süd,Gemeindestraße,"Hofname, Mühle",,83,automatisch
00478,Bühne,Heisingen,Gemeindestraße,Lagebezeichnung,,83,automatisch
00479,Bülowstraße,Nordviertel,Gemeindestraße,"Person, Mann, Deutscher, Graf, General, Kriegserinnerung",,84,automatisch
00480,Bülsebeckstraße,Altendorf,Gemeindestraße,Flurname,,84,automatisch
00534,Bürgermeister-Fiedler-Platz,Kettwig,Gemeindestraße,"Person, Mann, Deutscher, Schlossermeister, Ratsherr, Bürgermeister, Platz",,84,automatisch
00481,Bürgerstraße,Altenessen- Nord,Gemeindestraße,"Person, Mann, Deutscher, Klemptnermeister",,84,automatisch
00482,Büringweg,Frillendorf,Gemeindestraße,Flurname,,84,automatisch
00483,Bürkenweg,Kray,Gemeindestraße,Kotten,,84,automatisch
00485,Büschenweg,Heidhausen,Gemeindestraße,Flurname,,84,automatisch
00484,Büscherstraße,Rüttenscheid,Gemeindestraße,"Person, Mann, Deutscher, Landgerichtspräsident",,84,automatisch
00486,Büssemstraße,Steele,Gemeindestraße,"Person, Mann, Deutscher, Pfarrer",,84,automatisch
00487,Büttnerstraße,Stadtwald,Gemeindestraße,"Person, Mann, Deutscher, Prokurist, Kruppscher Beamter, Siedlung",,84,automatisch
00488,Bützgenweg,Heidhausen,Gemeindestraße,Hofname,,84,automatisch
00489,Bulkersteig,Überruhr- Holthausen,Gemeindestraße,Kotten,,84,automatisch
00490,Bullmannaue,Katernberg; Stoppenberg,Gemeindestraße,Kotten,,85,automatisch
00491,Bungertstraße,Werden,Gemeindestraße,Lagebezeichnung,,85,automatisch
00492,Bunsenstraße,Frohnhausen; Holsterhausen,Gemeindestraße,"Person, Mann, Deutscher, Chemiker",,85,automatisch
00493,Burekhardtstraße,Frohnhausen,Gemeindestraße,"Person, Mann, Schweizer, Kunsthistoriker",,85,automatisch
00494,Burgfeldstraße,Westviertel,Gemeindestraße,Essener Geschichte und Örtlichkeit,,85,automatisch
00495,Burgplotz - 1864 Burggrafenstraße,Ostviertel; Südostviertel,Landstraße,Lagebezeichnung,Hohenzollernstraße,85,automatisch
00496,Burgplatz,Stadtkern,Gemeindestraße,"Essener Geschichte und Örtlichkeit, Platz",,85,automatisch
00519,Burgstraße,Burgaltendorf,Kreisstraße,Burg,,85,automatisch
00497,Burgundenweg,Kray,Gemeindestraße,Siedlung,,86,automatisch
00498,Burhofer Brauk,Karnap,Gemeindestraße,Flurname,,86,automatisch
00499,Buschfeldweg,Stadtwald,Gemeindestraße,"Person, Mann, Deutscher, Direktor, Kruppscher Beamter",,86,automatisch
00500,Kruppsche Buschhauser Straße,Altendorf,Gemeindestraße,"Stadt und Ort, O",,86,automatisch
00501,Buschkampstraße,Heisingen,Gemeindestraße,Kotten,,86,automatisch
00502,Buschlandweg,Frillendorf,Gemeindestraße,Flurname,,86,automatisch
00503,Buschlandweg,Frillendorf,Gemeindestraße,Flurname,,86,unsicher
00504,Buschstraße,Steele,Gemeindestraße,"Person, Mann, Deutscher, Offizier, Direktor",,86,automatisch
00505,Busehofstraße,Frohnhausen,Gemeindestraße,Hofname,,87,automatisch
00522,Bussardweg,Stadtwald,Gemeindestraße,Zoologie,,87,automatisch
00506,Butenbergs Kamp,Heisingen,Gemeindestraße,"Flurname, Hofname",,87,automatisch
00517,Butzweg,Bochold,Gemeindestraße,"Person, Mann, Deutscher, Direktor, Beigeordneter",,87,automatisch
00507,Byfanger Straße,Byfang; Kupferdreh,Kreisstraße; Gemeindestraße,Essener Geschichte und Örtlichkeit,,87,automatisch
00540,Cäcilienstraße,Rüttenscheid,Gemeindestraße,Weiblicher Vorname,,87,automatisch
00546,Cäsarstraße,Rüttenscheid,Gemeindestraße,Männlicher Vorname,,87,automatisch
00541,Camillo-Sitte-Platz,Huttrop,Gemeindestraße,"Person, Mann, Österreicher, Architekt, Städtebauer, Platz",,87,automatisch
00542,Camphausenstraße,Holsterhausen,Gemeindestraße,"Person, Mann, Deutscher, Maler, Malerviertel-Holsterhausen",,87,automatisch
00543,Carl-Funke-Straße,Heisingen,Gemeindestraße,"Person, Mann, Deutscher, Industrieller, Unternehmer, Bergbau",,87,automatisch
00588,Carl-Kruft-Straße,Bergeborbeck; Bochold,Gemeindestraße,"Person, Mann, Deutscher, Bürgermeister",,88,automatisch
01607,Carl-Schmitz-Weg,Kettwig,Gemeindestraße,"Person, Mann, Deutscher, Mediziner",,88,automatisch
00563,Carl-Wolf-Straße,Horst,Gemeindestraße,"Person, Mann, Deutscher, Gewerkschafter, Widerstandskämpfer",,88,automatisch
00544,Carmerstraße,Holsterhausen,Gemeindestraße,"Person, Mann, Deutscher, Graf, Jurist, Justizminister",,88,automatisch
00707,Carnaperhof,Karnap,Gemeindestraße,"Lehnhof, Siedlung",,88,automatisch
00545,Carolus-Magnus-Straße,Bochold; Bergeborbeck,Gemeindestraße,Bergbau,,88,automatisch
00558,Cathostraße,Bergeborbeck,Gemeindestraße,"Person, Frau, Deutsche, Weiblicher Vorname, Bergbau",,88,automatisch
00573,olus-Magnus-Straße - Zeche Carolus Magnus 1926 Centrumstraße,Leithe,Gemeindestraße,Bergbau,,88,unsicher
00559,Charlottenberg,Burgaltendorf,Gemeindestraße,"Bergbau, Weiblicher Vorname",,89,automatisch
00561,Charlottenhöhe,Burgaltendorf,Gemeindestraße,"Bergbau, Weiblicher Vorname",Charlottenberg,89,automatisch
03640,Charlottenhofstraße,Kettwig,Kreisstraße,"Lagebezeichnung, Weiblicher Vorname",,89,automatisch
00560,Charlottenstraße,Burgaltendorf; Überruhr-Holthausen,Gemeindestraße,Weiblicher Vorname,Charlottenberg,89,automatisch
00562,Charlottenweg,Burgaltendorf,Gemeindestraße,"Lagebezeichnung, Weiblicher Vorname",Charlottenberg,89,automatisch
00547,Christinenstraße,Rüttenscheid,Gemeindestraße,Weiblicher Vorname,,89,automatisch
00548,Christophstraße,Rüttenscheid,Gemeindestraße,Männlicher Vorname,,89,automatisch
00549,Clausiusstraße,Altendorf,Gemeindestraße,"Person, Mann, Deutscher, Physiker",,89,automatisch
00550,Clausthaler Straße,Frohnhausen,Gemeindestraße,Stadt und Ort,,89,automatisch
03281,Clemens-Schmeck-Straße,Dellwig,Gemeindestraße,"Person, Mann, Deutscher, Mediziner",,89,automatisch
00551,Colsmanstraße,Kupferdreh,Gemeindestraße,Industrie und Wirtschaft,,89,automatisch
01596,Conrad-Engels-Weg,Stoppenberg,Gemeindestraße,"Person, Mann, Deutscher, Kaufmann, Bergbau, Siedlung",,90,automatisch
00552,Corlißstraße,Holsterhausen,Gemeindestraße,"Person, Mann, Amerikaner, Maschinenbauer, Ingenieur",,90,automatisch
00553,Corneliastraße,Rüttenscheid,Gemeindestraße,Weibliche Vornamen,,90,automatisch
03641,Corneliusstraße,Kettwig,Gemeindestraße,"Person, Mann, Deutscher, Maler",,90,automatisch
00555,Corveystraße,Stadtwald,Gemeindestraße,Lehngut,,90,automatisch
00556,Cranachstraße,Holsterhausen,Gemeindestraße,"Person, Mann, Deutscher, Maler, Malerviertel-Holsterhausen",,90,automatisch
00589,Cremers Heide,Karnap,Gemeindestraße,Flurname,,90,automatisch
00557,Curtiusstraße,Frohnhausen,Gemeindestraße,"Person, Mann, Deutscher, Archäologe, Historiker",,90,automatisch
00590,Dachsfeld,Dellwig,Gemeindestraße,Flurname,,90,automatisch
00591,Dachstraße,Borbeck-Mitte,Gemeindestraße,Lagebezeichnung,,90,automatisch
00592,Dagobertstraße,Rüttenscheid,Gemeindestraße,Männliche Vornamen,,90,automatisch
00593,Daheim,Margarethenhöhe,Gemeindestraße,Lebensgefühl,,90,automatisch
00594,min \] 71 Dahler Höhe,Werden,Gemeindestraße,Hofname,,91,unsicher
00595,Dahlhauser Straße,Horst,Kreisstraße; Gemeindestraße,Stadt und Ort,,91,automatisch
00596,Dahlienhof,Bredeney,Gemeindestraße,Botanik,,91,automatisch
00665,Dahlmannstraße,Frohnhausen,Gemeindestraße,"Person, Mann, Deutscher, Historiker, Staatsmann",,91,automatisch
00597,Dahnstraße,Frohnhausen,Gemeindestraße,"Person, Mann, Deutscher, Schriftsteller, Historiker",,91,automatisch
00598,Daimlerstraße,Bredeney,Gemeindestraße,"Person, Mann, Deutscher, Industrieller, Konstrukteur, Ingenieur",,91,automatisch
00599,Dammannstraße,Südostviertel,Gemeindestraße,"Person, Mann, Deutscher, Pfarrer",,91,automatisch
00600,Dammstraße,Freisenbruch,Gemeindestraße,Eisenbahnwesen,,91,automatisch
00601,Dandermannsteg,Stadtwald,Gemeindestraße,Kotten,,91,automatisch
00571,Daniel-Eckhardt-Straße,Vogelheim,Hauptstraße,"Person, Mann, Deutscher, Bergmann, Sozialist",,92,automatisch
00602,Danziger Straße,Frohnhausen,Gemeindestraße,Stadt und Ort,,92,automatisch
00603,Dattenberg,Byfang,Gemeindestraße,"Nummerierungsbezirk, Flurname, Familienname",,92,automatisch
00604,Dechenstraße,Altendorf,Gemeindestraße,"Person, Mann, Deutscher, Bergmann, Geologe",,92,automatisch
00605,Defreggerstraße,Holsterhausen,Gemeindestraße,"Person, Mann, Österreicher, Maler, Malerviertel-Holsterhausen",,92,automatisch
00825,Deichmannweg,Schönebeck,Gemeindestraße,Familienname,,92,automatisch
00606,Deilbachbrücke,Kupferdreh,Gemeindestraße,Lagebezeichnung,Deilbachufer,92,automatisch
00607,Deilbachtal,Kupferdreh,Gemeindestraße,Lagebezeichnung,Deilbachufer,92,automatisch
00608,Deilbachufer,Kupferdreh,Gemeindestraße,Lagebezeichnung,,92,unsicher
00609,Deile,Byfang,Gemeindestraße,"Nummerierungsbezirk, Gewässer",,92,automatisch
00666,Deilmannshof,Byfang,Gemeindestraße,Hofname,,92,automatisch
00610,Deinghaushöhe,Borbeck- Mitte,Gemeindestraße,Hofname,,92,automatisch
00691,Deipenbecke,Byfang; Burgaltendorf,Gemeindestraße,Gewässer,,93,automatisch
00611,Deipenbecktal,Byfang; Überruhr-Holthausen; Burgaltendorf,Gemeindestraße,Lagebezeichnung,,93,automatisch
00612,Dellberg,Schuir,Gemeindestraße,Flurname,,93,automatisch
00613,Dellbrügge,Stadtkern,Gemeindestraße,Lagebezeichnung,,93,automatisch
00614,Dellbrügge,Stadtkern,Gemeindestraße,Lagebezeichnung,,93,unsicher
00615,Dellmannsfeld,Überruhr- Holthausen,Gemeindestraße,Hofname,,93,automatisch
00616,Dellmannsweg,Überruhr- Holthausen; Burgaltendorf,Gemeindestraße,Hofname,,93,automatisch
00617,Dellwiger Straße,Dellwig; Frintrop,Landstraße,Bauerschaft,,94,automatisch
00618,Demrathkamp,Holsterhausen; Rüttenscheid,Gemeindestraße,"Flurname, Familienname",,94,automatisch
00620,Devensstraße,Altendorf,Gemeindestraße,"Person, Mann, Deutscher, Landrat",,94,automatisch
00621,De-Wolff-Straße,Altenessen- Süd,,"Gemeindestraße, Str.-Gr.: Person, Mann, Deutscher, Bürgermeister",,94,unsicher
00622,Dickebank,Heisingen,Gemeindestraße,Bergbau,,94,automatisch
00623,Dickmannstraße,Altendorf; Westviertel,Gemeindestraße,Hofname,,94,unsicher
00624,Dickstraße,Kray,Gemeindestraße,"Person, Mann, Deutscher, Ingenieur, Bergbau, Siedlung",,94,automatisch
00625,Diechmannplatz,Borbeck- Mitte,Gemeindestraße,"Person, Mann, Deutscher, Kruppscher Beamter, Siedlung, Platz",,94,automatisch
02523,Diekmannsbusch,Burgaltendorf,Gemeindestraße,Flurname,,94,automatisch
00627,Diemelstraße,Bergerhausen,Gemeindestraße,Gewässer,,95,automatisch
00628,Diergardtstraße,Holsterhausen; Frohnhausen,Gemeindestraße,Person,,95,unsicher
02505,Diestweg,Bochold,Gemeindestraße,Stadt und Ort,,95,automatisch
00689,Dietherichweg,Schonnebeck,Gemeindestraße,Männlicher Vorname,,95,automatisch
00976,Diether-Krebs-Platz,Südostviertel,Gemeindestraße,"Person, Mann, Deutscher, Schauspieler, Kabarettist, Komiker, Platz",,95,automatisch
00714,Dietrich-Oppenberg-Platz,Ostviertel,Gemeindestraße,"Person, Mann, Deutscher, Verleger, Platz",,95,automatisch
01548,Dilldorfer Allee,Kupferdreh,Gemeindestraße,"Lagebezeichnung, Siedlung",,95,automatisch
00629,Dilldorfer Straße,Kupferdreh,Landstraße,Bauerschaft,,95,automatisch
00630,Dinastraße,Karnap,Gemeindestraße,"Person, Frau, Deutsche, Volksmund",,95,automatisch
00695,Dingerkusweg,Werden,Gemeindestraße,"Person, Mann, Deutscher, Kanzleidirektor",,95,automatisch
00631,Dinglerstraße,Holsterhausen,Gemeindestraße,"Person, Mann, Deutscher, Chemiker, Fabrikant",,95,automatisch
00632,Dinnendahlstraße,Bergerhausen; Huttrop,Gemeindestraße,"Person, Mann, Deutscher, Techniker",,95,automatisch
00633,Dinslaker Straße,Altendorf; Bochold,Gemeindestraße,Stadt und Ort,,95,automatisch
00634,Dionysiuskirchplatz,Borbeck- Mitte,Gemeindestraße,"Person, Mann, Franzose, Missionar, Bischof, Heiliger, Essener Geschichte und Örtlichkeit, Platz",,95,automatisch
00635,Dirschaustraße,Katernberg,Gemeindestraße,Stadt und Ort,,96,automatisch
00636,Dischstraße,Steele,Gemeindestraße,"Person, Mann, Deutscher, Jurist, Bürgermeister",,96,automatisch
00637,Distelbeckhof,Katernberg; Stoppenberg,Gemeindestraße,Kotten,,96,unsicher
00638,Distelkamp,Stoppenberg,Gemeindestraße,Flurname,,96,automatisch
00639,Dittmarstraße,Frohnhausen,Gemeindestraße,"Person, Mann, Deutscher, Pädagoge, Geschichtsschreiber",,96,automatisch
00640,Dixbäume,Kupferdreh,Gemeindestraße,Flurname,,96,automatisch
00641,Dodelle,Fischlaken,Gemeindestraße,Flurname,,96,automatisch
00643,Döppelhahn,Steele,Gemeindestraße,Kotten,,96,automatisch
00644,Dohmanns Kamp,Rüttenscheid,Gemeindestraße,Flurname,,97,automatisch
00645,Dollendorfstraße,Frohnhausen,Gemeindestraße,"Person, Mann, Deutscher, Pfarrer",,97,automatisch
00646,Donatweg,Schonnebeck,Gemeindestraße,"Person, Mann, Deutscher, Ingenieur",,97,automatisch
00647,Donnerberg,Dellwig; Frintrop,Gemeindestraße,Flurname,,97,automatisch
00648,Donnerstraße,Dellwig; Gerschede; Borbeck-Mitte,Landstraße,Lagebezeichnung,,97,automatisch
00649,Dorflinde,Heisingen,Gemeindestraße,Lagebezeichnung,,97,automatisch
00650,Dornbuschhegge,Schonnebeck; Katernberg,Kreisstraße,Kotten,,97,automatisch
00690,Dornebergweg,Gerschede; Borbeck-Mitte,Gemeindestraße,Kotten,,97,automatisch
00651,Dornemannplatz,Südostviertel; Huttrop,Gemeindestraße,"Familienname, Platz",,97,automatisch
00652,Dorotheenstraße,Rüttenscheid,Gemeindestraße,Weiblicher Vorname,,97,automatisch
00653,Dortmannhof - 1970 Dorstener Straße,Altendorf; Bochold,Gemeindestraße,Stadt und Ort,,98,unsicher
00686,Dorstfelder Straße,Kray,Gemeindestraße,Stadt und Ort,,98,automatisch
00654,Dortmannhof,Katernberg,Gemeindestraße,Hofname,,98,automatisch
00656,Dreesweg,Altendorf,Gemeindestraße,Familienname,,98,automatisch
00657,Drehscheibe,Überruhr-Hinsel,Gemeindestraße,Eisenbahnwesen,,98,automatisch
00658,Dreigarbenfeld,Schönebeck,Gemeindestraße,Lagebezeichnung,,98,automatisch
00659,Dreilindenstraße,Südviertel,Gemeindestraße,Essener Geschichte und Örtlichkeit,,98,automatisch
00692,Pass Dreilindenstraße - Das Lindengut Dreiringplatz,Steele,Gemeindestraße,"Essener Geschichte und Örtlichkeit, Platz",,98,unsicher
00661,Dreiringstraße,Steele,Gemeindestraße,Essener Geschichte und Örtlichkeit,Dreiringplatz,99,automatisch
00662,Dresdener Straße,Frohnhausen,Gemeindestraße,Stadt und Ort,,99,automatisch
00687,Drimbornweg,Byfang,Gemeindestraße,"Person, Mann, Deutscher, Erbkämmerer",,99,automatisch
00663,Drogandstraße,Borbeck- Mitte,Gemeindestraße,"Person, Mann, Deutscher, Ingenieur, Kruppscher Beamter, Siedlung",,99,automatisch
00664,Drokamp,Katernberg,Gemeindestraße,Kotten,,99,automatisch
00667,Drosselanger,Stadtwald,Gemeindestraße,Zoologie,,99,automatisch
00668,Drosselstraße,Stadtwald,Gemeindestraße,Zoologie,Drosselanger,99,automatisch
00693,Drosselweg,Burgaltendorf,Gemeindestraße,Zoologie,Amselweg,99,automatisch
03645,Droste-Hülshoff-Weg,Kettwig,Gemeindestraße,"Person, Frau, Deutsche, Dichterin, Schriftstellerin, Komponistin",,99,automatisch
00669,Drostenbusch,Schonnebeck,Gemeindestraße,Hofname,,99,automatisch
00688,Drostenhof,Schonnebeck,Gemeindestraße,Hofname,,99,automatisch
00670,Droysenstraße,Froehnhausen,Gemeindestraße,"Person, Mann, Deutscher, Historiker",,100,automatisch
00671,Drügeshofstraße,Altendorf,Gemeindestraße,Hofname,,100,automatisch
00672,Drumannstraße,Frohnhausen,Gemeindestraße,"Person, Mann, Deutscher, Historiker",,100,automatisch
00673,Druschelpfad,Stadtwald,Gemeindestraße,"Person, Mann, Deutscher, Kruppscher Beamter, Siedlung",,100,automatisch
00674,BDudenstraße,Werden,Gemeindestraße,"Person, Mann, Deutscher, Abt, Historiker",,100,automatisch
00685,Dudweilerstraße,Leithe,Gemeindestraße,Stadt und Ort,Merziger Aue,100,unsicher
00675,Dückerstraße,Werden,Gemeindestraße,"Person, Mann, Deutscher, Abt",,100,automatisch
00676,Dümptener Straße,Bedingrade,Gemeindestraße,Bauernschaft,,100,automatisch
00677,Dünkelbergstraße,Bergeborbeck,Gemeindestraße,"Person, Mann, Deutscher, Kruppscher Beamter, Siedlung",,100,automatisch
00678,Düppelstraße,Huttrop,Gemeindestraße,"Stadt und Ort, Kriegserinnerung",,100,automatisch
00679,Düppenberg,Gerschede; Borbeck-Mitte,Gemeindestraße,Flurname,,100,automatisch
00680,Dürerstraße,Holsterhausen,Gemeindestraße,"Person, Mann, Deutscher, Maler, Mathematiker, Grafiker, Kunsttheoretiker, Malerviertel-Holsterhausen",,100,automatisch
00681,Düschenhofer Wald,Byfang,Gemeindestraße,Hofname,,101,automatisch
00682,Düsseldorfer Straße,Frohnhausen,Gemeindestraße,Stadt und Ort,,101,automatisch
00683,Duisburger Straße,Frohnhausen,Gemeindestraße,Stadt und Ort,,101,automatisch
00694,Dumberger Straße,Burgaltendorf,Landstraße,Stadt und Ort,,101,automatisch
00684,Dutzendriege,Kray,Gemeindestraße,Lagebezeichnung,,101,automatisch
00579,Duvenkamp,Heisingen,Gemeindestraße,"Flurname, Kotten",,101,automatisch
00720,Eberhardstraße,Horst,Gemeindestraße,"Person, Mann, Deutscher, Bergmann, Männlicher Vorname",,101,automatisch
00818,Echstenkämperweg,Überruhr-Holthausen,Gemeindestraße,Kotten,,101,automatisch
00721,Eckbertstraße,Bredeney,Gemeindestraße,"Person, Mann, Deutscher, Familie Krupp, Offizier, Männlicher Vorname",,101,automatisch
00722,Eckenbergstraße,Kray,Gemeindestraße,"Person, Mann, Deutscher, Industrieller",,101,automatisch
00723,Eckstraße,Bochold,Gemeindestraße,Lagebezeichnung,,101,automatisch
01146,Econova-Allee,Bergeborbeck,Gemeindestraße,Industrie und Wirtschaft,,101,unsicher
00724,Ederstraße,Bergerhausen,Gemeindestraße,Gewässer,,102,automatisch
00838,Edmund-Körner-Platz,Stadtkern,Gemeindestraße,"Person, Mann, Deutscher, Architekt, Platz",,102,automatisch
00725,Eduard-Lucas-Straße,Rüttenscheid,Gemeindestraße,"Person, Mann, Deutscher, Pomologe",,102,automatisch
00726,Eduardstraße,Rüttenscheid,Gemeindestraße,Männlicher Vorname,,102,automatisch
00784,Effertweg,Schonnebeck,Gemeindestraße,Kotten,,102,automatisch
00727,Effmannstraße,Werden; Bredeney,Gemeindestraße,"Person, Mann, Deutscher, Architekt, Bauhistoriker",,102,automatisch
00811,Eggebrechthang,Gerschede,Gemeindestraße,Hofname,Eggebrechtstraße,102,automatisch
00728,Eggebrechtstraße,Gerschede,Gemeindestraße,Hofname,,102,automatisch
00729,Eginhardhöhe,Stadtwald,Gemeindestraße,Hofname,,103,automatisch
00730,Ehrenaue,Fulerum,Gemeindestraße,Lagebezeichnung,,103,automatisch
00731,Ehrenzeller Platz,Altendorf,Gemeindestraße,"Essener Geschichte und Ortlichkeit, Hofname, Platz",,103,automatisch
00732,Ehrenzeller Straße,Altendorf,Gemeindestraße,"Essener Geschichte und Örtlichkeit, Hofname",Ehrenzeller Platz,103,automatisch
00733,Eibergweg,Freisenbruch,Gemeindestraße,"Stadt und Ort, Hofname",,103,unsicher
03767,Eichendorffstraße,Kettwig,Gemeindestraße,"Person, Mann, Deutscher, Lyriker, Schriftsteller",,103,automatisch
00734,Eichenstraße,Stadtwald; Rüttenscheid,Gemeindestraße,Botanik,,103,automatisch
00735,Eichhoffweg,Stadtwald,Gemeindestraße,"Person, Mann, Deutscher, Kruppscher Beamter, Siedlung",,103,automatisch
00717,Eichholzhof,Haarzopf,Gemeindestraße,Hofname,,104,automatisch
00736,Eickelbecktal,Kupferdreh,Gemeindestraße,Gewässer,,104,automatisch
00737,Eickelkamp,Steele,Gemeindestraße,Flurname,,104,automatisch
00738,Eickenscheidter Fuhr,Südostviertel,Gemeindestraße,Lagebezeichnung,,104,automatisch
00739,Eickwinkelstraße,Altenessen- Nord,Gemeindestraße,Hofname,,104,automatisch
00740,Eiergasse,Werden,Gemeindestraße,Lagebezeichnung,,104,automatisch
00809,Eifelhang,Bredeney,Gemeindestraße,Stadt und Ort,,104,automatisch
00741,Eigene Scholle,Frohnhausen,Gemeindestraße,Industrie und Wirtschaft,,104,automatisch
00742,Eigene Tat,Werden,Gemeindestraße,Industrie und Wirtschaft,,104,automatisch
00743,Eigenstraße,Überruhr- Hinsel,Gemeindestraße,Siedlung,,104,automatisch
00744,Eiland,Stadtwald,Gemeindestraße,Lagebezeichnung,,104,automatisch
00815,Eilpeweg,Überruhr-Holthausen,Gemeindestraße,"Person, Mann, Deutscher, Lehrer",,104,automatisch
00745,Einbleckstraße,Dellwig,Gemeindestraße,Flurname,,104,unsicher
00746,Einigkeitsstraße,Rüttenscheid; Bredeney,Gemeindestraße,Lagebezeichnung,,104,automatisch
00747,Eintrachtstraße,Südostviertel,Gemeindestraße,Industrie und Wirtschaft,,105,automatisch
00748,Eisenbahnstraße,Rellinghausen,Hauptstraße,Eisenbahnwesen,,105,automatisch
00749,Eisenhammerweg,Byfang; Kupferdreh,Gemeindestraße,Lagebezeichnung,,105,automatisch
00750,Eisenstraße,Katernberg,Gemeindestraße,"Industrie und Wirtschaft, Bergbau",,105,automatisch
00751,Eiserne Hand,Ostviertel,Gemeindestraße,Essener Geschichte und Örtlichkeit,,105,automatisch
00799,Eißlingerhang,Leithe,Gemeindestraße,"Person, Mann, Deutscher, Meistersinger",,105,automatisch
00752,Elbestraße,Bergerhausen,Gemeindestraße,Gewässer,,105,automatisch
00753,Elbinger Knie,Frohnhausen,Gemeindestraße,Stadt und Ort,,105,automatisch
00754,Eleonorastraße,Rüttenscheid,Landstraße,Weiblicher Vorname,,105,automatisch
00755,Elfriedenstraße,Rüttenscheid,Gemeindestraße,Weiblicher Vorname,,105,automatisch
00756,Eligiushöhe,Steele,Gemeindestraße,"Person, Mann, Deutscher, Bischof, Heiliger",,106,automatisch
00757,Eligiusweg,Steele,Gemeindestraße,"Person, Mann, Deutscher, Bischof, Heiliger",Eligiushöhe,106,automatisch
03279,Elisabeth-Selbert-Straße,Altenessen-Nord,Gemeindestraße,"Person, Frau, Deutsche, Politikerin, Juristin",,106,automatisch
00758,Elisabethstraße,Frillendorf,Kreisstraße,Bergbau,,106,automatisch
00759,Elisenplatz,Ostviertel,Kreisstraße,"Essener Geschichte und Örtlichkeit, Platz",Elisabethstraße,106,automatisch
00760,Elisenstraße,Ostviertel,Kreisstraße,Essener Geschichte und Örtlichkeit,Elisenplatz,106,automatisch
00761,Ellernmühle,Altenessen-Süd,Gemeindestraße,"Essener Geschichte und Örtlichkeit, Mühle",,106,automatisch
00762,Ellernplatz,Altenessen-Süd,Gemeindestraße,"Essener Geschichte und Örtlichkeit, Platz",,106,automatisch
00763,Ellernstraße,Altenessen-Süd,Gemeindestraße,Essener Geschichte und Ortlichkeit,Ellernplatz,106,automatisch
00764,Ellingradeweg,Huttrop,Gemeindestraße,Flurname,,106,automatisch
00765,Elsa-Brändström-Platz,Bergerhausen,Gemeindestraße,"Person, Frau, Schwedin, Philanthropin, Platz",Elsa- Brändström-Straße,107,automatisch
00766,Elsa-Brändström-Straße,Huttrop; Bergerhausen,Gemeindestraße,"Person, Frau, Schwedin, Philanthropin",,107,automatisch
00767,Elsaßstraße,Heisingen,Gemeindestraße,Stadt und Ort,,107,automatisch
00768,Elsterbuschstraße,Leithe,Gemeindestraße,Flurname,,107,automatisch
00769,Eltingplatz,Nordviertel,Gemeindestraße,"Person, Mann, Deutscher, Industrieller, Essener Geschichte und Örtlichkeit, Platz",Eltingstraße,107,automatisch
00770,Eltingstraße,Nordviertel,Gemeindestraße,"Person, Mann, Deutscher, Industrieller, Essener Geschichte und Örtlichkeit",,107,automatisch
00814,Elvenholzfeld,Burgaltendorf,Gemeindestraße,Flurname,,107,automatisch
02226,Elzstraße,Bergerhausen,Gemeindestraße,Gewässer,,107,automatisch
00771,Emdenstraße,Bredeney,Gemeindestraße,Kriegserinnerung,,107,automatisch
00586,Emil-Bredt-Weg,Dellwig,Gemeindestraße,"Person, Mann, Deutscher, Pfarrer",,107,automatisch
00772,Emilienstraße,Südviertel,Gemeindestraße,"Person, Frau, Deutsche, Weiblicher Vorname, Essener Geschichte und Örtlichkeit",,107,automatisch
03647,Emil-Kemper-Straße,Kettwig,Gemeindestraße,"Person, Mann, Deutscher, Stadtverordneter",,108,automatisch
02519,Emma-Grasse-Weg,Altenessen-Nord,Gemeindestraße,"Person, Frau, Deutsche, Politikerin",,108,automatisch
00773,Emmastraße,Rüttenscheid,Gemeindestraße,Weiblicher Vorname,,108,automatisch
00774,Emscherblick,Dellwig,Gemeindestraße,Lagebezeichnung,,108,automatisch
01147,Emscherbruchallee,Bergeborbeck,Gemeindestraße,Lagebezeichnung,,108,automatisch
00775,” Emscherstraße,Altenessen- Nord; Katernberg,Gemeindestraße,Gewässer,,108,unsicher
00776,Endemannhöhe,Byfang,Gemeindestraße,Kotten,,108,automatisch
00527,Endepoet,Kettwig,Gemeindestraße,Lagebezeichnung,,108,automatisch
00777,Endstraße,Bochold,Gemeindestraße,Lagebezeichnung,,108,automatisch
00778,Engelbertstraße,Ostviertel,Kreisstraße,"Person, Mann, Deutscher, Geistlicher, Männlicher Vorname, Essener Geschichte und Ortlichkeit",,108,automatisch
00779,Engelsbecke,Huttrop,Gemeindestraße,Flurname,,108,automatisch
00780,Engelsruh,Schuir,Gemeindestraße,Lagebezeichnung,,108,automatisch
00781,Engelssiepen,Kupferdreh,Gemeindestraße,"Flurname, Kotten",,109,automatisch
00782,Engersgau,Gerschede,Gemeindestraße,"Stadt und Ort, Siedlung",,109,automatisch
00783,Eppinghofer Straße,Altendorf,Gemeindestraße,Stadt und Ort,,109,automatisch
00812,Erasmusstraße,Freisenbruch,Gemeindestraße,"Person, Mann, Niederländer, Theologe, Philosoph, Philologe",,109,automatisch
00785,Erbenbank,Altenessen- Nord,Gemeindestraße,Bergbau,,109,automatisch
00786,Erbslöhstraße,Altenessen- Süd,Gemeindestraße,"Person, Mann, Deutscher, Ballonfahrer",,109,automatisch
00813,Erdpohlweg,Stoppenberg,Gemeindestraße,Kotten,,109,automatisch
00787,Erdwegstraße,Bochold,Gemeindestraße,"Person, Mann, Deutscher, Pfarrer, Essener Geschichte und Ortlichkeit",,109,automatisch
03648,Erftstraße,Kettwig,Gemeindestraße,Gewässer,,109,automatisch
00788,Erikapfad,Stadtwald,Gemeindestraße,Botanik,,109,automatisch
00789,Erinweg,Kray,Gemeindestraße,Bergbau,,109,automatisch
00790,Erlenhagen,Frintrop,Gemeindestraße,Botanik,,109,automatisch
00791,Erlenkampsweg,Stoppenberg,Gemeindestraße,Flurname,,110,automatisch
00792,Ernastraße,Rüttenscheid,Gemeindestraße,Weiblicher Vorname,,110,automatisch
00793,Ernestinenstraße,Frillendorf; Stoppenberg,Landstraße,Lagebezeichnung,Zeche Ernestine,110,automatisch
00819,Ernst-Barlach-Straße,Steele,Gemeindestraße,"Person, Mann, Deutscher, Bildhauer, Graphiker, Dichter",,110,automatisch
00962,Ernst-Schmidt-Platz,Südviertel,Gemeindestraße,"Person, Mann, Deutscher, Historiker, Platz",,110,automatisch
00794,Ernststraße,Kray,Gemeindestraße,"Person, Mann, Deutscher, Landwirt, Männlicher Vorname",,110,automatisch
00810,Ernst-Tengelmann-Ring,Heisingen,Gemeindestraße,"Person, Mann, Deutscher, Industrieller",,110,automatisch
00795,Erntedankweg,Huttrop,Gemeindestraße,Lagebezeichnung,,110,automatisch
03265,Erzstraße,Horst,Gemeindestraße,Lagebezeichnung,,110,automatisch
00797,Eschenburg,Steele,Gemeindestraße,Flurname,,110,automatisch
00798,Eschenstraße,Stadtwald,Gemeindestraße,Botanik,,110,automatisch
00816,Eskensfeld,Überruhr- Holthausen,Gemeindestraße,Flurname,,110,automatisch
00817,Eskenshof,Überruhr-Holthausen,Gemeindestraße,Hofname,,110,unsicher
00800,Esmarchstraße,Holsterhausen,Gemeindestraße,"Person, Mann, Deutscher, Mediziner",,111,automatisch
00801,Essener Straße,Stoppenberg,Landstraße,Stadt und Ort,,111,automatisch
00802,Essingweg,Bochold,Gemeindestraße,"Person, Mann, Deutscher, Jurist",,111,automatisch
00803,Stadtteilbibliothek 1930 Esternhovede,Stoppenberg,Gemeindestraße,Hofname,,111,automatisch
00804,Eststraße,Haarzopf,Gemeindestraße,Flurname,,111,automatisch
00805,Etterbach,Stoppenberg,Gemeindestraße,Flurname,,111,automatisch
00696,Eugen-Sulz-Straße,Westviertel,Gemeindestraße,"Person, Mann, Deutscher, Bibliothekar",,111,automatisch
00806,Eulerstraße,Altendorf,Gemeindestraße,"Person, Mann, Schweizer, Mathematiker, Techniker",,111,automatisch
00807,Eupenstraße,Heisingen,Gemeindestraße,Stadt und Ort,Elsaßstraße,112,automatisch
00808,Euskirchenstraße,Altendorf,Gemeindestraße,"Person, Mann, Deutscher, Pfarrer, Essener Geschichte und Örtlichkeit",,112,automatisch
01139,Eva-Hollands-Weg,Kettwig,Gemeindestraße,"Person, Frau, Deutsche, Politikerin",,112,automatisch
02525,Ewald-Dutschke-Straße,Gerschede,Gemeindestraße,"Person, Mann, Deutscher, Politiker",,112,automatisch
00841,Fährenkotten - um 1935 Fährenkotten,Heisingen,Gemeindestraße,Kotten,,112,unsicher
00844,Fängershofstraße,Haarzopf,Gemeindestraße,Hofname,,112,automatisch
00845,Färberweg,Horst,Gemeindestraße,Mühle,,112,automatisch
00840,Fahrenberg,Byfang,Gemeindestraße,"Nummerierungsbezirk, Flurname, Kotten",,112,automatisch
00842,Fahrhauerstraße,Altenessen-Nord,Gemeindestraße,Bergbau,,113,automatisch
00843,Falkstraße,Holsterhausen,Gemeindestraße,"Person, Mann, Deutscher, Politiker, Jurist",,113,automatisch
00956,Falterweg,Horst,Gemeindestraße,Zoologie,,113,automatisch
00953,Farrenbroich,Katernberg,Gemeindestraße,Flurname,,113,automatisch
00846,Fasanenstraße,Stadtwald,Gemeindestraße,Zoologie,,113,automatisch
00847,Faßbinderweg,Katernberg,Gemeindestraße,Lagebezeichnung,,113,automatisch
00948,Feggelerweg,Steele,Gemeindestraße,Familienname,,113,automatisch
00849,Feilenstraße,Nordviertel,Gemeindestraße,Industrie und Wirtschaft,,113,automatisch
01553,Feldhausaue,Stoppenberg,Gemeindestraße,Familienname,,113,automatisch
00851,Feldhauskamp,Huttrop,Gemeindestraße,Lagebezeichnung,Luegstraße,113,automatisch
00852,Feldmannhof,Altenessen- Süd,Gemeindestraße,"Person, Mann, Deutscher, Direktor",,113,automatisch
00853,Feldstraße,Burgaltendorf,Gemeindestraße,Lagebezeichnung,,113,automatisch
00946,Feldwiese,Katernberg,Gemeindestraße,Flurname,,113,automatisch
03651,Felkestraße,Kettwig,Gemeindestraße,"Person, Mann, Deutscher, Pfarrer",,113,automatisch
00854,Fendelweg,Bredeney,Gemeindestraße,Kotten,,113,automatisch
03765,Ferdinand-Weerth-Straße,Kettwig,Gemeindestraße,"Person, Mann, Deutscher, Prediger",,114,automatisch
00855,Fernblick,Heisingen,Gemeindestraße,Lagebezeichnung,,114,automatisch
00856,Feuerbachstraße,Holsterhausen,Gemeindestraße,"Person, Mann, Deutscher, Jurist",,114,automatisch
00857,Fibelweg,Margarethenhöhe,Gemeindestraße,Lagebezeichnung,,114,automatisch
00858,Fichtelstraße,Kray,Gemeindestraße,"Person, Mann, Deutscher, Direktor, Bergbau, Siedlung",,114,automatisch
00859,Finefraustraße,Rellinghausen,Gemeindestraße,"Bergbau, (vorm.) Carl-Funke-Straße",,114,automatisch
00860,Finkenhof,Stadtwald,Gemeindestraße,Zoologie,,114,automatisch
03653,Finkenweg,Kettwig,Gemeindestraße,Zoologie,,114,automatisch
00861,Fischerstraße,Südviertel,Gemeindestraße,"Person, Mann, Deutscher, Pfarrer, Essener Geschichte und Örtlichkeit",,114,automatisch
00957,Fischlaker Höfe,Fischlaken,Gemeindestraße,Lagebezeichnung,,114,automatisch
00862,Fischlaker Straße,Fischlaken,Gemeindestraße,Lagebezeichnung,,114,automatisch
00863,Fischweiher,Kray,Gemeindestraße,Gewässer,,114,automatisch
00864,Flachsmarkt,Stadtkern,Gemeindestraße,"Essener Geschichte und Örtlichkeit, Platz",Markt,114,automatisch
00865,Flakerfeld,Überruhr- Holthausen,Gemeindestraße,Hofname,Flakering,114,automatisch
00866,Flakering - Ehemaliger Hof Flake 1970 Flakering,Überruhr- Holthausen,Gemeindestraße,Hofname,,115,unsicher
03287,Flandernstraße,Bochold; Bergeborbeck,Gemeindestraße,Stadt und Ort,,115,automatisch
00867,Flashoffstraße,Ostviertel,Gemeindestraße,"Person, Mann, Deutscher, Apotheker, Munizipalrat, Stadtrat",,115,automatisch
00902,Fleherweg,Horst,Gemeindestraße,"Person, Mann, Deutscher, Rektor",,115,automatisch
00868,Flemingweg,Rüttenscheid,Gemeindestraße,Flurname,,115,automatisch
00869,Fleuenbruch,Bergeborbeck,Gemeindestraße,Gemeinheit,,115,automatisch
00870,Fliederbusch,Bredeney,Gemeindestraße,Botanik,,115,automatisch
00871,Fliegenbuschweg,Schönebeck,Gemeindestraße,Flur-name,,115,automatisch
00872,Fließstraße,Bochold,Gemeindestraße,Geologie,,115,automatisch
00873,FlieBstraße,Bochold,Gemeindestraße,Geologie,,115,unsicher
00874,Flörken,Heisingen,Gemeindestraße,Bergbau,,116,automatisch
01597,Flöz Zollverein,Stoppenberg,Gemeindestraße,"Bergbau, Siedlung",,116,automatisch
00875,Flözstraße,Bochold,Gemeindestraße,Bergbau,,116,automatisch
00876,Florastraße,Rüttenscheid,Gemeindestraße,Lagebezeichnung,,116,automatisch
00877,Florweg,Heisingen,Gemeindestraße,Lagebezeichnung,Flörken,116,automatisch
00878,Flurstraße,Borbeck-Mitte,Gemeindestraße,Lagebezeichnung,,116,automatisch
00879,Föhrenweg,Haarzopf,Gemeindestraße,Botanik,,116,automatisch
00880,Förderstraße,Vogelheim,Gemeindestraße,Bergbau,,116,automatisch
00881,Folkersbeck,Haarzopf,Gemeindestraße,Flurname,,116,automatisch
00882,Folkwangstraße,Rüttenscheid,Gemeindestraße,Lagebezeichnung,,116,automatisch
00883,Fontänengasse,Stadtkern,Gemeindestraße,Essener Geschichte und Örtlichkeit,,116,automatisch
00884,Forschepoeterweg,Schonnebeck,Gemeindestraße,Kotten,,117,automatisch
00885,Forsthausstraße,Stadtwald,Gemeindestraße,Lagebezeichnung,,117,automatisch
00886,Forstmannstraße,Werden,Gemeindestraße,Familienname,,117,automatisch
00887,Forststraße,Vogelheim,Gemeindestraße,Lagebezeichnung,,117,automatisch
00888,Franzenshöhe Frankenstraße,Bredeney; Stadtwald; Rellinghausen,Landstraße,Stadt und Ort,,117,automatisch
00889,Frankfurter Straße,Frohnhausen,Gemeindestraße,Stadt und Ort,,117,automatisch
00947,Franz-Arens-Straße,Südostviertel,Gemeindestraße,"Person, Mann, Deutscher, Politiker, Historiker",,117,unsicher
00890,Franzenshöhe,Werden,Gemeindestraße,Lagebezeichnung,,117,automatisch
00921,Franz-Fischer-Weg,Frillendorf; Kray,Gemeindestraße,"Person, Mann, Deutscher, Industrieller",,118,automatisch
00891,Franziskanerhöhe,Südostviertel,Gemeindestraße,Kirche und Kloster,Franziskanerstraße,118,automatisch
00892,Franziskanerstraße,Südostviertel,Gemeindestraße,Kirche und Kloster,,118,automatisch
00893,Franziskastraße,Rüttenscheid,Landstraße,Weiblicher Vorname,,118,unsicher
00894,Franziusstraße,Huttrop,Gemeindestraße,"Person, Mann, Deutscher, Wasserbauingenieur",,118,automatisch
00958,Franz-Voutta-Straße,Werden,Gemeindestraße,"Person, Mann, Deutscher, Schreiner",,118,automatisch
00895,Franz-Xaver-Weg,Leithe,Gemeindestraße,"Person, Mann, Deutscher, Missionar, Heiliger",,118,automatisch
00896,Frau-Bertha-Krupp-Straße,Südviertel,Gemeindestraße,"Person, Frau, Deutsche, Familie Krupp, Essener Geschichte und Örtlichkeit",,118,automatisch
00897,Frauenfelderstraße,Altenessen-Nord,Gemeindestraße,"Person, Mann, Deutscher, Gewerkschafter",,118,automatisch
00950,Frauenlobstraße,Leithe,Gemeindestraße,"Person, Mann, Deutscher, Dichter, Meistersinger",,118,automatisch
00898,Frauenstein,Kupferdreh,Gemeindestraße,Flurname,,118,automatisch
00899,Freiheit,Südviertel,Kreisstraße,Lagebezeichnung,,119,automatisch
00900,Freiherrnweg,Borbeck-Mitte,Gemeindestraße,Adelstand,,119,automatisch
00901,Freiherr-vom-Stein-Straße,Bredeney; Heisingen,Gemeindestraße,"Person, Mann, Deutscher, Adelstand",,119,automatisch
03654,Freihofstraße,Kettwig,Gemeindestraße,Lagebezeichnung,Montebruchstraße,119,automatisch
03655,Freiligrathplatz,Kettwig,Gemeindestraße,"Person, Mann, Deutscher, Lyriker, Dichter, Übersetzer, Platz",,119,automatisch
03656,Freiligrathstraße,Kettwig,Gemeindestraße,"Person, Mann, Deutscher, Lyriker, Dichter, Übersetzer",Freiligrathplatz,119,unsicher
00905,Freisenbruchstraße,Freisenbruch; Steele,Gemeindestraße,Hofname,,119,unsicher
00906,Freistattstraße,Nordviertel,Gemeindestraße,Flurname,,119,automatisch
00907,Freseniusstraße,Holsterhausen,Gemeindestraße,"Person, Mann, Deutscher, Chemiker",,119,automatisch
00908,Frettholz,Holsterhausen,Gemeindestraße,Flurname,,119,automatisch
00909,Freytagstraße,Frohnhausen,Gemeindestraße,"Person, Mann, Deutscher, Schriftsteller, Kulturhistoriker",,119,automatisch
00949,Fridolinstraße,Horst,Gemeindestraße,"Bergbau, Männlicher Vorname",Zeche Eiberg,119,automatisch
00910,Fridtjof-Nansen-Straße,Rüttenscheid,Gemeindestraße,"Person, Mann, Norweger, Zoologe, Polarforscher, Philanthrop",,119,automatisch
00911,Friedbergstraße,Holsterhausen,Gemeindestraße,"Person, Mann, Deutscher, Politiker, Jurist",,120,automatisch
00912,Friedenstraße,Kray,Gemeindestraße,Lagebezeichnung,,120,automatisch
00913,Friederikenstraße,Rüttenscheid,Gemeindestraße,Weiblicher Vorname,,120,automatisch
00914,Friedhofstraße,Schonnebeck,Gemeindestraße,Lagebezeichnung,,120,automatisch
00915,Friedrich-Ebert-Straße,Stadtkern; Westviertel,Landstraße,"Person, Mann, Deutscher, Politiker",,120,automatisch
00916,Friedrich-Küch-Straße,Huttrop,Gemeindestraße,"Person, Mann, Deutscher",,120,automatisch
00576,Friedrich-Küpper-Weg,Heidhausen,Gemeindestraße,"Person, Mann, Deutscher, Lehrer, Historiker",,120,automatisch
00917,Friedrich-Lange-Straße,Bochold,Landstraße,"Person, Mann, Deutscher, Direktor",,120,automatisch
00918,Friedrich-List-Straße,Südviertel,Gemeindestraße,"Person, Mann, Deutscher, Wirtschaftstheoretiker, Unternehmer",,120,automatisch
00919,Friedrichstraße,Südviertel,Bundesstraße,"Person, Mann, Deutscher, Familie Krupp, Kaufmann, Unternehmer",,120,automatisch
00920,Friedrichswall,Steele,Gemeindestraße,Lagebezeichnung,,120,automatisch
00945,Frielingsdorfweg,Heidhausen,Gemeindestraße,Familienname,,121,automatisch
00922,Friesenaue,Bochold,Gemeindestraße,"Person, Mann, Deutscher, Pädagoge, Freiheitskämpfer, Turner",,121,automatisch
00923,Frillendorfer Höhe,Frillendorf,Gemeindestraße,Lagebezeichnung,Frillendorfer Straße,121,automatisch
00924,Frillendorfer Platz,Frillendorf,Gemeindestraße,"Lagebezeichnung, Platz",Frillendorfer Straße,121,automatisch
00925,Frillendorfer Straße,Ostviertelund Frillendorf,Landstraße; Hauptstraße,Lagebezeichnung,,121,automatisch
00951,Frintroper Höhe,Frintrop,Gemeindestraße,Lagebezeichnung,,121,automatisch
00926,Frintroper Knappen,Frintrop,Gemeindestraße,Flurname,,121,automatisch
00952,Frintroper Markt,Frintrop,Gemeindestraße,"Lagebezeichnung, Platz",,121,automatisch
00927,Frintroper Straße,Frintrop; Bedingrade; Schönebeck; Borbeck-Mitte,Bundesstraße,Bauerschaft,,121,automatisch
01879,Fritz-Niermann-Platz,Altendorf,Gemeindestraße,"Person, Mann, Deutscher, Kaufmann, Platz",,121,automatisch
01144,Fritz-Schaub-Weg,Burgaltendorf,Gemeindestraße,"Person, Mann, Deutscher, Schlosser, Politiker",,121,automatisch
00708,Fritz-Schupp-Allee,Stoppenberg,Gemeindestraße,"Person, Mann, Deutscher, Architekt",,121,automatisch
00928,Fritzstraße,Altenessen-Nord,Gemeindestraße,"Bergbau, Männlicher Vorname",,122,automatisch
03610,Fröbelweg,Kettwig,Gemeindestraße,"Person, Mann, Deutscher, Pädagoge",,122,automatisch
00929,Frohnhauser Platz,Frohnhausen,Gemeindestraße,"Lagebezeichnung, Platz",,122,automatisch
00930,Frohnhauser Straße,Stadtkern; Westviertel; Holsterhausen; Frohnhausen,Kreisstraße; Landstraße,Lagebezeichnung,Frohnhauser Platz,122,automatisch
00931,Frühlingstraße,Bredeney,Gemeindestraße,Botanik,Baumblüte,122,automatisch
00932,Fuchsgang,Bredeney,Gemeindestraße,Geologie,,122,automatisch
00933,Führichstraße,Holsterhausen,Gemeindestraße,"Person, Mann, Österreicher, Maler, Malerviertel-Holsterhausen",,122,automatisch
00934,Füllenkamp,Freisenbruch,Gemeindestraße,Flurname,,122,automatisch
00935,Fünffußbank,Altenessen- Nord,Gemeindestraße,Bergbau,,122,automatisch
00936,Fünfhandbank,Kray,Gemeindestraße,Bergbau,Fünffußbank,122,automatisch
00937,Fünfhöfestraße,Altenessen- Nord,Gemeindestraße,Lagebezeichnung,,122,automatisch
00938,Fünfkirchenblick,Huttrop; Bergerhausen,Gemeindestraße,Lagebezeichnung,,122,automatisch
00939,Fürstäbtissinstraße,Borbeck- Mitte,Gemeindestraße,"Person, Frau, Deutsche, Abtissin",,122,unsicher
00940,Fürstenbergstraße,Borbeck-Mitte,Gemeindestraße,"Person, Mann, Deutscher, Reichsfreiherr, Adelstand",,122,unsicher
00941,Fürstinstraße,Steele,Gemeindestraße,"Person, Frau, Deutsche, Prinzessin, Abtissin",,123,unsicher
00942,Fuldastraße,Bergerhausen,Gemeindestraße,Gewässer,,123,unsicher
00943,Fulerumer Straße,Fulerum,Landstraße,Bauerschaft,,123,automatisch
00944,Fundlandstraße,Altenessen- Süd; Katernberg,Gemeindestraße,Flurname,,123,automatisch
00981,Gänsemarkt,Stadtkern,Gemeindestraße,Essener Geschichte und Ortlichkeit,,123,automatisch
00982,Gärtnerstraße,Südviertel,Gemeindestraße,Essener Geschichte und Örtlichkeit,,123,automatisch
00983,Gantenbergstraße,Kray,Gemeindestraße,Hofname,,123,automatisch
00984,Gantesweiler,Stadtwald,Gemeindestraße,"Person, Mann, Deutscher, Kruppscher Beamter, Siedlung",,123,automatisch
00985,Gareisstraße,Schonnebeck,Gemeindestraße,"Person, Mann, Deutscher, Politiker",,123,automatisch
00986,Garnbleiche,Schonnebeck,Gemeindestraße,Industrie und Wirtschaft,,123,automatisch
01031,Gartbecke,Horst,Gemeindestraße,Flurname,,123,automatisch
00987,Gartenkamp,Stoppenberg,Gemeindestraße,Flurname,,123,automatisch
00988,Gartenstiege,Schonnebeck,Gemeindestraße,Siedlung,,123,automatisch
03659,Gartenstraße,Kettwig,Gemeindestraße,Lagebezeichnung,,124,automatisch
00990,Gasstraße,Kupferdreh,Gemeindestraße,Lagebezeichnung,,124,automatisch
00991,Gathergang,Heisingen,Gemeindestraße,"Person, Mann, Deutscher, Landwirt",,124,automatisch
00992,Gattfeld,Horst,Gemeindestraße,Flurname,,124,automatisch
00993,Gaußstraße,Altendorf,Gemeindestraße,"Person, Mann, Deutscher, Mathematiker, Astronom, Geodät, Physiker",,124,automatisch
00994,Gebhardtstraße,Holsterhausen,Gemeindestraße,"Person, Mann, Deutscher, Maler, Malerviertel-Holsterhausen",,124,automatisch
00996,Gedingeweg,Kray,Gemeindestraße,Bergbau,,124,automatisch
00997,Gehrberg,Huttrop,Gemeindestraße,Flurname,,124,automatisch
00998,Geibelstraße,Südviertel,Gemeindestraße,"Person, Mann, Deutscher, Schriftsteller, Lyriker, Dichter",,124,automatisch
00999,Geilinghausweg,Heidhausen,Gemeindestraße,Hofname,,124,automatisch
01000,Geisbergstraße,Südostviertel,Gemeindestraße,Kriegserinnerung,,124,automatisch
01118,Geismarweg,Heisingen,Gemeindestraße,"Person, Mann, Deutscher, Abt",Zölestinstraße,124,automatisch
01001,Geißlerstraße,Altendorf,Gemeindestraße,"Person, Mann, Deutscher, Physiker, Erfinder",,125,automatisch
01002,Geitlingstraße,Stadtwald,Gemeindestraße,Bergbau,,125,automatisch
03661,Gellertweg,Kettwig,Gemeindestraße,"Person, Mann, Deutscher, Schriftsteller, Dichter",,125,automatisch
01003,Gelsenholz,Katernberg,Gemeindestraße,Flurname,,125,automatisch
01004,Gelsenkirchener Straße,Katernberg; Schonnebeck; Stoppenberg,Kreisstraße; Landstraße,Stadt und Ort,,125,automatisch
01005,Gemarkenplatz,Holsterhausen,Kreisstraße,"Lagebezeichnung, Platz",Gemarkenstraße,125,automatisch
01006,Gemarkenstraße,Holsterhausen,Gemeindestraße,Lagebezeichnung,,125,automatisch
01007,Gemperwiese,Karnap,Gemeindestraße,Flurname,,125,automatisch
01008,Genossenschaftsplatz,Frohnhausen,Gemeindestraße; _,"Industrie und Wirtschaft, Platz",,125,automatisch
03289,Gentweg,Bochold,Gemeindestraße,Stadt und Ort,,125,automatisch
01009,Georg-Baur-Ring,Bredeney,Gemeindestraße,"Person, Mann, Deutscher, Bauingenieur, Kruppscher Beamter",,125,automatisch
01010,Georgkirchstraße,Heisingen,Gemeindestraße,Kirche und Kloster,,125,automatisch
01011,Gerhard-Küchen-Straße,Stoppenberg,Gemeindestraße,"Person, Mann, Deutscher, Industrieller, Siedlung",,126,unsicher
01880,Gerhard-Marquardt-Platz,Altendorf,Gemeindestraße,"Person, Mann, Deutscher, Platz",,126,automatisch
00566,Gerhard-Stötzel-Straße,Südostviertel; Huttrop,Gemeindestraße,"Person, Mann, Deutscher, Politiker",,126,automatisch
01012,Gerhardstraße,Schonnebeck,Gemeindestraße,"Person, Mann, Deutscher, Männlicher Vorname",,126,automatisch
03660,Gerhart-Hauptmann-Straße,Kettwig,Gemeindestraße,"Person, Mann, Deutscher, Dramatiker, Schriftsteller",,126,automatisch
01013,Gerichtsstraße,Borbeck-Mitte,Gemeindestraße,Essener Geschichte und Örtlichkeit,,126,automatisch
01014,Gerlachfeld,Freisenbruch,Gemeindestraße,Hofname,,126,automatisch
01015,Gerlingplatz,Ostviertel,Gemeindestraße,"Essener Geschichte und Ortlichkeit, Platz, (nicht amtlich): Gerlingswiese",,127,unsicher
01016,Gerlingstraße,Ostviertel,Landstraße,Essener Geschichte und Ortlichkeit,Gerlingplatz,127,automatisch
01017,Germaniaplatz,Borbeck-Mitte,Gemeindestraße,"Essener Geschichte und Örtlichkeit, Platz",,127,automatisch
01018,Germaniastraße,Bochold; Borbeck-Mitte,Kreisstraße; Gemeindestraße,Essener Geschichte und Örtlichkeit,Germaniaplatz,127,automatisch
01019,Gerscheder Straße,Gerschede,Gemeindestraße,Bauerschaft,,127,unsicher
01038,Gerscheder Weiden,Gerschede,Gemeindestraße,Botanik,,127,automatisch
01020,Gerschermannweg,Bedingrade; Gerschede,Gemeindestraße,Hofname,,127,automatisch
01021,Gerstekamp,Katernberg,Gemeindestraße,Flurname,,127,automatisch
01022,Gerswidastraße,Stadtkern,Gemeindestraße,"Person, Frau, Deutsche, Äbtissin, Essener Geschichte und Örtlichkeit",,127,automatisch
01023,Gertrudisstraße,Nordviertel,Gemeindestraße,"Person, Frau, Deutsche, Äbtissin, Essener Geschichte und Örtlichkeit",,127,automatisch
00961,Gervinusplatz,Frohhausen,Gemeindestraße,"Person, Mann, Deutscher, Historiker, Politiker, Platz",Gervinusstraße,128,automatisch
01024,Gervinusstraße,Frohnhausen,Gemeindestraße,"Person, Mann, Deutscher, Historiker, Politiker",,128,automatisch
01123,Geschwister-Scholl-Straße,Horst,Gemeindestraße,"Person, Mann, Deutscher, Widerstandskämpfer",,128,automatisch
00575,Gewalterberg,Überruhr- Hinsel,Gemeindestraße,Bergbau,,128,automatisch
01026,Gewerbehofstraße,Holsterhausen,Gemeindestraße,Lagebezeichnung,,128,unsicher
01027,Gewerkenstraße,Altenessen- Nord,Gemeindestraße,Gewerkschaft,,128,automatisch
01611,Giebelplatz,Margarethenhöhe,Gemeindestraße,Platz,,128,automatisch
01028,Giesebrechtstraße,Frohnhausen,Gemeindestraße,"Person, Mann, Deutscher, Hochschullehrer, Historiker",,128,automatisch
01133,Gießereiweg,Altenessen- Süd,Gemeindestraße,Industrie und Wirtschaft,,128,automatisch
01030,Gildehofstraße,Stadtkern,Kreisstraße,Essener Geschichte und Ortlichkeit,,128,automatisch
01075,Gillesweg,Kupferdreh,Gemeindestraße,Bergbau,,129,automatisch
01032,Gillhausenstraße,Bredeney,Gemeindestraße,"Person, Mann, Deutscher, Bauingenieur, Industriemanager, Politiker",,129,automatisch
01033,Gimkenstraße,Schönebeck,Gemeindestraße,Hofname,,129,automatisch
01034,Ginsterweg,Margarethenhöhe,Gemeindestraße,Botanik,,129,automatisch
01119,Girardetstraße,Rüttenscheid,Gemeindestraße,"Person, Mann, Deutscher, Buchbinder, Buchdrucker, Verleger, Unternehmer",,129,automatisch
01035,Girondellenstraße,Stadtwald,Gemeindestraße,Bergbau,,129,automatisch
01036,Giselastraße,Rüttenscheid,Gemeindestraße,Weiblicher Vorname,,130,automatisch
01037,Gladbecker Straße,Stadtkern; Nordviertel; Altenessen-Süd; Altenessen- Nord; Vogelheim; Karnap,Bundesstraße; Hauptstraße,Stadt und Ort,,130,unsicher
01039,Glashüttenstraße,Ostviertel,Gemeindestraße,Industrie und Wirtschaft,,130,automatisch
01040,Gleisdreieck,Frillendorf,Gemeindestraße,Lagebezeichnung,,130,automatisch
01041,Gleisstraße,Dellwig,Gemeindestraße,Lagebezeichnung,,130,automatisch
01042,Glockenstraße,Frintrop,Gemeindestraße,Essener Geschichte und Ortlichkeit,,130,automatisch
01043,Glückaufstraße,Stoppenberg,Gemeindestraße,Bergbau,,130,automatisch
01044,Glückstraße,Ostviertel,Gemeindestraße,Lebensgefühl,,130,automatisch
01045,Glühstraße,Borbeck- Mitte,Gemeindestraße,Industrie und Wirtschaft,,130,automatisch
01046,Gneisenaustraße,Altenessen-Süd; Nordviertel,Gemeindestraße,"Person, Mann, Deutscher, General, Kriegserinnerung",,130,automatisch
01047,Gockelweg,Haarzopf,Gemeindestraße,Zoologie,Reineke-Fuchs-Straße,130,automatisch
01048,Godertwende,Katernberg,Gemeindestraße,Männlicher Vorname,,130,automatisch
01049,Goebenstraße,Südostviertel,Gemeindestraße,"Person, Mann, Deutscher, General, Kriegserinnerung",,130,automatisch
01050,Gönterstraße,Bergerhausen,Gemeindestraße,Gemeinheit,,131,automatisch
03637,Görlitzer Straße,Kettwig,Gemeindestraße,Stadt und Ort,,131,automatisch
01053,Görtzpfad,Dellwig,Gemeindestraße,Kotten,,131,automatisch
01054,Goethestraße,Südviertel; Rüttenscheid,Gemeindestraße,"Person, Mann, Deutscher, Dichter",,131,automatisch
01055,Göttinger Straße,Frohnhausen,Gemeindestraße,Stadt und Ort,,131,automatisch
01056,Goldammerweg,Stadtwald,Gemeindestraße,Zoologie,,131,automatisch
01057,Goldfinkstraße,Stadtwald,Gemeindestraße,"Bergbau, Zoologie",,131,automatisch
01058,Goldschmidtstraße,Nordviertel; Ostviertel,Gemeindestraße,Familienname,,131,automatisch
01059,Goosestraße,Borbeck- Mitte,Gemeindestraße,"Person, Mann, Deutscher, Jurist, Kruppscher Beamter, Siedlung",,131,automatisch
03662,Gottfried-Herder-Straße,Kettwig,Gemeindestraße,"Person, Mann, Deutscher, Dichter, Übersetzer, Theologe, Philosoph",,131,automatisch
01060,Gottfried-Wilhelm-Straße,Rellinghausen,Gemeindestraße,"Person, Mann, Deutscher, Kaufmann, Bergbau",,132,automatisch
01061,Grabenstraße,Stoppenberg,Gemeindestraße,Gewässer,,132,automatisch
01062,Graefestraße,Holsterhausen,Gemeindestraße,"Person, Mann, Deutscher, Mediziner",,132,automatisch
00980,Grävenweg,Bochold,Gemeindestraße,Kotten,,132,automatisch
01063,DEEP BE \ Kr Be [m Graffweg - um 1935 Graf-Bernadotte-Straße,Bredeney,Gemeindestraße,"Person, Mann, Schwede, Politiker",,132,unsicher
00713,Graf-Beust-Allee,Nordviertel,Gemeindestraße,Bergbau,,132,automatisch
01064,Grafenstraße,Werden,Gemeindestraße,Essener Geschichte und Ortlichkeit,,133,automatisch
01065,Graffweg,Steele,Gemeindestraße,Lagebezeichnung,,133,automatisch
01117,Graf-Luckner-Höhe,Werden,Gemeindestraße,"Person, Mann, Deutscher, Offizier",,133,automatisch
01066,Graf-Spee-Straße,Bredeney,Gemeindestraße,"Person, Mann, Deutscher, Admiral",,133,automatisch
03663,Graf-Zeppelin-Straße,Kettwig,Landstraße,"Person, Mann, Deutscher, Graf, General, Luftschiffkonstrukteur",,133,automatisch
01068,Graitenweg,Stoppenberg,Gemeindestraße,Gewässer,Graitengraben,133,automatisch
01122,Grandhöhe,Dellwig,Gemeindestraße,Lagebezeichnung,,133,automatisch
01069,Grandstraße,Dellwig,Gemeindestraße,Lagebezeichnung,Grandhöhe,133,automatisch
01070,Grashofstraße,Bredeney,Gemeindestraße,"Person, Mann, Deutscher, Maschinenbau-Ingenieur, Hochschullehrer",,133,automatisch
01072,Graßmannstraße,Altendorf,Gemeindestraße,"Person, Mann, Deutscher, Mathematiker, Sprachwissenschaftler",,133,automatisch
01071,Grasstraße,Borbeck-Mitte,Gemeindestraße,Botanik,,133,automatisch
01073,Graudenzstraße,Katernberg,Gemeindestraße,Stadt und Ort,,133,unsicher
01074,Gravelottestraße,Karnap,Gemeindestraße,"Stadt und Ort, Kriegserinnerung",,134,automatisch
01076,Gregorstraße,Rüttenscheid,Gemeindestraße,Männlicher Vorname,,134,automatisch
01077,Grendbach,Steele,Gemeindestraße,Gewässer,,134,automatisch
01078,Grendgasse,Steele,Gemeindestraße,Gewässer,Grendplatz,134,unsicher
01079,Grendplatz,Steele,Gemeindestraße,Platz,,134,automatisch
02664,Grendtor,Steele,Gemeindestraße,Essener Geschichte und Ortlichkeit,,134,automatisch
00567,Grenoblestraße,Steele,Landstraße,Partnerstadt,,134,automatisch
01080,Grenzgraben,Altenessen- Nord,Gemeindestraße,Lagebezeichnung,,134,automatisch
01081,Grevelstraße,Frohnhausen,Gemeindestraße,"Person, Mann, Deutscher, Apotheker, Historiker, Stadtverordneter",,134,automatisch
01082,Grevendieck,Stadtwald,Gemeindestraße,Hofname,,134,automatisch
01083,Dezember 1830 Grieperstraße,Altendorf | behandigt,,,,134,unsicher
01084,Grillostraße,Nordviertel,Bundesstraße; Hauptstraße,"Person, Mann, Deutscher, Industrieller",,134,automatisch
01085,Grimbartweg,Haarzopf,Gemeindestraße,Lagebezeichnung,Reineke-Fuchs- Straße,135,automatisch
01086,Grimbergstraße,Kray; Leithe,Gemeindestraße,Lehngut,,135,unsicher
00704,Groote-Ring,Freisenbruch,Gemeindestraße,"Person, Mann, Deutscher, Landwirt",,135,automatisch
01087,Große Kehre,Katernberg,Gemeindestraße,Lagebezeichnung,,135,automatisch
01088,Große Leining,Stoppenberg,Gemeindestraße,Flurname,,135,automatisch
01091,Große Wiese,Kray,Gemeindestraße,Flurname,,135,automatisch
01089,Großenbruchstraße,Altenessen-Süd,Gemeindestraße,Essener Geschichte und ÖOrtlichkeit,,135,automatisch
01090,Großer Schirnkamp,Freisenbruch,Gemeindestraße,Flurname,,135,automatisch
01092,Großfeldweg,Karnap,Gemeindestraße,Hofname,,135,automatisch
01120,Großstraße,Frohrhausen,Gemeindestraße,"Person, Mann, Deutscher, Kruppscher Beamter",,135,automatisch
01124,Großwesterkamp,Stoppenberg,Gemeindestraße,Flurname,,135,automatisch
01121,Grotehang,Kupferdreh,Gemeindestraße,Lagebezeichnung,Grotestraße,136,automatisch
01093,Grotestraße,Kupferdreh,Gemeindestraße,Hofname,,136,automatisch
01094,Grünbruch,Altenessen-Süd,Gemeindestraße,Lagebezeichnung,,136,automatisch
01095,Grüne Aue,Kray,Gemeindestraße,Botanik,,136,automatisch
01096,Grüne Harfe,Heidhausen,Gemeindestraße,Botanik,,136,automatisch
01097,Grüne Matte,Bredeney,Gemeindestraße,Botanik,,136,automatisch
03664,Grüner Weg,Kettwig,Gemeindestraße,Lagebezeichnung,,136,automatisch
01099,Grünhof,Stadtwald,Gemeindestraße,Siedlung,,136,automatisch
01100,Grünstraße,Altenessen-Süd,Gemeindestraße,Botanik,,136,automatisch
01101,Grüteringhof,Karnap,Gemeindestraße,Kotten,,136,automatisch
01102,Grüters Gasse,Heidhausen,Gemeindestraße,Hofname,,136,automatisch
01103,Grugaplatz,Rüttenscheid,Gemeindestraße,Platz,,136,automatisch
01104,Grundstraße,Katernberg,Gemeindestraße,Lagebezeichnung,,136,unsicher
01105,Grunertstraße,Altendorf,Gemeindestraße,"Person, Mann, Deutscher, Mathematiker, Physiker",,137,automatisch
01617,Grunsbeckhof,Kupferdreh,Gemeindestraße,Hofname,,137,automatisch
01106,Grusonstraße,Holsterhausen,Gemeindestraße,"Person, Mann, Deutscher, Erfinder, Chemiker, Unternehmer",,137,automatisch
01107,Gudulastraße,Rüttenscheid,Gemeindestraße,Weiblicher Vorname,,137,automatisch
01108,Gülterberg,Fischlaken,Gemeindestraße,Flurname,,137,automatisch
03665,Güterstraße,Kettwig,Gemeindestraße,Lagebezeichnung,,137,automatisch
01109,telle führenden Straße den Namen „Güterstraße“ Gummertstraße,Rüttenscheid,Gemeindestraße,"Person, Mann, Deutscher, Mediziner, Stadtverordneter",,137,unsicher
01110,Guntherweg,Kray,Gemeindestraße,"Sage, Siedlung, Männlicher Vorname",,137,automatisch
01111,Gußmannplatz,Rüttenscheid,Gemeindestraße,"Person, Mann, Deutscher, Kruppscher Beamter, Platz, Siedlung",,137,automatisch
00584,Gustav-Heinemann-Brücke,Werden,Bundesstraße,"Person, Mann, Deutscher, Rechtsanwalt, Bergwerksdirektor, Politiker",,137,automatisch
01113,Gustav-Hicking-Straße,Stadtkern; Ostviertel,Gemeindestraße,"Person, Mann, Deutscher, Kaufmann",,137,automatisch
01112,Gustav-Nachtigal-Straße,Gerschede,Gemeindestraße,"Person, Mann, Deutscher, Forscher",,137,automatisch
03666,Gustavstraße,Kettwig,Gemeindestraße,Männlicher Vorname,,137,automatisch
01128,Gustav-Streich-Straße,Rüttenscheid,Gemeindestraße,"Person, Mann, Deutscher, Politiker",,138,automatisch
01114,Gutenbergstraße,Südviertel,Gemeindestraße,"Person, Mann, Deutscher, Erfinder",,138,automatisch
01115,Guts-Muths-Weg,Bergerhausen,Gemeindestraße,"Person, Mann, Deutscher, Pädagoge",,138,automatisch
01116,Gyrenkampstraße,Werden,Gemeindestraße,Flurname,,138,automatisch
01150,Haardtstraße,Bochotgd,Gemeindestraße,"Person, Mann, Deutscher, Pfarrer",,138,automatisch
01151,Habichtstraße,Stadtwald,Gemeindestraße,Zoologie,,138,automatisch
01152,Hachestraße,Stadtkern; Westviertel,Gemeindestraße,"Person, Mann, Deutscher, Oberbürgermeister",,138,automatisch
01153,Hackenberghang,Schuir,Gemeindestraße,"Flurname, Kotten",,138,automatisch
01154,Hackland,Heisingen,Gemeindestraße,Flurname,,139,automatisch
01155,Haedenkampstraße,Altendorf; Westviertel,Gemeindestraße,"Person, Mann, Deutscher, Prokurist, Kruppscher Beamter",,139,automatisch
03277,Hängebank,Kray,Gemeindestraße,"Lagebezeichnung, (",,139,unsicher
01157,Hafenstraße,Bochold; Vogelheim,Landstraße; Hauptstraße,Lagebezeichnung,,139,unsicher
03669,Hafkesdell,Kettwig,Gemeindestraße,Hofname,,139,automatisch
01159,Hagedornstraße,Bedingrade; Gerschede,Gemeindestraße,Kotten,,139,automatisch
01160,Hagelkreuz,Stadtwald,Gemeindestraße,Lagebezeichnung,,140,automatisch
01161,Hagen,Stadtkern,Gemeindestraße,Essener Geschichte und Ortlichkeit,,140,automatisch
01162,Hagen,Stadtkern,Gemeindestraße,Essener Geschichte und Örtlichkeit,,140,unsicher
01163,Hagen,,Gemeindestraße,Essener Geschichte und Örtlichkeit,,140,unsicher
01164,Hagenaustraße,Südostviertel,Gemeindestraße,"Kriegserinnerung, Stadt und Ort",,140,automatisch
01165,Hagenbecker Bahn,Altendorf; Bochold,Gemeindestraße,Eisenbahnwesen,,140,automatisch
01166,Hagenbeckstraße,Altendorf,Gemeindestraße,Bergbau,,140,automatisch
01168,Hagmanngarten,Heisingen,Gemeindestraße,"Person, Mann, Deutscher, Bürgermeister",,141,unsicher
01169,Halbachstraße,Altenessen- Süd,Gemeindestraße,"Person, Mann, Deutscher, Prokurist, Kruppscher Beamter, Siedlung",,141,automatisch
01170,Halbe Höhe,Ho!sterhausen,Gemeindestraße,Lagebezeichnung,,141,automatisch
01171,Haldenstraße,Stoppenberg; Katernberg,Gemeindestraße,Bergbau,,141,automatisch
01199,Halferstein,Überruhr-Hinsel,Gemeindestraße,Flurname,,141,automatisch
01172,Halfmannwiese,Borbeck- Mitte,Gemeindestraße,Lagebezeichnung,,141,automatisch
01173,Hallering,Bergerhausen,Gemeindestraße,Bergbau,,141,automatisch
01174,Hallostraße,Schonnebeck; Stoppenberg,Landstraße,Flurname,,141,automatisch
01176,Halterner Straße,Leithe,Bundesstraße,Stadt und Ort,,141,automatisch
01177,Hamborner Straße,Altendorf,Gemeindestraße,Stadt und Ort,,141,automatisch
01178,Hamburger Straße,Frohnhausen,Gemeindestraße,Stadt und Ort,,141,automatisch
01179,Hammacherstraße,Ostviertel,Gemeindestraße,"Person, Mann, Deutscher, Politiker, Reichstagsabgeordneter, Essener Geschichte und Örtlichkeit",,141,automatisch
01180,Hammer Mark,Fischlaken,Gemeindestraße,Gemeinheit,,142,automatisch
01181,Hammer Straße,Fischlaken; Heidhausen; Kupferdreh,Landstraße,Gemeinheit,Honnschaftenstraße,142,automatisch
01182,Hangetal,Stoppenberg,Gemeindestraße,Flurname,,142,automatisch
01183,Hangohrstraße,Freisenbruch,Gemeindestraße,Kotten,,142,automatisch
01184,Hangwimpel,Horst,Gemeindestraße,Lagebezeichnung,,142,automatisch
01185,Hanielstraße,Katernberg,Gemeindestraße,"Person, Mann, Deutscher, Unternehmer, Bergbau",,142,automatisch
01623,Hannah-Arendt-Straße,Frohnhausen,Gemeindestraße,"Person, Frau, Deutsche, Publizistin",,142,automatisch
00834,Hanns-Joachim-Maßner-Weg,Heidhausen,Gemeindestraße,"Person, Mann, Deutscher, Theologe",,142,automatisch
01186,Hansastraße,Steele,Gemeindestraße,Industrie und Wirtschaft,,142,unsicher
01187,Hans-Böckler-Straße,Nordviertel; Westviertel,Bundesstraße,"Person, Mann, Deutscher, Politiker, Gewerkschafter",,142,automatisch
01188,Hansemannstraße,Gerschede,Gemeindestraße,"Person, Mann, Deutscher, Unternehmer, Bankier",,142,automatisch
01148,una Hans-Fehr-Allee,Bergeborbeck,Gemeindestraße,"Person Mann, Deutscher, Politiker",,142,unsicher
01189,Hans-Luther-Allee,Rüttenscheid,Gemeindestraße,"Person, Mann, Deutscher, Politiker, Oberbürgermeister, Reichskanzler",,143,unsicher
01190,Hans-Niemeyer-Straße,Stadtwald,Gemeindestraße,"Person, Mann, Deutscher, Rechtsanwalt, Notar, Justizrat",,143,unsicher
01200,Hans-Sachs-Straße,Leithe,Gemeindestraße,"Person, Mann, Deutscher, Schuhmacher, Spruchdichter, Meistersinger, Dramatiker",,143,automatisch
00554,Hans-Thoma-Straße,Holsterhausen,Gemeindestraße,"Person, Mann, Deutscher, Maler, Graphiker, Malerviertel- Holsterhausen",,143,automatisch
01126,Hans-Toussaint-Platz,Stadtkern,Gemeindestraße,"Person, Mann, Deutscher, Kaufmann, Politiker, Oberbürgermeister, Bundestagsabgeordneter, Platz",,143,automatisch
01191,Haraldstraße,Bredeney,Gemeindestraße,"Person, Mann, Deutscher, Familie Krupp, Industrielle",,143,automatisch
01192,Hardenbergufer,Werden; Fischlaken; Kupferdreh,Gemeindestraße,"Person, Mann, Deutscher, Staatsmann, Adelstand",,143,unsicher
01193,Harkortstraße,Holsterhausen,Gemeindestraße,"Person, Mann, Deutscher, Unternehmer, Politiker",,143,automatisch
01194,Harnscheidts Höfe,Fischlaken,Gemeindestraße,Hofname,,143,automatisch
01195,Harscheidweg,Fulerum; Haarzopf,Gemeindestraße,Flurname,,144,automatisch
01196,Hartmannplatz,Holsterhausen,Gemeindestraße,"Person, Mann, Deutscher, Kruppscher Beamter, Platz",,144,automatisch
01198,Hartzbeeker Mark,Haarzopf,Gemeindestraße,Flurname,,144,unsicher
00973,Hasebrinks Garten,Altenessen-Nord,Gemeindestraße,Familienname,,144,automatisch
01201,Hasebrinkstraße,Karnap,Gemeindestraße,Hofname,,144,automatisch
01202,Haskens Land,Bochold,Gemeindestraße,Hofname,,144,automatisch
01203,Haskenstraße,Altendorf,Gemeindestraße,"Hofname, Essener Geschichte und Örtlichkeit",,145,automatisch
00535,Hasselbeekweg,Kettwig,Gemeindestraße,Stadt und Ort,,145,automatisch
01204,nn Hattenheimer Straße,Frohnhausen,Gemeindestraße,Stadt und Ort,,145,unsicher
01442,Hattingsaue,Überruhr- Hinsel,Gemeindestraße,Flurname,,145,automatisch
01205,Hattingstraße,Kray,Gemeindestraße,Kotten,,145,automatisch
01206,Hattingswiese,Überruhr-Hinsel; Überruhr-Holthausen,Gemeindestraße,Flurname,,145,automatisch
01207,Hattramstraße,Karnap,Gemeindestraße,Flurname,,145,automatisch
01212,Hatzper Bogen,Schuir,Gemeindestraße,Lagebezeichnung,Hatzper Straße,145,automatisch
01208,Hatzper Straße,Bredeney; Haarzopf; Margarethenhöhe; Schuir,Landstraße,Stadt und Ort,,145,automatisch
01209,Hauerstraße,Altenessen- Nord,Gemeindestraße,Bergbau,,146,automatisch
01210,Haumannplatz,Rüttenscheid,Landstraße,"Hofname, Platz",,146,automatisch
01211,Haunerlandweg,Frohnhausen,Gemeindestraße,Kotten,,146,unsicher
03670,Hauptstraße,Kettwig,Gemeindestraße,Lagebezeichnung,,146,unsicher
01216,Haus Fuhr,Werden,Gemeindestraße,Lehngut,,146,automatisch
01217,Haus Heisingen,Heisingen,Gemeindestraße,Lehngut,,146,automatisch
01219,Haus Horst,Horst,Gemeindestraße,Rittersitz,,146,automatisch
01213,Hausackerstraße,Frohnhausen; Holsterhausen,Landstraße,"Essen Geschichte und Ortlichkeit, Lage-bezeichnung",,147,automatisch
01214,Haus-Berge-Straße,Altendorf; Bochold,,"Rittersitz, Lehngut",,147,unsicher
01215,Hausdykerfeld,Schonnebeck,Gemeindestraße,Flurname,,147,automatisch
01218,un Haus-Horl-Straße,Dellwig; Gerschede,Gemeindestraße,Lehngut,,147,unsicher
01220,Hausmannweg,Kray,Gemeindestraße,Hofname,,147,automatisch
01434,Hautkappenweg,Altenessen- Süd,Gemeindestraße,Kotten,,147,automatisch
01221,Hauwinkel,Dellwig,Gemeindestraße,Flurname,,148,automatisch
01222,Hauxplatz,Rüttenscheid,Gemeindestraße,"Person, Mann, Deutscher, Stadtverordneter, Kruppscher Beamter, Platz",,148,automatisch
01416,Havelring,Bergerhausen,Gemeindestraße,Gewässer,,148,unsicher
01435,Haverkamp,Burgaltendorf,Gemeindestraße,Flurname,,148,automatisch
01223,Heckelsberg,Schönebeck; Bedingrade,Gemeindestraße,Flurname,,148,automatisch
01225,De 3 Heckstraße - Hecktor Heckhülsenring,Heisingen,Gemeindestraße,Flurname,,148,unsicher
01226,Heckstraße,Werden,Gemeindestraße,Essener Geschichte und Örtlichkeit,,148,automatisch
01227,Hedwig-Dransfeld-Platz,Altendorf,Gemeindestraße,"Person, Frau, Deutsche, Lehrerin, Frauenrechtlerin, Politikerin, Platz",,148,automatisch
01228,Hedwigstraße,Rüttenscheid,Gemeindestraße,Weiblicher Vorname,,148,unsicher
01229,Heegstraße,Bergeborbeck,Gemeindestraße,Lagebezeichnung,,148,automatisch
01417,Heeme,Bedingrade,Gemeindestraße,Volksmund,,149,automatisch
01230,Heerenstraße,Frohnhausen,Gemeindestraße,"Person, Mann, Deutscher, Historiker",,149,automatisch
03401,Heeskampshof,Stoppenberg,Gemeindestraße,Hofname,,149,automatisch
01231,Hegehofs Wiese,Katernberg,Gemeindestraße,Lagebezeichnung,Hegestraße,149,automatisch
03671,Hegelstraße,Kettwig,Gemeindestraße,"Person, Mann, Deutscher, Philosoph",,149,automatisch
01232,Hegemannsfeld,Katernberg,Gemeindestraße,Hofname,,149,automatisch
01233,Hegerkamp,Altenessen- Nord,Gemeindestraße,Kotten,,149,automatisch
01234,Hegestraße,Katernberg,Gemeindestraße,Hofname,,149,automatisch
01235,Heibauerfeld,Katernberg,Gemeindestraße,Kotten,,149,automatisch
01236,Heibauerweg,Stoppenberg; Katernberg,Gemeindestraße,Kotten,,149,automatisch
01237,Heidbergweg,Kupferdreh,Gemeindestraße,Flurname,,150,automatisch
01436,Heidbusch,Schönebeck,Gemeindestraße,Flurname,,150,automatisch
01238,Heidehang,Stadtwald,Gemeindestraße,Lagebezeichnung,,150,automatisch
01239,Heidenreichberg,Kupferdreh,Gemeindestraße,Bergbau,,150,automatisch
01240,Heidhauser Platz,Heidhausen,Gemeindestraße,"Lagebezeichnung, Platz",Honnschaftenstraße,150,automatisch
01241,Heidhauser Straße,Heidhausen; Fischlaken,Bundesstraße,Lagebezeichnung,Honnschaftenstraße,150,automatisch
01242,Heidmannsbusch,Bredeney,Gemeindestraße,Flurname,,150,automatisch
01243,Heierbusch,Brenedey,Gemeindestraße,Lagebezeichnung,,150,automatisch
01384,Heilermannstraße,Südostviertel,Autobahn,"Person, Mann, Deutscher, Gymnasialdirektor, Regierungsrat",,150,automatisch
03672,Helmholtz- Heiligenhauser Straße,Kettwig,Landstraße,Stadt und Ort,,150,automatisch
01245,Heilstraße,Frintrop,Gemeindestraße,Lagebezeichnung,,150,automatisch
01246,Heimatdank,Fulerum,Gemeindestraße,Industrie und Wirtschaft,,150,automatisch
00965,Heimbachweg,Borbeck- Mitte,Gemeindestraße,Familienname,,150,automatisch
01247,Heimstättenweg,Frillendorf,Gemeindestraße,Industrie und Wirtschaft,,150,automatisch
01248,Heimstraße,Überruhr-Hinsel,Gemeindestraße,Lagebezeichnung,,151,automatisch
01250,Heinickestraße,Südviertel,Gemeindestraße,"Person, Mann, Deutscher, Gehörlosenpädagoge",,151,automatisch
01251,Heinitzstraße,Altendorf,Hauptstraße,"Person, Mann, Deutscher, Staatswirt, Bergbau",,151,automatisch
03673,Heinrich-Berns-Straße,Kettwig,Gemeindestraße,"Person, Mann, Deutscher, Journalist, Bürgermeister",,151,automatisch
02592,Heinrich-Brauns-Straße,Borbeck-Mitte,Gemeindestraße,"Person, Mann, Deutscher, Theologe, Politiker",,151,automatisch
03674,Heinrich-Heine-Straße,Kettwig,Gemeindestraße,"Person, Mann, Deutscher, Dichter, Schriftsteller, Journalist",,151,automatisch
02514,Heinrich-Held-Straße,Rüttenscheid,Gemeindestraße,"Person, Mann, Deutscher, Theologe",,151,automatisch
00978,Heinrich-Imig-Straße,Stoppenberg,Gemeindestraße,"Person, Mann, Deutscher, Gewerkschaften, Bundestagsabgeordneter",,151,automatisch
01429,Heinrich-Kämpchen-Straße,Burgaltendorf,Gemeindestraße,"Person, Mann, Deutscher, Bergmann, Dichter",,151,automatisch
00903,Heinrich-Lersch-Platz,Katernberg,Gemeindestraße,"Person, Mann, Deutscher, Kesselschmied, Dichter, Platz",,151,automatisch
00904,Heinrich-Lersch-Straße,Katernberg,Gemeindestraße,"Person, Mann, Deutscher, Kesselschmied, Dichter",Heinrich-Lersch-Platz,151,automatisch
00968,Heinrich-Reisner-Platz,Stadtkern,Gemeindestraße,"Person, Mann, Deutscher, Ingenieur, Platz",,151,automatisch
01252,Heinrich-Sense-Weg,Kray,Landstraße,"Person, Mann, Deutscher, Steiger",,152,unsicher
01254,Heinrichstraße,Südviertel,Gemeindestraße,"Person, Mann, Deutscher, Industrielle, Bürgermeister, Essener Geschichte und Örtlichkeit",,152,automatisch
01253,Heinrich-Strunk-Straße,Altendorf,Gemeindestraße,"Person, Mann, Deutscher, Gewerkschafter, Stadtverordneter, Politiker",,152,automatisch
01255,Heintzmannstraße,Altendorf,Gemeindestraße,"Person, Mann, Deutscher, Geheimer Bergrat, Techniker",,152,automatisch
02517,Heinz-Bäcker-Straße,Dellwig,Gemeindestraße,"Person, Mann, Deutscher, Ausbilder",,152,automatisch
00697,Heinz-Renner-Platz,Westviertel,Gemeindestraße,"Person, Mann, Deutscher, Politiker, Platz",,152,automatisch
01256,Heisinger Straße,Stadtwald; Heisingen; Bredeney,Kreisstraße,Lagebezeichnung,,152,automatisch
01257,Heißener Straße,Schönebeck,Gemeindestraße,Lagebezeichnung,,152,automatisch
01419,Heißener Weg,Borbeck-Mitte,Gemeindestraße,Lagebezeichnung,,152,automatisch
01258,Heisterholz,Karnap,Gemeindestraße,Flurname,,152,automatisch
03675,Heistershecken,Kettwig,Gemeindestraße,Flurname,,153,automatisch
01259,Hektorstraße,Rüttenscheid,Gemeindestraße,Männlicher Vorname,,153,automatisch
01260,Helbingstraße,Südviertel,Kreisstraße,"Person, Mann, Deutscher, Ingenieur",,153,automatisch
02045,Helene-Müller-Weg,Horst,Gemeindestraße,"Person, Frau, Deutsche, Malerin, Kunstsammlerin",,153,automatisch
01443,Helenendamm,Altenessen- Süd,Gemeindestraße,"Eisenbahnwesen, Volksmund",,153,automatisch
01261,Helenenstraße,Nordviertel; Altendorf; Bochold,"Hauptstraße; Gemeinde- ’ ; N; IyO8} ""7 Pe “ n..r ne ee > Br a er 13 I Weiant ZI LARG: WE EEE Pr ED: WERDE EEE EWREN) -: EIER WR Helenenstroße - Zeche ver",Essener Geschichte und Örtlichkeit,,153,unsicher
01439,Helen-Keller-Straße,Nordviertel,Gemeindestraße,"Person, Frau, Amerikanerin, Schriftstellerin",,154,automatisch
01262,Helfenbergweg,Stoppenberg,Gemeindestraße,Flurname,,154,automatisch
00826,Helgaweg,Rüttenscheid,Gemeindestraße,Weiblicher Vorname,,154,automatisch
01418,Helgolandring,Margarethenhöhe,Gemeindestraße,Insel,,154,automatisch
01263,Hellersberg,Kupferdreh,Gemeindestraße,Hofname,,154,automatisch
01264,Hellweg,Freisenbruch; Steele,Gemeindestraße,Stadt und Ort,,154,automatisch
01420,Helmertweg,Bredeney,Gemeindestraße,"Person, Mann, Deutscher, Geodät, Mathematiker",,154,automatisch
01265,Helmesberg,Werden,Gemeindestraße,Flurname,,154,automatisch
01266,Helmholtzplatz,Altendorf,Gemeindestraße,"Person, Mann, Deutscher, Physiologe, Physiker, Platz",Helmholtzstraße,154,automatisch
03278,Helmholtzstraße,Altendorf,Hauptstraße,"Person, Mann, Deutscher, Physiologe, Physiker",Helmholtzplatz,154,automatisch
01267,Helmstraße,Frintrop; Dellwig,Gemeindestraße,Lagebezeichnung,,154,automatisch
01141,Helmut-Käutner-Straße,Westviertel,Gemeindestraße,"Person, Mann, Deutscher, Schauspieler, Regisseur",,154,automatisch
01268,Helmutstraße,Kray,Gemeindestraße,"Bergbau, Männlicher Vorname",,155,automatisch
00715,Helmut-Werner-Weg,Altendorf,Gemeindestraße,"Person, Mann, Deutscher, Vorsitzender des Stadtverband Essen",,155,automatisch
01269,Hemmerhof,Überruhr- Holthausen,Gemeindestraße,Hofname,,155,automatisch
00580,Hemsingskotten,Heisingen,Gemeindestraße,Kotten,,155,automatisch
01271,Henckelstraße,Holsterhausen,Gemeindestraße,"Person, Mann, Deutscher, Mediziner",,155,automatisch
01272,Hendrik-Witte-Straße,Südviertel,Gemeindestraße,"Person, Mann, Niederländer, Komponist, Musikdirektor",,155,automatisch
01273,Henglerplatz,Steele,Gemeindestraße,"Person, Mann, Deutscher, Stadtverordneter, Platz",,155,unsicher
01274,Henglerstraße,Steele,Landstraße,"Person, Mann, Deutscher, Stadtverordneter",Henglerplatz,155,automatisch
01275,Henningweg,Haarzopf,Gemeindestraße,Sage,Reineke-Fuchs-Straße,155,unsicher
01276,Henricistraße,Berger-hausen; Huttrop,Gemeindestraße,"Person, Mann, Deutscher, Architekt, Stadtplaner, Hochschullehrer, Regierungsrat",,155,automatisch
01426,Henri-Dunant-Straße,Rüttenscheid,Gemeindestraße,"Person, Mann, Schweizer, Geschäftsmann, Humanist",,155,automatisch
01277,Henriettenstraße,Stadtkern,Gemeindestraße,"Person, Frau, Deutsche, Essener Geschichte und Örtlichkeit",,155,automatisch
01278,Herbertshof,Stoppenberg,Gemeindestraße,Hofname,,155,automatisch
01412,Herbrüggenbusch,Schönebeck,Gemeindestraße,Hofname,,156,automatisch
00702,Herbrüggenhof,Schönebeck,Gemeindestraße,Hofname,,156,automatisch
01279,Herbrüggenstraße,Schönebeck; Altendorf; Frohnhausen,Gemeindestraße,Hofname,,156,automatisch
03676,Herkendell,Kettwig,Gemeindestraße,"Flurname, Kotten",,156,automatisch
01281,Herkulesstraße,Ostviertel,Gemeindestraße,Essener Geschichte und Örtlichkeit,,157,automatisch
00706,Hermann-Drescher-Weg,Karnap,Gemeindestraße,"Person, Mann, Deutscher, Gewerkschafter",,157,automatisch
00830,Hermann-Duesmann-Straße,Burgaltendorf,Gemeindestraße,"Person, Mann, Deutscher, Bergmann",,157,automatisch
02528,Hermann-Köster-Weg,Kray,Gemeindestraße,"Person, Mann, Deutscher, Gewerkschafter, Stadtverordneter",,157,automatisch
01441,Hermann-Rotthäuser-Straße,Horst,Gemeindestraße,"Person, Mann, Deutscher, Bauarbeiter, Widerstandskämpfer",,157,automatisch
02047,Hermann-Sprenger-Weg,Horst,Gemeindestraße,"Person, Mann, Deutscher, Bauunternehmer",,157,automatisch
01282,25ff Hermannstraße,Katernberg,Gemeindestraße,"Person, Mann, Deutscher, Essener Geschichte und Ortlichkeit",,157,unsicher
01283,Herrenbank,Altenessen- Nord,Gemeindestraße,Bergbau,,157,automatisch
01284,Herskamp,Deltwig,Gemeindestraße,Hofname,,158,automatisch
01285,Herthastraße,Rüttenscheid,Gemeindestraße,Weiblicher Vorname,,158,automatisch
01286,Hertigerstraße,Steele,Gemeindestraße,"Person, Mann, Deutscher, Vikar",,158,automatisch
01287,Hertzlerstraße,Stoppenberg,Gemeindestraße,"Person, Mann, Deutscher, Lehrer",,158,automatisch
01288,Herwarthstraße,Südostviertel; Huttrop,Gemeindestraße,"Person, Mann, Deutscher, General, Kriegserinnerung",,158,unsicher
01289,Herzogstraße,Nordviertel,Hauptstraße,Adelstand,Hohenzollernstraße,158,automatisch
01290,Heskämpchen,Werden,Gemeindestraße,Flurname,,158,automatisch
01291,Hespertal,Fischlaken; Heidhausen; Kupferdreh,Landstraße,Gewässer,,158,automatisch
01293,Hesselerkamp,Werden,Gemeindestraße,Flurname,,158,automatisch
01294,Heßlerstraße,Altenessen- Nord,Kreisstraße,Stadt und Ort,,158,automatisch
01295,Heukenfeld,Bedingrade,Gemeindestraße,Hofname,,158,automatisch
01296,Heuweg,Überruhr-Hinsel; Überruhr-Holthausen,Gemeindestraße,Lagebezeichnung,,159,automatisch
01297,Hexberg,Bedingrade,Gemeindestraße,Flurname,,159,automatisch
03682,Hexenbergweg,Kettwig,Gemeindestraße,Lagebezeichnung,,159,automatisch
01298,Hexentaufe,Rellinghausen,Gemeindestraße,"Essener Geschichte und Örtlichkeit, Volksmund",,159,automatisch
01299,Heymannplatz,Rüttenscheid,Gemeindestraße,"Hofname, Platz",,159,automatisch
01301,Hiegemannsgasse,Horst,Gemeindestraße,Familienname,,159,unsicher
01302,Hildegardstraße,Rüttenscheid,Gemeindestraße,Weiblicher Vorname,,159,automatisch
01421,Hildegrimstraße,Werden,Gemeindestraße,"Person, Mann, Deutscher, Abt",,159,automatisch
01303,Hildesheimer Straße,Frohnhausen,Gemeindestraße,Stadt und Ort,,160,automatisch
01304,Hilgenbornstraße,Huttrop,Gemeindestraße,Flurname,,160,automatisch
01305,Hilgerstraße,Nordviertel,Gemeindestraße,"Person, Mann, Deutscher, Industrieller",,160,automatisch
01306,Hiltrops Kamp,Steele,Gemeindestraße,Flurname,,160,automatisch
01307,Himmelpforten,Frintrop,Gemeindestraße,Kirche und Kioster,,160,automatisch
01308,Hindenburgstraße,Stadtkern,Kreisstraße,"Person, Mann, Deutscher, Generalfeldmarschall, Reichspräsident",,160,unsicher
01309,Hinderfeldsberg,Überruhr- Holthausen,Gemeindestraße,Hofname,,160,automatisch
01310,Hinsbecker Berg,Kupferdreh,Gemeindestraße,Honnschaft,,160,unsicher
00577,Hinsbecker Hang,Kupferdreh,Gemeindestraße,Honnschaft,Hinsbecker Berg,161,automatisch
01311,Hinsbecker Löh,Kupferdreh,Gemeindestraße,Honnschaft,,161,automatisch
01414,Hinseler Feld,Überruhr- Hinsel,Gemeindestraße,Flurname,,161,automatisch
01312,Hinseler Hof,Überruhr-Hinsel; Überruhr-Holthausen,Gemeindestraße,Flurname,Schulte-Hinsel-Straße,161,automatisch
01313,Hinterm Rathaus,Heidhausen,Gemeindestraße,Lagebezeichnung,,161,automatisch
01444,Hirschanger,Heisingen,Gemeindestraße,Zoologie,,161,automatisch
03273,Hirschlandplatz,Stadtkern,Gemeindestraße,"Familienname, Platz",,161,automatisch
01314,Hirsestraße,Bochold,Gemeindestraße,Botanik,,161,automatisch
01315,Hirtental,Byfang,Gemeindestraße,Lagebezeichnung,,161,automatisch
01316,Hirtsieferstraße,Altendorf,Landstraße,"Person, Mann, Deutscher, Politiker, Stadtverordneter",,161,automatisch
01317,Hittorfstraße,Altendorf,Gemeindestraße,"Person, Mann, Deutscher, Physiker, Chemiker",,162,automatisch
01437,Hitzbleek,Werden,Gemeindestraße,Flurname,,162,automatisch
01318,Hobeisenstraße,Holsterhausen,Hauptstraße,Bergbau,,162,automatisch
01319,Hobestatt,Horst,Gemeindestraße,Flurname,,162,automatisch
01320,Hobirkheide,Fulerum,Gemeindestraße,Hofname,,162,unsicher
01321,Hochfeldstraße,Leithe,Gemeindestraße,Lagebezeichnung,,162,automatisch
01322,Hochstraße,Steele,Gemeindestraße,Lagebezeichnung,,162,automatisch
01323,Höchtebogen,Bedingrade,Gemeindestraße,Volksmund,,162,automatisch
01324,Hoeckerstraße,Altendorf,Gemeindestraße,"Person, Mann, Deutscher, Prokurist, Kruppscher Beamter, Siedlung",,162,automatisch
01325,Hoeffkengarten,Huttrop,Gemeindestraße,Familienname,,162,automatisch
01326,Höhenweg,Frintrop,Gemeindestraße,Lagebezeichnung,,162,automatisch
01327,Hölderlinstraße,Südviertel; Holsterhausen,Gemeindestraße,"Person, Mann, Deutscher, Dichter",,162,automatisch
01328,Hölle,Werden,Gemeindestraße,Hofname,,163,automatisch
01330,Höltestraße,Altenessen-Süd,Gemeindestraße,Essener Geschichte und Örtlichkeit,,163,automatisch
01331,Höltingsweg,Vogelheim,Gemeindestraße,Lagebezeichnung,,163,automatisch
01333,Höntroper Straße,Horst,Gemeindestraße,Stadt und Ort,,163,unsicher
03679,Höseler Weg,Kettwig,Gemeindestraße,Stadt und Ort,,163,automatisch
01427,Höttering,Heisingen,Gemeindestraße,Flurname,,163,automatisch
01334,Auf'm Höltering) Hövelstraße,Altenessen-Süd; Bochold,Landstraße,"Person, Mann, Deutscher, Politiker, Regierungspräsident",,163,automatisch
01335,Hövenerwiese,Margarethenhöhe,Gemeindestraße,Volksmund,,163,automatisch
01336,Hofackerstraße,Heisingen,Gemeindestraße,Flurname,,163,automatisch
01337,Hoffnungstraße,Westviertel,Gemeindestraße,Essener Geschichte und Örtlichkeit,,163,automatisch
01338,Hofkamp,Schonnebeck,Gemeindestraße,Flurname,,163,automatisch
01339,Hofringstraße,Huttrop,Gemeindestraße,Lagebezeichnung,,163,automatisch
01340,Hofstraße,Kupferdreh,Gemeindestraße,Hofname,,164,automatisch
01341,Hofterbergstraße,Ostviertel,Gemeindestraße,Essener Geschichte und Ortlichkeit,,164,automatisch
01342,Hohe Buchen,Bredeney,Gemeindestraße,Botanik,,164,automatisch
01344,Hohe Haar,Überruhr- Holthausen,Gemeindestraße,Stadt und Ort,,164,automatisch
01345,Hohe Kuppe,Überruhr- Holthausen,Gemeindestraße,Lagebezeichnung,,164,automatisch
01351,Hohe Warte,Holsterhausen,Gemeindestraße,Kotten,,164,automatisch
01343,Hohefuhrstraße,Bergerhausen,Gemeindestraße,Lagebezeichnung,,164,automatisch
01440,Hohehausstraße,Bochold,Gemeindestraße,Kotten,,164,automatisch
01346,Hohenburgstraße,Ostviertel; Südviertel,Gemeindestraße,"Essener Geschichte und Örtlichkeit, Mühle",,165,automatisch
01347,Hohendahlstraße,Altenessen-Nord,Gemeindestraße,"Person, Mann, Deutscher, Direktor",,165,automatisch
01348,Hohensteinweg,Werden,Gemeindestraße,Flurname,,165,automatisch
01349,Hohenzollernstraße,Südviertel,Landstraße,Adelstand,,165,automatisch
01350,Hoher Weg,Margarethenhöhe,Gemeindestraße,Lagebezeichnung,,165,automatisch
01353,Hohlweg,Holsterhausen; Margarethenhöhe,Gemeindestraße,Lagebezeichnung,,165,automatisch
01354,Holbecks Hof,Steele,Gemeindestraße,Hofname,,165,automatisch
01355,Holbeinstraße,Holsterhausen,Gemeindestraße,"Person, Mann, Deutscher, Maler, Malerviertel-Holsterhausen",,165,automatisch
01356,Holdenweg,Altendorf,Gemeindestraße,Lagebezeichnung,,165,automatisch
01357,Hollestraße,Stadtkern; Östviertel,Hauptstraße,"Person, Mann, Deutscher, Oberbürgermeister",,165,automatisch
01358,Holsteinanger,Heisingen,Gemeindestraße,Familienname,,165,automatisch
01359,Holsterhauser Platz,Holsterhausen,Gemeindestraße,"Bauerschaft, Platz",,166,automatisch
01360,Holsterhauser Straße,Holsterhausen; Südviertel,Kreisstraße,Bauerschaft,,166,automatisch
01361,Holtener Straße,Altendorf,Gemeindestraße,Stadt und Ort,,166,automatisch
01431,Holteyer Hang,Burgaltendorf,Gemeindestraße,Lagebezeichnung,,166,unsicher
01873,Holteyer Höhe,Burgaltendorf,Gemeindestraße,Lagebezeichnung,,166,automatisch
01432,Holteyer Straße,Burgaltendorf,Gemeindestraße,Hofname,,166,automatisch
01430,Holteyerberg,Burgaltendorf,Gemeindestraße,"Lagebezeichnung, Nummerierungsbezirk",,166,automatisch
01362,Holthuser Tal,Überruhr- Holthausen,Gemeindestraße,Bauerschaft,,166,automatisch
01363,Holtkämperheide,Altenessen- Nord,Gemeindestraße,Kotten,,166,automatisch
00585,Holtrichterweg,Vogelheim,Gemeindestraße,Botanik,,166,automatisch
01364,Holunderweg,Bredeney,Gemeindestraße,Botanik,Blumenkamp,167,automatisch
01365,Holzschragen,Altenessen- Nord,Gemeindestraße,Flurname,,167,automatisch
01366,Holzstraße,Nordviertel,Gemeindestraße,Essener Geschichte und Ortlichkeit,,167,automatisch
01422,Hombrucher Straße,Frillendorf,Gemeindestraße,Stadt und Ort,,167,automatisch
01411,Homburger Weg,Leithe,Gemeindestraße,Stadt und Ort,Merziger Aue,167,automatisch
01367,Honigmannstraße,Stoppenberg,Gemeindestraße,"Person, Mann, Deutscher, Bergbau, Siedlung",,167,automatisch
01368,Honnerskamp,Altenessen- Nord,Gemeindestraße,Kotten,,167,automatisch
01369,Honnschaftenstraße,Heidhausen,Gemeindestraße,Honnschaft,,167,automatisch
01370,Hopfenstraße,Schönnebeck,Gemeindestraße,Botanik,Am Brauhaus,167,automatisch
03680,Hopmannplatz,Kettwig,Gemeindestraße,"Person, Mann, Deutscher, Bürgermeister, Platz",,168,automatisch
01371,Horster Straße,Horst,Gemeindestraße,Stadt und Ort,,168,automatisch
01372,Hortmannweg,Altenessen- Nord,Gemeindestraße,Kotten,Hossemsgarten,168,automatisch
01373,Hospitalstraße,Altenessen- Nord,Gemeindestraße,Lagebezeichnung,,168,automatisch
01423,Hossemsgarten,Altenessen- Nord,Gemeindestraße,Kotten,,168,automatisch
01374,Hovescheidtstraße,Bergerhausen; Huttrop,Gemeindestraße,Hofname,,168,automatisch
01424,Hovestatthang,Horst,Gemeindestraße,Flurname,,168,automatisch
00821,Hubert-Bollig-Straße,Stoppenberg,Gemeindestraße,"Person, Mann, Deutscher, Pfarrer",,168,automatisch
01375,Hubertstraße,Frillendorf; Kray,Landstraße; Kreisstraße,Bergbau,,168,automatisch
01376,Hubertweiche,Kray,Gemeindestraße,Eisenbahnwesen,,168,unsicher
01425,Huckarder Straße,Frillendorf,Gemeindestraße,Stadt und Ort,,169,automatisch
01377,Huckshorst,Stoppenberg,Gemeindestraße,Flurname,,169,automatisch
01413,Hüchtebrockstraße,Frintrop,Gemeindestraße,Familienname,,169,automatisch
01379,Hügel,Bredeney,Gemeindestraße,Nummerierungsbezirk,,169,automatisch
01380,Hügelweg,Bredeney,Gemeindestraße,Nummerierungsbezirk,Hügel,169,automatisch
01381,Hülscherfeld,Überruhr- Holthausen,Gemeindestraße,Bergbau,Wolfsdelle,169,automatisch
01382,Hülsebergstraße,Horst,Gemeindestraße,Flurname,,169,unsicher
01383,Hülsenbruchstraße,Altenessen-Süd; Vogelheim,Gemeindestraße,Gemeinheit,,169,automatisch
01385,Hülsmannstraße,Borbeck- Mitte; Gerschede,Gemeindestraße,Essener Geschichte und Ortlichkeit,,169,automatisch
01386,Hünninghausenweg,Steele,Gemeindestraße,"Person, Mann, Deutscher, Kaufmann, Glasfabrikant",,170,automatisch
01387,Hüsertreppe,Stoppenberg,Gemeindestraße,"Lagebezeichnung, Volksmund",,170,automatisch
01388,Hüskenbörde,Bergerhausen,Gemeindestraße,Kotten,,170,automatisch
01378,Huestraße,Schonnebeck; Katernberg,Landstraße; Kreisstraße,"Person, Mann, Deutscher, Gewerkschafter, Politiker",,170,automatisch
01391,Hüttmannstraße,Altendorf,Gemeindestraße,"Hofname, Essener Geschichte und Örtlichkeit",,170,automatisch
01392,Hufeisen,Frillendorf,Gemeindestraße,Lagebezeichnung,,170,unsicher
01393,Hufelandstraße,Holsterhausen,Landstraße,"Person, Mann, Deutscher, Mediziner",,171,automatisch
01394,Hufergasse,Werden,Gemeindestraße,Lagebezeichnung,,171,automatisch
01395,Huffmannstraße,Werden,Gemeindestraße,Familienname,,171,automatisch
01396,Hugenkamp,Stoppenberg,Gemeindestraße,Flurname,,171,automatisch
02532,Hugo-Knippen-Straße,Bedingrade,Gemeindestraße,"Person, Mann, Deutscher, Kruppscher Beamter, (vorm.) Bergheimer Straße (tlw.)",,171,automatisch
01398,Humannstraße,Steele,Gemeindestraße,"Person, Mann, Deutscher, Archäologe",,171,automatisch
01399,Humboldtstraße,Fulerum; Haarzopf,Hauptstraße,Bergbau,,171,automatisch
03681,Hummelshagen,Kettwig,Gemeindestraße,Flurname,,171,automatisch
01400,Hundackerweg,Rüttenscheid,Gemeindestraße,"Person, Mann, Deutscher, Kruppscher Beamter, Siedlung",,171,unsicher
01401,Hundebrinkstraße,Altenessen-Süd,,Essener Geschichte und Ortlichkeit,,171,unsicher
01402,Hundsnockenstraße,Rellinghausen,Gemeindestraße,Bergbau,,172,automatisch
01403,Hunsiepen,Heisingen,Gemeindestraße,"Flurname, Kotten",,172,automatisch
01415,auch - entstellt - Hundsiepen (1826) Hunsrückstraße,Bredeney,Gemeindestraße,Stadt und Ort,Westerwaldstraße,172,unsicher
01404,Hurterstraße,Frohnhausen,Gemeindestraße,"Person, Mann, Schweizer, Historiker",,172,automatisch
01405,Husemannweg,Katernberg,Gemeindestraße,"Person, Mann, Deutscher, Bergarbeiterführer, Politiker",,172,unsicher
01406,Huskamp,Katernberg,Gemeindestraße,Volksmund,,172,automatisch
01407,Husmannshofstraße,Altendorf; Westviertel,Gemeindestraße,Hofname,,172,automatisch
01408,Huthstraße,Frillendorf,Gemeindestraße,"Person, Mann, Deutscher, Pfarrer",,173,automatisch
01409,Huttropstraße,Huttrop,Landstraße,"Bauerschaft, Hofname",,173,automatisch
01410,Huyssenallee,Südviertel,Gemeindestraße,"Familienname, Essener Geschichte und ÖOrtlichkeit",,173,automatisch
03683,Icktener Mark,Kettwig,Gemeindestraße,Botanik,,174,automatisch
03684,Icktener Straße,Kettwig,Gemeindestraße,Bauerschaft,,174,automatisch
01537,lländerhöhe,Heidhausen,Gemeindestraße,Behandigungsgut,,174,unsicher
01450,lländerweg,Heidhausen,Gemeindestraße,Behandigungsgut,,174,unsicher
00700,Ilse-Menz-Weg,Stadtkern,Gemeindestraße,"Person, Frau, Deutsche, Kinobetreiberin",,174,automatisch
01451,Im Ährenfeld,Bochold,Gemeindestraße,Lagebezeichnung,,174,automatisch
01452,Im Ahrfeld,Bergerhausen,Gemeindestraße,Flurname,,174,automatisch
01454,Im Arlenkamp,Karnap,Gemeindestraße,Flurname,,174,automatisch
01455,Im Beckmannsfeld,Kray; Leithe,Gemeindestraße,Lagebezeichnung,,174,automatisch
01456,Im Beiseling,Kray,Gemeindestraße,Flurname,,174,automatisch
01530,Im Beukenbusch,Frintrop,Gemeindestraße,"Flurname, Familienname",,174,automatisch
01529,Im Beuler Feld,Horst,Gemeindestraße,Bauerschaft,,174,automatisch
03685,Im Blumenfeld,Kettwig,Gemeindestraße,Botanik,,174,automatisch
01457,Im Bocholdsfeld,Bochold,Gemeindestraße,Flurname,,174,automatisch
01531,Im Brauke,Burgaltendorf,Gemeindestraße,Flurname,,174,automatisch
01458,Im Breiksken,Kray,Gemeindestraße,Flurname,,174,automatisch
01459,Im Breukel,Frintrop,Gemeindestraße,Flurname,,174,unsicher
01460,Im Brilken,Stoppenberg,Gemeindestraße,Flurname,,174,automatisch
01532,Im Bungert,Burgaltendorf,Gemeindestraße,"Flurname, Hofname",,175,automatisch
01462,Im Dreieck,Dellwig,Gemeindestraße,Lagebezeichnung,,175,automatisch
01463,Im Dreischlag,Kray,Gemeindestraße,Hofname,,175,automatisch
01465,Im Erlenbruch,Altenessen- Nord,Gemeindestraße,Flurname,,175,automatisch
01466,Im Fatloh,Bedingrade,Gemeindestraße,Flurname,,175,automatisch
01467,Im Grund,Katernberg,Gemeindestraße,Lagebezeichnung,,175,automatisch
01468,Im Haferfeld,Freisenbruch,Gemeindestraße,Flurname,,175,automatisch
03686,Im Hattigsfeld,Kettwig,Gemeindestraße,Flurname,,175,automatisch
01469,Im Heidkamp,Bredeney,Gemeindestraße,Flurname,,175,automatisch
01534,Im Heimberge,Burgaltendorf,Gemeindestraße,Flurname,,175,automatisch
01470,Im Heimgarten,Margarethenhöhe,Gemeindestraße,Lagebezeichnung,,175,automatisch
01471,Im Helf,Leithe,Gemeindestraße,Flurname,,175,automatisch
01472,Im Hesgarten,Werden,Gemeindestraße,Flurname,,175,automatisch
01473,Im Hesselbruch,Bergeborbeck,Gemeindestraße,Gemeinheit,,175,automatisch
03687,Im Hinninghofen,Kettwig,Gemeindestraße,Flurname,,175,automatisch
01474,Höfe und ihre Aufsitzer die Schreibweise mit „v“ Im Hülsfeld,Margarethenhöhe,Gemeindestraße,Flurname,,175,unsicher
01475,Im Kampe,Horst,Gemeindestraße,Flurname,,176,automatisch
01476,Im Karkamp,Heisingen,Gemeindestraße,Flurname,,176,automatisch
03688,Im Kimpel,Kettwig,Gemeindestraße,Hofname,,176,automatisch
01478,Im Kirchspiel,Steele,Gemeindestraße,Lagebezeichnung,,176,automatisch
01480,Im Knick,Schonnebeck,Gemeindestraße,Lagebezeichnung,,176,automatisch
01482,Im Langenbusch,Katernberg,Gemeindestraße,Flurname,,176,automatisch
01483,e PEREHERRANEEE Im Natt - Kotten im Natt 1970 Im Lindenstück,Schonnebeck,Gemeindestraße,Flurname,,176,unsicher
01484,Im Löwental,Werden,Gemeindestraße,Flurname,,176,automatisch
01485,Im Looscheid,Stoppenberg,Gemeindestraße,Flurname,,176,automatisch
01488,Im Mühlenbruch,Stoppenberg,Landstraße,Flurname,,176,automatisch
01489,Im Natt,Stoppenberg,Gemeindestraße,"Hofname, Flurname",,176,automatisch
01490,Im Neerfeld,Frintrop,Gemeindestraße,Flurname,,176,automatisch
00832,Im Oberfeld,Heisingen,Gemeindestraße,Flurname,,176,automatisch
01527,Im Ortfeld,Überruhr-Hinsel,Gemeindestraße,Flurname,,176,automatisch
01491,Im Osterbruch,Karnap,Gemeindestraße,Flurname,,177,automatisch
00705,Im Pferdekamp,Freisenbruch,Gemeindestraße,Flurname,,177,automatisch
01492,Im Riek,Schuir,Gemeindestraße,Flurname,,177,unsicher
01493,Im Schee,Steele,Gemeindestraße,Flurname,,177,automatisch
01533,Im Schlagholz,Haarzopf,Gemeindestraße,Lagebezeichnung,,177,automatisch
01494,Im Schollbrauk,Altenessen- Süd; Stoppenberg,Gemeindestraße,Flurname,,177,automatisch
01495,Im Siepken,Haarzopf,Gemeindestraße,Lagebezeichnung,,177,automatisch
03690,Im Sonnenschein,Kettwig,Gemeindestraße,Flurname,,177,automatisch
01496,Im Steeler Rott,Steele,Gemeindestraße,Flurname,,177,automatisch
01497,Im Stillen Winkel,Margarethenhöhe,Gemeindestraße,Lagebezeichnung,,177,automatisch
01498,Im Stollen,Vogelheim,Gemeindestraße,Bergbau,,177,automatisch
01499,Im Streb,Stoppenberg,Gemeindestraße,Bergbau,,177,automatisch
01500,Im Tannenbusch,Heidhausen,Gemeindestraße,Lagebezeichnung,,178,automatisch
03692,Im Teelbruch,Kettwig,Gemeindestraße,Lagebezeichnung,,178,automatisch
01535,Im Vaeste,Burgaltendorf,Gemeindestraße,Flurname,,178,automatisch
00531,Im Walpurgistal,Bergerhausen; Stadtwald; Rellinghausen,Gemeindestraße,Volksmund,,178,automatisch
00977,Im Welterbe,Stoppenberg,Gemeindestraße,Lagebezeichnung,,178,automatisch
01501,Im Westerbruch,Katernberg,Gemeindestraße,Flurname,,178,automatisch
03691,) Im Winkel,Kettwig,Gemeindestraße,Flurname,,178,unsicher
01503,Im Wulve,Schönebeck; Bedingrade,Gemeindestraße,Volksmund,,178,automatisch
01539,Im Zauberwald,Katernberg,Gemeindestraße,Märchen,,178,automatisch
01453,Imandtstraße,Horst,Gemeindestraße,"Person, Frau, Deutsche, Lehrerin",,178,unsicher
01461,Imbuschweg,Katernberg,Gemeindestraße,"Person, Mann, Deutscher, Gewerkschafter",,178,unsicher
01538,Imhoffweg,Kray,Gemeindestraße; Person,"Person, Mann, Deutscher, Bauingenieur",,178,automatisch
01477,Imkerei,Fischlaken,Gemeindestraße,Zoologie,,179,automatisch
02512,Imkerweg,Altenessen-Nord,Gemeindestraße,"Zoologie, vorm.: Bolsterbaum (tiw.)",,179,unsicher
01486,Immelmannstraße,Schonnebeck,Gemeindestraße,"Person, Mann, Deutscher, Oberleutnant",,179,automatisch
01528,Immengarten,Freisenbruch,Gemeindestraße,Zoologie,,179,unsicher
01487,Immestraße,Ostviertel; Stadtkern,Gemeindestraße,"Person, Mann, Deutscher, Oberlehrer, Volkskundler",,179,automatisch
01504,In den Berken,Kray,Gemeindestraße,Flurname,,179,automatisch
01505,In den Höfen,Burgaltendorf,Gemeindestraße,Lagebezeichnung,,179,automatisch
01506,In den Lotten,Stoppenberg,Gemeindestraße,Flurname,,179,automatisch
01508,In der Baumschule,Altenessen-Süd,Gemeindestraße,Essener Geschichte und Örtlichkeit,,179,automatisch
01509,In der Borbeck,Heidhausen,Gemeindestraße,Gewässer,,179,automatisch
00570,In der Distelkuhle,Schönebeck,Gemeindestraße,Flurname,,179,automatisch
01536,In der Hagenbeck,Altendorf,Gemeindestraße,Flurname,,179,automatisch
01510,In der Lake,Horst,Gemeindestraße,Flurname,,179,automatisch
01511,In der Mark,Karnap,Gemeindestraße,Lagebezeichnung,,179,automatisch
00716,Inder Mergelskuhle,Altendorf,Gemeindestraße,Lagebezeichnung,,180,automatisch
01512,In der Pieperbeck,Heidhausen,Gemeindestraße,Lage-bezeichnung,,180,automatisch
01513,In der Senke,Schonnebeck,Gemeindestraße,Lagebezeichnung,,180,automatisch
01514,In der Täpperie,Holsterhausen,Gemeindestraße,"Familienname, Volksmund",,180,automatisch
01515,In der Vogelwiesche,Karnap,Gemeindestraße,"Hofname, Flurname",,180,unsicher
01517,Ingelheimer Straße,Frohnhausen,Gemeindestraße,Stadt und Ort,,180,automatisch
01518,Inselstraße,Altenessen-Süd,Gemeindestraße,Lagebezeichnung,,180,automatisch
01520,Irispfad,Schonnebeck,Gemeindestraße,"Botanik, Weiblicher Vorname",,180,unsicher
01521,Irmastraße,Horst,Gemeindestraße,Weiblicher Vorname,,180,unsicher
01522,Isabellastraße,Rüttenscheid,Gemeindestraße,Weiblicher Vorname,,180,automatisch
01523,Isegrimweg,Haarzopf,Gemeindestraße,Zoologie,Reineke-Fuchs-Straße,180,automatisch
01875,Isenbergplatz,Südviertel,Gemeindestraße,"Bauerschaft, Platz",,180,automatisch
01524,Isenbergstraße,Rüttenscheid; Südviertel,Gemeindestraße,"Stadt und Ort, Bauerschaft",,180,automatisch
01525,Isinger Tor,Steele,Gemeindestraße,Lagebezeichnung,,181,automatisch
02049,Isingplatz,Leithe,Gemeindestraße,"Lagebezeichnung, Platz",,181,automatisch
01526,Ittenbachstraße,Holsterhausen,Gemeindestraße,"Person, Mann, Deutscher, Maler, Malerviertel-Holsterhausen",,181,automatisch
00192,Jacob-Grimm-Straße,Frohnhausen,Gemeindestraße,"Person, Mann, Deutscher, Literaturwissenschaftlen",,181,automatisch
01560,Jacobsallee,Heidhausen,Gemeindestraße,"Person, Mann, Deutscher, Pfarrer",,181,automatisch
01566,Jacob-Weber-Straße,Kray,Gemeindestraße,"Person, Mann, Deutscher, Kaufmann, Bürgermeister",,181,automatisch
01561,Jägerstraße,Westviertel,Gemeindestraße,Essener Geschichte und Örtlichkeit,,181,automatisch
01562,Jagdstraße,Frintrop,Gemeindestraße,Kotten,,181,automatisch
00539,Jagstweg,Kettwig,Gemeindestraße,Gewässer,,182,automatisch
01563,Jahnplatz,Altendorf,Gemeindestraße,"Person, Mann, Deutscher, Turner, Platz",,182,automatisch
01564,Jahnstraße,Bochold,Landstraße; Gemeindestraße,"Person, Mann, Deutscher, Turner",Jahnplatz,182,automatisch
01565,Jakobstraße,Nordviertel,Gemeindestraße,"Person, Mann, Apostel, Männlicher Vorname",,182,automatisch
01567,Janssenstraße,Holsterhausen,Gemeindestraße,"Person, Mann, Deutscher, Maler, Malerviertel-Holsterhausen",,182,automatisch
01589,Janstweg,Altenessen- Nord,Gemeindestraße,Kotten,,182,automatisch
01224,Jaspersweg,Freisenbruch,Gemeindestraße,"Person, Mann, Deutscher, Psychiater, Philosoph",,182,automatisch
01591,Jenckestraße,Holsterhausen,Gemeindestraße,"Person, Mann, Deutscher, Kruppscher Beamter",,182,unsicher
01568,Jennerstraße,Holsterhausen,Gemeindestraße,"Person, Mann, Engländer, Mediziner",,182,automatisch
01569,Jheringstraße,Holsterhausen,Gemeindestraße,"Person, Mann, Deutscher, Hochschullehrer, Jurist",,182,automatisch
01570,Joachimberg,Schonnebeck,Gemeindestraße,Bergbau,Joachimstraße,182,automatisch
01571,Joachimstraße,Kray; Schonnebeck,Gemeindestraße,Bergbau,,182,automatisch
01572,Johannastraße,Rüttenscheid,Gemeindestraße,Weibliche Vornamen,,182,automatisch
01582,Johannes-Brokamp-Straße,Bergeborbeck; Bochold,Gemeindestraße,"Person, Mann, Deutscher, Pfarrer",,183,automatisch
01594,Johannes-Klein-Straße,Horst,Gemeindestraße,"Person, Mann, Deutscher, Widerstandskämpfer",,183,automatisch
01593,Johannes-Trimborn-Straße,Altenessen-Nord,Gemeindestraße,"Person, Mann, Deutscher, Pfarrer",,183,automatisch
01573,Johanniskirchplatz,Altenessen-Nord,Gemeindestraße,"Kirche und Kloster, Platz",,183,automatisch
01574,Johanniskirchstraße,Altenessen-Nord,Gemeindestraße,Kirche und Kloster,Johannisskirchplatz,183,automatisch
01575,Johannisstraße,Nordviertel,Gemeindestraße,"Person, Mann, Apostel",,183,automatisch
01576,Johann-Kruse-Straße,Borbeck-Mitte,Gemeindestraße,"Person, Mann, Deutscher, Richter",,183,automatisch
01882,Johann-Wilhelm-Scheidt-Straße,Kettwig,Gemeindestraße,"Person, Mann, Deutscher, Tuchfabrikant",,183,automatisch
00712,John-Lennon-Straße,Altenessen-Nord,Gemeindestraße,"Person, Mann, Engländer, Musiker, Komponist, Autor",,183,automatisch
01592,Josef-Hoeren-Straße,Katernberg; Stoppenberg,Gemeindestraße,"Person, Mann, Deutscher, Bürgermeister",,183,automatisch
01577,Joseph-Boismard-Weg,Steele,Gemeindestraße,"Person, Mann, Deutscher, Kaufmann",,184,automatisch
01590,Joseph-Breuer-Straße,Werden,Gemeindestraße,"Person, Mann, Deutscher, Bürgermeister",,184,automatisch
01578,Josephinenstraße,Rüttenscheid,Gemeindestraße,Weibliche Vornamen,,184,automatisch
01579,Joseph-Lenne-Straße,Rüttenscheid,Gemeindestraße,"Person, Mann, Deutscher, Architekt",,184,automatisch
01580,Joseph-Oertgen-Weg,Katernberg,Gemeindestraße,"Person, Mann, Deutscher, Direktor, Bergbau",,184,automatisch
01581,Joseph-Schüller-Platz,Katernberg,Gemeindestraße,"Person, Mann, Deutscher, Rektor, Platz",,184,automatisch
01585,Jüngstallee,Stadtwald,Gemeindestraße,"Person, Mann, Deutscher, Kruppscher Beamter, Siedlung",,184,automatisch
01586,Jürgengang,Huttrop,Gemeindestraße,Lagebezeichnung,,184,automatisch
01588,Juistweg,Margarethenhöhe,Gemeindestraße,Insel,,184,automatisch
01583,Julienstraße,Rüttenscheid,Gemeindestraße,Weibliche Vornamen,,184,automatisch
01612,Julius-Hecker-Platz,Werden,Gemeindestraße,"Person, Mann, Deutscher, Pfarrer, Pädagoge, Platz",,184,automatisch
01595,Julius-Leber-Weg,Horst,Gemeindestraße,"Person, Mann, Deutscher, Journalist, Politiker",,184,automatisch
01584,Juliusstraße,Südviertel,Gemeindestraße,"Person, Mann, Deutscher, Architekt, Essener Geschichte und Örtlichkeit",,185,automatisch
03693,Jungbornweg,Kettwig,Gemeindestraße,Lagebezeichnung,,185,automatisch
01587,Jupiterstraße,Überruhr- Hinsel,Gemeindestraße,Planet,,185,automatisch
01855,Kaarmannweg,Fischlaken,Gemeindestraße,"Person, Mann, Deutscher, Lehrer",,185,automatisch
01638,Kämmereihude,Altenessen- Süd,Gemeindestraße,Lagebezeichnung,,185,automatisch
01639,Kämpenstraße,Frohnhausen; Holsterhausen,Gemeindestraße,"Flurname, Essener Geschichte und Örtlichkeit",,185,automatisch
01870,Käthe-Kollwitz-Straße,Steele,Gemeindestraße,"Person, Frau, Deutsche, Künstlerin",,185,automatisch
00972,Käthe-Larsch-Straße,Westviertel,Gemeindestraße,"Person, Frau, Deutsche, Widerstandskämpferin",,185,automatisch
01620,Kahrstraße,Südviertel; Holsterhausen; Rüttenscheid,Kreisstraße,Essener Geschichte und Ortlichkeit,,185,automatisch
03695,Kaienburgsweg,Kettwig,Gemeindestraße,Hofname,,185,automatisch
01864,Kaiserei,Burgaltendorf,Gemeindestraße,Familienname,,185,automatisch
01621,Kaiser-Otto-Platz,Steele,Gemeindestraße,"Person, Mann, Deutscher, Kaiser, Platz",,186,automatisch
01622,Kaisershofstraße,Südostviertel; Huttrop,Gemeindestraße,Hofname,,186,automatisch
03696,Kaiserstraße,Kettwig,Gemeindestraße,Lagebezeichnung,,186,automatisch
01624,Kaiserswerthstraße,Karnap,Gemeindestraße,Stadt und Ort,,186,automatisch
01625,Kaiser-Wilhelm-Platz,Steele,Gemeindestraße,"Person, Mann, Deutscher, Kaiser, Platz",,186,automatisch
01626,Kaiser-Wilhelm-Straße,Steele,Gemeindestraße,"Person, Mann, Deutscher, Kaiser",Kaiser-Wilhelm-Platz,187,automatisch
01627,Kaldekirche,Schonnebeck,Gemeindestraße,"Hofname, Flurname",,187,automatisch
01599,Kaldemorgenweg,Steele,Gemeindestraße,Hofname,,187,automatisch
01628,Kaldenhof,Schönebeck,Gemeindestraße,Hofname,,187,automatisch
01629,Kaldenhofs Kamp,Schönebeck,Gemeindestraße,Flur-name,,187,automatisch
01630,Kaldenhoverbaum,Schönebeck,Gemeindestraße,Flurname,,187,automatisch
01631,Kalkstraße,Schönebeck,Gemeindestraße,Familienname,,187,automatisch
01632,Kallenbergstraße,Nordviertel,Gemeindestraße,Familienname,Koopmanns Hude,187,unsicher
01633,Kalthofweg,Überruhr-Hinsel,Gemeindestraße,Kotten,,188,unsicher
01634,Kamblickweg,Kray,Gemeindestraße,Flurname,,188,automatisch
01635,Kamerunstraße,Gerschede,Gemeindestraße,Stadt und Ort,,188,automatisch
01636,Kamillusweg,Heidhausen,Gemeindestraße,Kirche und Kloster,,188,automatisch
01637,Kamisheide,Schuir,Gemeindestraße,Flurname,,188,automatisch
01640,Kamperfeld,Schuir,Gemeindestraße,Flurname,,188,automatisch
01641,Kampmannbrücke,Heisingen; Kupferdreh,Kreisstraße,Familienname,,188,automatisch
01642,Kampstraße,Bochotd,Gemeindestraße,Lagebezeichnung,,188,automatisch
01643,Kanarienberg,Freisenbruch,Gemeindestraße,Volksmund,,188,automatisch
01644,Kaninenberghöhe,Bergerhausen,Gemeindestraße,Lagebezeichnung,,189,automatisch
01646,Kanonenberg,Bredeney; Werden,Gemeindestraße,Kotten,,189,automatisch
01648,Kantorie,Stadtwald; Rellinghausen,Gemeindestraße,Flurname,,189,automatisch
03698,Kantstraße,Kettwig,Gemeindestraße,"Person, Mann, Deutscher, Philosoph",,189,automatisch
01650,Kanzelweg,Bochold,Gemeindestraße,Kirche und Kloster,,189,automatisch
01651,Kapitelacker,Stoppenberg,Gemeindestraße,Flurname,,189,automatisch
01652,Kapitelberg,Stoppenberg,Gemeindestraße,Lagebezeichnung,,189,automatisch
01653,Kapitelwiese,Stoppenberg,Gemeindestraße,Flurname,,189,automatisch
01654,Kappenbergstraße,Borbeck- Mitte,Gemeindestraße,"Essener Geschichte und Örtlichkeit, Hofname",,189,automatisch
01656,Kapuzinergasse,Stadtkern,Gemeindestraße,Essener Geschichte und Örtlichkeit,,190,automatisch
02539,Kardinal-Hengsbach-Platz,Stadtkern,Gemeindestraße,"Person, Mann, Deutscher, Kardinal, Platz",,190,automatisch
01658,Karl-Denkhaus-Straße,Altenessen-Nord,Gemeindestraße,"Person, Mann, Deutscher, Pfarrer",,190,automatisch
01606,Karl-Juch-Straße,Kettwig,Gemeindestraße,"Person, Mann, Deutscher, Maler, Grafiker, Kunsterzieher",,190,automatisch
00572,Karl-Legien-Straße,Vogelheim,Gemeindestraße,"Person, Mann, Deutscher, Gewerkschafter",,190,automatisch
01659,Karl-Meyer-Platz,Schonnebeck,Gemeindestraße,"Person, Mann, Deutscher, Bürgermeister, Platz",,191,automatisch
01660,Karl-Meyer-Straße,Katernberg; Schonnebeck,Kreisstraße; Gemeindestraße,"Person, Mann, Deutscher, Bürgermeister",Karl-Meyer-Platz,191,automatisch
03699,Karlsbader Weg,Kettwig,Gemeindestraße,Stadt und Ort,,191,automatisch
01662,Karlsplatz,Altenessen-Nord,Gemeindestraße,"Bergbau, Platz",Karlstraße,191,automatisch
01663,Karlstraße,Altenessen- Nord,Gemeindestraße,Bergbau,,191,automatisch
01709,Karmelitenweg,Kray,Gemeindestraße,Kirche und Kloster,,191,automatisch
01664,Karnaper Markt,Karnap,Gemeindestraße,"Bauerschaft, Platz",,191,automatisch
01665,Karnaper Straße,Karnap,Landstraße,Bauerschaft,,191,automatisch
01666,Karolienenstraße,Rüttenscheid,Gemeindestraße,Weiblicher Vorname,,191,automatisch
01667,Karolingerstraße,Nordviertel; Altenessen-Süd,Landstraße,Lagebezeichnung,,191,automatisch
03701,Karrenbergsfeld,Kettwig,Gemeindestraße,Lagebezeichnung,,191,automatisch
01668,Kasseler Straße,Frohnhausen,Gemeindestraße,Stadt und Ort,,191,automatisch
01669,Kassiepenstraße,Bergerhausen,Gemeindestraße,Hofname,,191,automatisch
01670,60 ff Kastanienallee,Stadtkern,Gemeindestraße,"Essener Geschichte und Örtlichkeit, Botanik",,192,unsicher
01671,Kasteienstraße,Stadtkern,Gemeindestraße,Essener Geschichte und Örtlichkeit,,192,automatisch
01672,Kastellgraben,,Gemeindestraße,,,192,unsicher
01673,Siehe Kastellplatz,Werden,Bundesstraße,"Essener Geschichte und Ortlichkeit, Platz",,192,automatisch
01674,Katernberger Markt,Katernberg,Gemeindestraße,"Bauerschaft, Platz",Katernberger Straße,192,automatisch
01675,Katernberger Straße,Katernberg,Landstraße; Kreisstraße,Bauerschaft,,192,automatisch
01676,Kathagen,Heidhausen,Gemeindestraße,Flurname,,192,automatisch
01677,Katharinenstraße,Rüttenscheid,Gemeindestraße,Weiblicher Vorname,,192,automatisch
01678,Kattendahl,Frintrop,Gemeindestraße,"Flurname, Kotten",,192,automatisch
01679,Kattendahlhang,Frintrop,Gemeindestraße,"Hofname, Flurname",Kattendahl,193,automatisch
01680,Katzenbruchstraße,Nordviertel; Altenessen-Süd,Hauptstraße,"Essener Geschichte und Örtlichkeit, Flurname",,193,automatisch
01681,Kaulbachstraße,Holsterhausen,Landstraße,"Person, Mann, Deutscher, Maler, Malerviertel-Holsterhausen",,193,automatisch
01682,Kaupenstraße,Südviertel; Holsterhausen,Gemeindestraße,Gewässer,,193,automatisch
01683,Kellermanns Busch,Stadtwald,Gemeindestraße,Hofname,,193,automatisch
01684,Kellersohnweg,Altenessen- Süd,Gemeindestraße,Kotten,,193,automatisch
01685,Kellerstraße,Werden; Heidhausen,Gemeindestraße,"Person, Mann, Deutscher, Rentmeister",,193,automatisch
01686,Kellinghausstraße,Kray,Gemeindestraße,Hofname,,193,automatisch
01687,Kelserweg,Überruhr- Hinsel,Gemeindestraße,"Person, Mann, Deutscher, Richter",,193,automatisch
03702,Kemmannsweg,Kettwig,Gemeindestraße,Hofname,,194,automatisch
01867,Kemnastraße,Leithe,Gemeindestraße,Hofname,,194,automatisch
01688,Kempers Weg,Katernberg,Gemeindestraße,Kotten,,194,automatisch
01767,Kennedyplatz,Stadtkern,Gemeindestraße,"Person, Mann, Amerikaner, Präsident, Platz",,194,automatisch
01689,Keplerstraße,Holsterhausen,Gemeindestraße,"Person, Mann, Deutscher, Naturphilosoph, Mathematiker, Astronom, Astrologe, Optiker, Theologe",,194,automatisch
01690,Kerckhoffstraße,Frohnhausen,Gemeindestraße,"Person, Mann, Deutscher, Bürgermeister",,194,automatisch
01691,Kersebaumstraße,Bergerhausen,Gemeindestraße,Hofname,,194,automatisch
01692,Kersthover Höhe,Stoppenberg,Gemeindestraße,Flurname,,194,automatisch
01693,Kersthover Ring,Stoppenberg,Gemeindestraße,Hofname,,194,automatisch
01694,Kesselstraße,Bochold,Gemeindestraße,Gewässer,,195,automatisch
01695,Kessingstraße,Überruhr- Hinsel,Gemeindestraße,"Person, Mann, Deutscher, Bergmann, Dichter",,195,automatisch
01696,Kettelerstraße,Borbeck- Mitte; Bochold,Gemeindestraße,"Person, Mann, Deutscher, Bischof, Politiker",,195,automatisch
02521,Ketteltasches Hof,Burgaltendorf,Gemeindestraße,Lagebezeichnung,,195,automatisch
01697,Kettwiger Straße,Stadtkern,Gemeindestraße,Essener Geschichte und Ortlichkeit,,195,automatisch
03614,Kettwiger Weinberg,Kettwig,Gemeindestraße,Lagebezeichnung,,195,unsicher
01698,Keunefeld,Bochold,Gemeindestraße,Essener Geschichte und Örtlichkeit,,195,automatisch
01868,Keusenkothen,Dellwig,Gemeindestraße,Familienname,,195,automatisch
01856,Kevelohbusch,Überruhr- Hinsel,Gemeindestraße,Flurname,,195,automatisch
01699,Kevelohstraße,Überruhr- Hinsel,Gemeindestraße,Hofname,,195,automatisch
01700,Kibbelstraße,Stadtkern,Gemeindestraße,Essener Geschichte und Örtlichkeit,,196,automatisch
01701,Kiefernhalde,Bredeney,Gemeindestraße,Botanik,,196,automatisch
01703,Kiek ut,Schönebeck,Gemeindestraße,Flurname,,196,automatisch
01702,ckuhl (wohl eine Verschreibung) und Kickuhlskuhle Kiekenberg,Bedingrade,Gemeindestraße,"Flurname, Kotten",,196,unsicher
01704,Kieler Straße,Frohnhausen,Gemeindestraße,Stadt und Ort,,196,automatisch
01705,Kiepenkääls Weg,Katernberg,Gemeindestraße,Volkstum,,196,automatisch
01706,Kimmeskampweg,Fischlaken,Gemeindestraße,Flurname,,196,automatisch
01707,Kindlingerstraße,Südviertel,Gemeindestraße,"Person, Mann, Deutscher, Priester, Historiker",,196,automatisch
01708,Kinßfeldtstraße,Altenessen- Süd,Gemeindestraße,"Essener Geschichte und Örtlichkeit, Hofname",,196,automatisch
03703,Kirchfeldstraße,Kettwig,Gemeindestraße,Flurname,,196,automatisch
01887,Kirchgang,Burgaltendorf,Gemeindestraße,Kirche und Kloster,,196,automatisch
01710,Kirchhofsallee,Werden,Gemeindestraße,Kirche und Kloster,,197,automatisch
01711,Kirchmannshof,Bredeney,Gemeindestraße,Kirche und Kloster,,197,automatisch
01712,Kirchmannstraße,Bredeney,Gemeindestraße,Kirche und Kloster,Kirchmannshof,197,automatisch
01713,Kirchstraße,Burgaltendorf,Gemeindestraße,Kirche und Kloster,,197,automatisch
03704,Kirchtreppe,Kettwig,Gemeindestraße,Kirche und Kloster,,197,automatisch
01714,Kirschbaumsweg,Haarzopf,Gemeindestraße,Kotten,,197,automatisch
01715,Kißmanns Berg,Bedingrade,Gemeindestraße,Flurname,,197,automatisch
01716,Kiwittstraße,Kray,Gemeindestraße,Flurname,,198,automatisch
01717,Klapperstraße,Überruhr- Holthausen,Gemeindestraße,Lagebezeichnung,,198,automatisch
00711,Klara-Kopp-Weg,Huttrop,Gemeindestraße,"Person, Frau, Deutsche, Oberin",,198,automatisch
01718,ern von der Heiligen Elisabeth zu Essen-(Schuir) Klarastraße,Rüttenscheid,Gemeindestraße,Weiblicher Vorname,,198,unsicher
01719,Klaumberg,Frintrop,Gemeindestraße,Flurname,,198,automatisch
01859,Klaumberghang,Frintrop,Gemeindestraße,Flurname,,198,automatisch
01720,Klaumerbruch,Dellwig,Gemeindestraße,Gemeinheit,,198,automatisch
01721,Klausstraße,Bredeney,Gemeindestraße,"Person, Mann, Deutscher, Familie Krupp, Leutnant",,198,automatisch
01722,Kleestraße,Schönebeck,Gemeindestraße,Botanik,,198,automatisch
01723,Kleinborgs Hang,Frohnhausen,Gemeindestraße,Hofname,,198,automatisch
01724,Kleine Buschstraße,Altendorf,Gemeindestraße,Flurname,,199,unsicher
01725,Kleine Eulerstraße,Altendorf,Gemeindestraße,"Person, Mann, Schweizer, Mathematiker",Eulerstraße,199,automatisch
01726,Kleine Hammerstraße,Altenessen-Süd,Gemeindestraße,Industrie und Wirtschaft,,199,automatisch
01727,Kleine Kehre,Katernberg,Gemeindestraße,Lagebezeichnung,,199,automatisch
01728,Kleine Kronenstraße,Stadtkern,Gemeindestraße,Essener Geschichte und Örtlichkeit,Kronenstraße,199,automatisch
01557,Kleine Lierfeldstraße,Altenessen-Süd,Gemeindestraße,Flurname,Lierfeldstraße,199,automatisch
01869,Kleine Rahmstraße,Altenessen-Süd; Stoppenberg,Gemeindestraße,Gemeinheit,,199,automatisch
01730,Kleine Richterstraße,Altendorf,Gemeindestraße,"Person, Mann, Deutscher, Ressortleiter, Kruppscher Beamter",Richterstraße,199,automatisch
02535,Kleine Ruhrau,Horst,Gemeindestraße,Flurname,,199,automatisch
01734,Kleine Schäferstraße,Südviertel,Gemeindestraße,Essener Geschichte und Örtlichkeit,Schäferstraße,199,automatisch
01735,Kleine Schönscheidtstraße,Kray,Gemeindestraße,Lagebezeichnung,Schönscheidts Hof,199,automatisch
01736,Kleine Steinstraße,Südviertel,Gemeindestraße,Essener Geschichte und Örtlichkeit,Steinstraße,199,automatisch
01786,Kleine Steubenstraße,Südostviertel,Gemeindestraße,"Person, Mann, Deutscher, Offizier",Steubenstraße,199,unsicher
03274,Kleine Stoppenberger Straße,Nordviertel,Gemeindestraße,"Lagebezeichnung, (vorm.) Stoppenberger Straße (tlw.)",Stoppenberger Straße,199,automatisch
01731,Kleiner Bruch,Schonnebeck; Katernberg,Gemeindestraße,ne Fa Kleiner Markt Flurname,,199,automatisch
01732,Kleiner Markt,Margarethenhöhe,Gemeindestraße,"Lagebezeichnung, Platz",,200,automatisch
01863,Kleiner Schirnkamp,Freisenbruch,Gemeindestraße,Flurname,,200,unsicher
01733,Kleiner Zuschlag,Altenessen- Nord,Gemeindestraße,Flurname,,200,automatisch
01737,Kleinharnscheidt,Fischlaken,Gemeindestraße,Flurname,,200,automatisch
01738,Kleinheide,Byfang,Gemeindestraße,Kotten,,200,automatisch
01739,Kleinkamp,Heisingen,Gemeindestraße,Kotten,,200,automatisch
01740,Kleinstraße,Vogelheim,Gemeindestraße,Lagebezeichnung,,200,automatisch
01741,Kleiststraße,Südviertel,Gemeindestraße,"Person, Mann, Deutscher, Dramatiker, Erzähler, Lyriker, Publizist",,200,automatisch
01742,Klemensborn,Werden; Heidhausen,Gemeindestraße,Kirche und Kloster,,200,automatisch
01743,Klenzestraße,Südostviertel,Gemeindestraße,"Person, Mann, Deutscher, Architekt, Maler, Schriftsteller",,201,automatisch
01127,Kleppes Feld,Stadtwald,Gemeindestraße,Lagebezeichnung,,201,automatisch
01744,Kleverkämpchen,Freisenbruch,Gemeindestraße,Flurname,,201,automatisch
01746,Klingemannstraße,Huttrop,Gemeindestraße,"Person, Mann, Deutscher, Theologe, Generalsuperintendent",,201,automatisch
01745,Klinkestraße,Bergerhausen,Gemeindestraße,Gemeinheit,,201,automatisch
03705,Klipperweg,Kettwig,Gemeindestraße,Lagebezeichnung,,201,automatisch
01747,Klopstockstraße,Borbeck- Mitte,Gemeindestraße,"Person, Mann, Deutscher, Dichter",,201,automatisch
01748,Klosterstraße,Ostviertel,Gemeindestraße,Essener Geschichte und Örtlichkeit,,201,unsicher
01750,Klüvershang,Leithe,Gemeindestraße,Hofname,,201,automatisch
01751,Klumbeckweg,Freisenbruch,Gemeindestraße,Hofname,,202,automatisch
01752,Klusemannsweg,Heidhausen,Gemeindestraße,Hofname,,202,automatisch
01753,Knappenstiege,Fischlaken,Gemeindestraße,Lagebezeichnung,,202,automatisch
01754,Knappenstraße,Katernberg,Gemeindestraße,Bergbau,,202,automatisch
01755,Knappmannhöhe,Frohnhausen,Gemeindestraße,Familienname,,202,automatisch
01756,Knappschaftshöhe,Steele,Gemeindestraße,Lagebezeichnung,,202,automatisch
01757,Knaudtstraße,Huttrop,Gemeindestraße,"Person, Mann, Deutscher, Industrieller, Stadtverordneter",,202,automatisch
00538,Kocherstraße,Kettwig,Gemeindestraße,Gewässer,,202,automatisch
01760,Köllmannstraße,Steele,Gemeindestraße,Hofname,,202,unsicher
01761,Kölner Straße,Frohnhausen,Gemeindestraße,Stadt und Ort,,203,automatisch
01762,Köln-Mindener-Straße,Stoppenberg; Katernberg,Gemeindestraße,Eisenbahnwesen,,203,automatisch
01860,Köndgenstraße,Rüttenscheid,Gemeindestraße,"Person, Mann, Deutscher, Vermessungsdirektor, Leiter des Stadtvermessungsamtes",,203,automatisch
01763,Königgrätzstraße,Huttrop,Gemeindestraße,"Kriegserinnerung, Stadt und Ort",,203,automatisch
01764,Königsberger Straße,Frohnhausen,Gemeindestraße,Stadt und Ort,,203,automatisch
01765,Königsiepen,Heisingen,Gemeindestraße,Hofname,,203,automatisch
01766,Königsteiner Straße,Frohnhausen,Gemeindestraße,Stadt und Ort,,203,automatisch
00564,Körholzstraße,Werden,Gemeindestraße,"Person, Mann, Deutscher, Oberstudiendirektor, Historiker",,203,unsicher
01768,Körnerplatz,Altendorf,Gemeindestraße,"Person, Mann, Deutscher, Dichter, Dramatiker, Platz",,203,automatisch
01769,Körnerstraße,Altendorf,Gemeindestraße,"Person, Mann, Deutscher, Dichter, Dramatiker",Körnerplatz,204,automatisch
01770,Kösters Busch,Stoppenberg,Gemeindestraße,Hofname,,204,automatisch
01771,Kötterei,Heidhausen,Gemeindestraße,Kotten,,204,automatisch
01772,Kötterstraße,Altendorf,Gemeindestraße,Essener Geschichte und Örtlichkeit,,204,automatisch
01861,Kofeldhöhe,Heisingen,Gemeindestraße,Hofname,,204,automatisch
01773,Kohlbergstraße,Altenessen- Süd,Gemeindestraße,Bergbau,,204,automatisch
01774,Kohlenstraße,Burgaltendorf; Byfang,Gemeindestraße,Lagebezeichnung,,204,automatisch
01775,Kohlrauschstraße,Frohnhausen,Gemeindestraße,"Person, Mann, Deutscher, Historiker, Pädagoge",,204,automatisch
00979,Kokereiallee,Stoppenberg,Gemeindestraße,Lagebezeichnung,,204,automatisch
01776,Koksstraße,Altenessen-Süd,Gemeindestraße,"Essener Geschichte und Örtlichkeit, Bergbau",,204,automatisch
01777,Koldenbuschweg,Heisingen,Gemeindestraße,Bergbau,,204,automatisch
01778,Kolibristraße,Kray,Gemeindestraße,Bergbau,,204,automatisch
01780,Kollenkamp,Katernberg,Gemeindestraße,Flurname,,204,automatisch
01779,Koloniestraße,Steele,Gemeindestraße,Siedlung,,205,automatisch
01781,Kolpingstraße,Altenessen- Nord,Gemeindestraße,"Person, Mann, Deutscher, Geistlicher",,205,automatisch
00582,Konrad-Adenauer-Brücke,Rellinghausen; Überruhr-Hinsel,Landstraße,"Person, Mann, Deutscher, Politiker, Bundeskanzler",,205,automatisch
01783,Koopmanns Hude,Altenessen-Süd,Gemeindestraße,Essener Geschichte und Örtlichkeit,,205,unsicher
01784,Kopernikusstraße,Altendorf,Gemeindestraße,"Person, Mann, Preuße, Astronom, Jurist, Mathematiker",,205,automatisch
01785,Kopfstraße,Bochold,Gemeindestraße,Lagebezeichnung,,205,automatisch
01884,Koppestraße,Altendorf; Frohnhausen,Gemeindestraße,"Person, Mann, Deutscher, Professor, Geodät",,205,automatisch
01787,Kopstadtplatz,Stadtkern,Gemeindestraße,"Person, Mann, Deutscher, Politiker, Bürgermeister, Platz",,205,automatisch
01789,Kordulastraße,Rüttenscheid,Gemeindestraße,Weiblicher Vorname,,206,automatisch
01790,Kornmarkt,Stadtkern,Gemeindestraße,Essener Geschichte und Örtlichkeit,Markt,206,automatisch
01792,Korthover Weg,Kray,Kreisstraße,Hofname,,206,automatisch
01793,Kortumstraße,Rüttenscheid,Gemeindestraße,"Person, Mann, Deutscher, Mediziner, Schriftsteller, Heimatforscher",,206,automatisch
01791,Kortwiese,Kray,Gemeindestraße,Botanik,,206,automatisch
01794,Korumhöhe,Leithe,Gemeindestraße,"Person, Mann, Deutscher, Bischof",,206,automatisch
01795,Kotthaushang,Heidhausen,Gemeindestraße,"Person, Mann, Deutscher, Bergmann",,206,automatisch
01796,Krablerstraße,Alten-essen- Süd; Vogelheim,Hauptstraße; Gemeindestraße,"Person, Mann, Deutscher, Bergbau-Ingenieur, Essener Geschichte und Örtlichkeit",,206,automatisch
01798,Krähenbusch,Kray,Gemeindestraße,Zoologie,,206,automatisch
01799,Kraftstraße,Borbeck-Mitte,Gemeindestraße,Essener Geschichte und Örtlichkeit,,206,automatisch
01800,Krahwinkelstraße,Steele,Gemeindestraße,Hofname,,206,automatisch
01801,Kraienbruch,Dellwig; Gerschede,Gemeindestraße,Gemeinheit,,207,automatisch
01802,Krampestraße,Südostviertel,Gemeindestraße,Kotten,,207,automatisch
01803,Krandicks Hang,Gerschede,Gemeindestraße,Hofname,,207,automatisch
01804,Krapenbrink,Heisingen,Gemeindestraße,Flurname,,207,automatisch
01805,Kraspothstraße,Katernberg,Gemeindestraße,Hofname,,208,automatisch
01806,Krausstraße,Holsterhausen,Gemeindestraße,"Person, Mann, Deutscher, Maler, Malerviertel-Holsterhausen",,208,automatisch
01807,Krawehlstraße,Rüttenscheid; Holsterhausen,Gemeindestraße,"Person, Mann, Deutscher, Generaldirektor, Kaufmann, Ratsherr",,208,automatisch
01808,Krayer Markt,Kray,Gemeindestraße,"Bauerschaft, Platz",,208,automatisch
01809,Krayer Straße,Kray; Steele,Landstraße; Gemeindestraße,Bauerschaft,,208,automatisch
01810,Krefelder Straße,Frohnhausen,Gemeindestraße,Stadt und Ort,,208,automatisch
01811,Kreftenscheerweg,Schönebeck,Gemeindestraße,Bergbau,,208,automatisch
01862,Krekelerhang,Steele,Gemeindestraße,"Person, Mann, Deutscher, Vorstandsmitglied",Krekelerweg,208,automatisch
01812,Krekelerweg,Steele,Gemeindestraße,"Person, Mann, Deutscher, Vorstandsmitglied",,208,automatisch
01813,Krekelingheide,Heisingen,Gemeindestraße,"Flurname, Kotten",,208,automatisch
01814,Krekenberg,Stoppenberg,Gemeindestraße,Flurname,,208,automatisch
01554,Kreuzeskirchstraße - Kreuzeskirche Kreulichweg,Kray,Gemeindestraße,Familienname,,209,unsicher
01866,Kreuzeskirchstraße,Stadtkern,Gemeindestraße,Essener Gesichte und Ortlichkeit,,209,automatisch
01815,Kreuzstraße,Heisingen,Gemeindestraße,Kirche und Kloster,,209,automatisch
01816,Kriemhildenstraße,Kray,Gemeindestraße,Sage,,209,automatisch
01817,Krimmstraße,Steele,Gemeindestraße,Nummerierungsbezirk,,209,automatisch
03729,Kringsgat,Kettwig,Gemeindestraße,"Lagebezeichnung, Familienname",,209,automatisch
01818,Kronenstraße,Stadtkern,Gemeindestraße,Essener Geschichte und Örtlichkeit,,210,automatisch
01819,Kronprinzenstraße,Südviertel,Landstraße,Lagebezeichnung,Hohenzollernstraße,210,automatisch
01820,Kruckenkamp,Kray,Gemeindestraße,Flurname,,210,automatisch
01821,Krügerblick,Bredeney,Gemeindestraße,"Person, Mann, Deutscher, Mediziner, Dichter",,210,automatisch
01822,Krügerpfad,Bredeney,Gemeindestraße,"Person, Mann, Deutscher, Mediziner, Dichter",Krügerblick,210,automatisch
01823,Krümmgensfeld,Überruhr- Holthausen,Gemeindestraße,Flurname,,210,automatisch
03706,Krummacherstraße,Kettwig,Gemeindestraße,"Person, Mann, Deutscher, Theologe, Hochschullehrer",,210,automatisch
01824,Krummecke,Überruhr- Holthausen,Gemeindestraße,Flurname,,210,automatisch
01858,Krummeckweg,Überruhr- Holthausen,Gemeindestraße,Flurname,,210,automatisch
01825,Kruppallee,Bredeney,Gemeindestraße,Familienname,,210,automatisch
01826,Kruppstraße,Holsterhausen; Südviertel,Kreisstraße; Gemeindestraße,Familienname,Kruppallee,210,automatisch
01827,Kruselbeek,Fischlaken,Gemeindestraße,"Flurname, Gewässer",,211,automatisch
01828,Kuckucksrain,Rellinghausen; Stadtwald,Gemeindestraße,Lagebezeichnung,,211,automatisch
01829,Kuckuckstraße,Heisingen,Gemeindestraße,Flurname,,211,automatisch
01830,Kückelmanns Busch,Fischlaken,Gemeindestraße,Hofname,,211,automatisch
01831,Kühlstraße,Frintrop,Gemeindestraße,Kotten,,211,automatisch
01832,Kühnholdstraße,Borbeck- Mitte,Gemeindestraße,"Person, Mann, Deutscher, Schneidermeister, Stadtverordneter",,211,automatisch
01833,Küllenbergfeld,Frintrop,Gemeindestraße,Flurname,,211,automatisch
01834,Külshammerweg,Rüttenscheid; Margarethenhöhe,,"Kotten, Flurname",,211,unsicher
01835,Küntzelstraße,Holsterhausen,Gemeindestraße,"Person, Mann, Deutscher, Jurist",,211,automatisch
01836,Küppers Garten,Bergeborbeck,Gemeindestraße,Essener Geschichte und Örtlichkeit,,211,automatisch
01837,Küppersheide,Bredeney,Gemeindestraße,Familienname,,211,automatisch
01857,Kürenbergweg,Freisenbruch,Gemeindestraße,"Person, Mann, Deutscher, Minnesänger",,211,automatisch
01838,Kütings Garten,Freisenbruch,Gemeindestraße,Lagebezeichnung,,211,automatisch
01839,Kuglerstraße,Frohnhausen,Gemeindestraße,"Person, Mann, Deutscher, Historiker, Kunsthistoriker, Schriftsteller",,212,automatisch
01840,Kuhlenberg,Bedingrade,Gemeindestraße,Hofname,,212,automatisch
01841,Kuhlhoffstraße,Altenessen- Nord,Gemeindestraße,Hofname,,212,automatisch
01865,Kuhlmannsfeld,Borbeck- Mitte; Bergeborbeck,Gemeindestraße,Hofname,,212,automatisch
01843,Kunigundastraße,Rüttenscheid,Gemeindestraße,Weiblicher Vorname,,212,automatisch
01844,Kunkelsberg,Fischlaken,Gemeindestraße,Flurname,,212,automatisch
01845,Kunstwerkerstraße,Bergerhausen,Gemeindestraße,Lagebezeichnung,,212,unsicher
01846,Kunzestraße,Stadtkern,Gemeindestraße,Essener Geschichte und Ortlichkeit,,213,automatisch
01847,Kupferdreher Markt,Kupferdreh,Gemeindestraße,"Honnschaft, Platz",,213,automatisch
01848,Kupferdreher Straße,Kupferdreh,Landstraße,Honnschaft,,213,automatisch
01849,Kurfürstenplatz,Südostviertel,Gemeindestraße,"Lagebezeichnung, Platz",,213,automatisch
01850,Kurfürstenstraße,Südostviertel,Landstraße,Lagebezeichnung,Hohenzollernstraße,213,automatisch
01143,Kurt-Jooss-Straße,Westviertel,Gemeindestraße,"Person, Mann, Deutscher, Professor , Choreograph, Tanzpädagoge",,213,automatisch
00581,Kurt-Schumacher-Brücke,Steele; Überruhr-Hinsel,Landstraße,"Person, Mann, Deutscher, Politiker",,213,automatisch
01852,Kurze Straße,Schonnebeck,Gemeindestraße,Lagebezeichnung,,213,automatisch
01853,Kutschenweg,Heidhausen,Gemeindestraße,Lagebezeichnung,,213,automatisch
01854,Kyffhäuserstaße,Stoppenberg,Gemeindestraße,Stadt und Ort,,213,automatisch
02036,Laaksweg,Frintrop,Gemeindestraße,Familienname,,214,automatisch
01890,Laarmannstraße,Bedingrade; Borbeck-Mitte,Gemeindestraße,"Person, Mann, Deutscher, Jurist, Stadtverordneter",,214,automatisch
02026,Labberg,Bedingrade,Gemeindestraße,Flurname,,214,automatisch
02030,Labberghang,Bedingrade,Gemeindestraße,Flurname,,214,automatisch
03708,Laddringsweg,Kettwig,Gemeindestraße,Volksmund,,214,automatisch
01891,Ladenspelderstraße,Holsterhausen,Gemeindestraße,"Person, Mann, Deutscher, Maler, Kupferstecher, Malerviertel- Holsterhausen",,214,automatisch
01892,Lahnbeckestraße,Leithe,Gemeindestraße,"Gewässer, Flurname",,214,automatisch
03709,Lahnstraße,Kettwig,Gemeindestraße,Gewässer,,214,automatisch
01893,Lambertstraße,Rüttenscheid,Gemeindestraße,Männlicher Vorname,,214,automatisch
01894,Lampferhofstraße,Altenessen-Süd,Gemeindestraße,Kotten,,214,automatisch
03710,Landsberger Straße,Kettwig,Gemeindestraße,Stadt und Ort,,214,automatisch
01896,Landsberghof,Frillendorf,Gemeindestraße,Hofname,,215,automatisch
01897,Landschede,Schonnebeck,Gemeindestraße,Stadt und Ort,,215,automatisch
01898,Landwehr,Heidhausen,Gemeindestraße,Lagebezeichnung,,215,automatisch
01899,Lanfermannfähre,Heisingen,Gemeindestraße,Essener Geschichte und Ortlichkeit,,215,automatisch
01908,Lange Straße,Leithe,Gemeindestraße,Hofname,,215,automatisch
01900,Langeheide,Heidhausen,Gemeindestraße,Flurname,,215,automatisch
01901,Langemarckstraße,Frillendorf; Schonnebeck; Stoppenberg,Hauptstraße,"Stadt und Ort, Kriegserinnerung",,215,automatisch
01902,Langenbeckstraße,Holsterhausen; Rüttenscheid,Gemeindestraße,"Person, Mann, Deutscher, Mediziner, Hochschullehrer",,215,automatisch
01903,Langenberger Straße,Überruhr-Hinsel; Überruhr-Holthausen; Byfang,Landstraße,Stadt und Ort,,215,automatisch
00528,Langenbrahmstraße,Rüttenscheid,Gemeindestraße,Bergbau,,215,unsicher
01905,Langenhorster Wald,Heidhausen,Gemeindestraße,Flurname,,216,automatisch
01906,Langenkämperweg,Frohnhausen,Gemeindestraße,Kotten,,216,automatisch
02041,Langenkamp,Frohnhausen,Gemeindestraße,Kotten,Langenkämperweg,216,automatisch
01907,Langensalzastraße,Huttrop,Gemeindestraße,"Kriegserinnerung, Stadt und Ort",,216,automatisch
02032,Langeoogweg,Margarethenhöhe,Gemeindestraße,Insel,,216,automatisch
01909,Langfuhrer Straße,Frohnhausen,Gemeindestraße,Stadt und Ort,,216,automatisch
01910,Langhölterweg,Deilwig,Gemeindestraße,Flurname,,216,automatisch
01911,Langmannskamp,Steele,Gemeindestraße,Flurname,,216,automatisch
01912,Lanterstraße,Huttrop; Bergerhausen,Gemeindestraße,Flurname,,216,automatisch
01913,Lattenkamp,Katernberg,Gemeindestraße,Hofname,,216,automatisch
01914,Laubenhof,Altenessen-Süd,Gemeindestraße,Hofname,,217,automatisch
01917,Laubenweg,Margarethenhöhe,Gemeindestraße,Botanik,,217,automatisch
01918,Laubrockweg,Überruhr- Holthausen,Gemeindestraße,Familienname,,217,automatisch
01919,Lauenbüschken,Stoppenberg,Gemeindestraße,Flurname,,217,automatisch
01920,Lauensteinstraße,Holsterhausen,Gemeindestraße,"Person, Mann, Deutscher, Maler, Malerviertel-Holsterhausen",,217,automatisch
03711,Te Laupendahler Höhe,Kettwig,Gemeindestraße,Stadt und Ort,Laupendahler Landstraße,217,automatisch
01921,Laupendahler Landstraße,Kettwig; Heidhausen; Werden,Landstraße,Stadt und Ort,,217,automatisch
02037,Lauraberg,Burgaltendorf,Gemeindestraße,Bergbau,Laurastraße,217,automatisch
02031,Laurahöhe,Burgaltendorf,Gemeindestraße,Bergbau,Laurastraße,217,automatisch
01922,Laurastraße,Burgaltendorf,Gemeindestraße,Bergbau,,217,automatisch
01923,Laurentiusberg,Steele,Gemeindestraße,Kirche und Kloster,Laurentiusweg,217,automatisch
01924,Laurentiusweg,Huttrop; Steele,Gemeindestraße,Kirche und Kloster,,217,automatisch
03716,Lauterweg,Kettwig,Gemeindestraße,Gewässer,,218,automatisch
01925,Lautstraße,Schönebeck,Gemeindestraße,Lagebezeichnung,,218,automatisch
01926,Pa Lazarettstraße,Westviertel,Gemeindestraße,Essener Geschichte und Örtlichkeit,,218,automatisch
01927,Leanderbank,Fischlaken,Gemeindestraße,Bergbau,,218,automatisch
02040,Leggewiestraße,Schönebeck,Gemeindestraße,Kotten,,218,automatisch
01928,Legrandallee,Bochold,Gemeindestraße,"Person, Mann, Deutscher, Pfarrer",,218,automatisch
01929,Lehmanns Brink,Überruhr- Hinsel,Gemeindestraße,Flurname,,218,automatisch
01930,Lehnhäuserweg,Steele,Gemeindestraße,"Person, Mann, Deutscher, Lehrer",,219,automatisch
01931,Lehnsgrund,Margarethenhöhe,Gemeindestraße,Hofname,,219,automatisch
01932,Lehrstraße,Bochold,Gemeindestraße,Lagebezeichnung,,219,automatisch
02025,Leibergweg,Kupferdreh,Gemeindestraße,Kotten,,219,automatisch
03714,Leibnizstraße,Kettwig,Gemeindestraße,"Person, Mann, Deutscher, Philosoph, Wissenschaftler, Mathematiker, Diplomat, Physiker, Historiker, Politiker, Bibliothekar",,219,automatisch
01934,Leimgardtsfeld,Borbeck- Mitte; Bergeborbeck,Landstraße,Essener Geschichte und Örtlichkeit,,219,automatisch
02029,Leimkugelstraße,Nordviertel,Gemeindestraße,"Person, Mann, Deutscher, Apotheker, Ballonfahrer, Stadtverordneter",,219,automatisch
01935,Leinestraße,Bergerhausen,Gemeindestraße,Gewässer,,219,automatisch
01936,Leinwebergasse,Werden,Gemeindestraße,Stadt und Ort,,219,automatisch
01937,Leinwebermarkt,Werden,Gemeindestraße,"Stadt und Ort, Platz",,219,automatisch
02035,Leipoldtstraße,Altenessen- Süd,Gemeindestraße,"Person, Mann, Deutscher, Pfarrer",,220,automatisch
01938,Leipziger Straße,Frohnhausen,Landstraße,Stadt und Ort,,220,automatisch
01939,Leisers Feld,Frohnhausen,Gemeindestraße,Lagebezeichnung,,220,automatisch
01940,Leither Straße,Kray,Gemeindestraße,Stadt und Ort,,220,automatisch
01941,Lelei,Heisingen,Gemeindestraße,Flurname,,220,automatisch
01952,Lenaustraße,Südviertel,Gemeindestraße,"Person, Mann, Österreicher, Schriftsteller, Dichter",,220,automatisch
01942,Lenbachstraße,Holsterhausen,Gemeindestraße,"Person, Mann, Deutscher, Maler, Malerviertel-Holsterhausen",,220,automatisch
01943,Lennestraße,Bergerhausen,Gemeindestraße,Gewässer,,220,automatisch
01944,Lentorfstraße,Leithe,Gemeindestraße,Hofname,,220,unsicher
01945,Leonhardstraße,Stoppenberg,Gemeindestraße,"Person, Mann, Deutscher, Mediziner, Siedlung",,220,automatisch
01946,Leoplatz,Frintrop,Gemeindestraße,"Lagebezeichnung, Platz",,220,automatisch
00960,Leopold-Simon-Straße,Werden,Gemeindestraße,"Person, Mann, Deutscher, Unternehmer, Stadtverordneter",,220,automatisch
01947,Leopoldstraße,Südostviertel,Gemeindestraße,"Person, Mann, Österreicher, Kaiser",,220,automatisch
01948,Leostraße,Frintrop,Gemeindestraße,Lagebezeichnung,Leoplatz,220,automatisch
01949,Lepsiusweg,Frohnhausen,Gemeindestraße,"Person, Mann, Deutscher, Agyptologe, Sprachforscher, Bibliothekar",,221,automatisch
01950,Lerchenstraße,Bredeney; Stadtwald,Landstraße,Zoologie,,221,automatisch
01951,Leseband,Katernberg,Gemeindestraße,Bergbau,,221,automatisch
03715,Lessingstraße,Kettwig,Gemeindestraße,"Person, Mann, Deutscher, Dichter",,221,automatisch
01953,Leth,Kupferdreh,Gemeindestraße,"Flurname, Kotten",,221,automatisch
02043,Leuschnerweg,Horst,Gemeindestraße,"Person, Mann, Deutscher, Widerstandskämpfer",,221,automatisch
01954,Leveringstraße,Stadtwald,Gemeindestraße,Hofname,,221,automatisch
01955,Levinstraße,Borbeck-Mitte; Deliwig; Gerschede,Gemeindestraße,Bergbau,,221,automatisch
01956,Lewafeld,Bedingrade,Gemeindestraße,Industrie und Wirtschaft,,222,automatisch
01957,Liafburgastraße,Rellinghausen,Gemeindestraße,"Bergbau, Weiblicher Vorname",,222,automatisch
01958,Liboristraße,Katernberg,Gemeindestraße,"Person, Mann, Franzose, Bischof, Heiliger",,222,automatisch
01959,Lichtenhorst,Vogelheim,Gemeindestraße,Flurname,,222,automatisch
01960,Lichterweg,Altendorf,Gemeindestraße,Bergbau,,222,automatisch
01961,Lichtstraße,Westviertel,Gemeindestraße,Industrie und Wirtschaft,,222,automatisch
01962,Liebigstraße,Frohnhausen; Holsterhausen,Gemeindestraße,"Person, Mann, Deutscher, Chemiker",,222,automatisch
01915,Liebrechtstraße,Überruhr- Hinsel,Gemeindestraße,"Person, Mann, Deutscher, Kaufmann",,222,automatisch
00536,Liedtkeweg,Kettwig,Gemeindestraße,"Person, Mann, Deutscher, Gastwirt, Beigeordneter",,222,automatisch
01963,Lierfeldstraße,Altenessen- Süd,Landstraße,Flurname,,222,automatisch
02507,Lierweg,Bergeborbeck,Gemeindestraße,Stadt und Ort,,222,automatisch
01964,Liesenkotten,Schönebeck,Gemeindestraße,Kotten,Ardelhütte,222,automatisch
01965,Lieversbank,Kray,Gemeindestraße,Bergbau,,222,automatisch
01966,Ligusterweg,Schuir,Gemeindestraße,Botanik,,222,automatisch
01967,Lilieneronstraße,Rüttenscheid,Gemeindestraße,"Person, Mann, Deutscher, Lyriker, Bühnenautor",,222,automatisch
01968,Lilienstraße,Bredeney,Gemeindestraße,Botanik,Baumblüte,223,unsicher
01969,Lilienthalstraße,Haarzopf,Landstraße,"Person, Mann, Deutscher, Ingenieur, Industrieller, Luftfahrtpionier",,223,automatisch
01970,Limbecker Platz,Stadtkern; Westviertel,Landstraße,"Essener Geschichte und Ortlichkeit, Platz",,223,automatisch
01971,Limbecker Straße,Stadtkern,Gemeindestraße,Essener Geschichte und Ortlichkeit,,223,unsicher
02038,Lindauhöhe,Heisingen,Gemeindestraße,Flurname,,223,automatisch
02039,Lindauweg,Heisingen,Gemeindestraße,Flurname,Lindauhöhe,223,automatisch
01972,Lindemannshofstraße,Schonnebeck,Gemeindestraße,Hofname,,223,automatisch
01973,Lindenallee,Stadtkern,Gemeindestraße,Essener Geschichte und Örtlichkeit,Akazienallee,223,automatisch
01974,Lindenbergstraße,Kray,Gemeindestraße,"Person, Mann, Deutscher, Direktor, Siedlung",,223,automatisch
01975,Lindkensfeld,Horst,Gemeindestraße,Flurname,,223,automatisch
01976,Lindkenshofer Weg,Horst,Gemeindestraße,Hofname,,223,automatisch
01977,Lindnerplatz,Borbeck- Mitte,Gemeindestraße,"Person, Mann, Deutscher, Kruppscher Beamter, Siedlung, Platz",,223,automatisch
01978,Linhöferberg,Heisingen,Gemeindestraße,Hofname,,223,automatisch
01979,Linnekeskamp,Stoppenberg,Gemeindestraße,Flurname,,224,automatisch
01980,Lionweg,Bergerhausen,Gemeindestraße,"Person, Mann, Deutscher, Pädagoge, Sportpionier",,224,automatisch
01981,Lippermannweg,Karnap,Gemeindestraße,Hofname,,224,automatisch
01982,Lirichblick,Bedingrade,Gemeindestraße,Stadt und Ort,,224,automatisch
03271,Lise-Meitner-Straße,Frohnhausen; Holsterhausen,Gemeindestraße,"Person, Frau, Österreicherin, Schwedin, Physikerin",,224,automatisch
01983,Listerstraße,Holsterhausen,Gemeindestraße,"Person, Mann, Engländer, Mediziner",,224,automatisch
01984,Litterode,Leithe,Gemeindestraße,Flurname,,224,automatisch
01985,Lockstraße,Schönebeck,Gemeindestraße,Geologie,,224,automatisch
01986,Löbberthang,Bergerhausen,Gemeindestraße,Hofname,,224,automatisch
01987,Lönsberg,Bergerhausen; Huttrop,Gemeindestraße,"Person, Mann, Deutscher, Journalist, Schriftsteller",,224,automatisch
01988,Loerbroksstraße,Frohnhausen,Gemeindestraße,"Person, Mann, Deutscher, Jurist, Stadtverordneter, Siedlung",,224,automatisch
01989,Löskenweg,Stoppenberg,Gemeindestraße,Flurname,,224,automatisch
01605,Loewensteinstraße,Borbeck- Mitte,Gemeindestraße,Familienname,,224,automatisch
01990,Logenstraße,Stadtkern,Gemeindestraße,Essener Geschichte und Örtlichkeit,,225,automatisch
01991,Lohbergweg,Kray,Gemeindestraße,Bergbau,,225,automatisch
01992,Lohdiekweg,Steele; Kray,Gemeindestraße,Geologie,,225,automatisch
01993,Lohmanns Kamp,Bedingrade,Gemeindestraße,Hofname,,225,automatisch
01994,Lohmühlental,Steele; Kray,Gemeindestraße,Mühle,,225,unsicher
01996,Lohstraße,Bedingrade,Gemeindestraße,Hofname,,225,automatisch
01997,Lohwiese,Karnap,Gemeindestraße,Flurname,,225,automatisch
01998,Lommenweg,Stoppenberg,Gemeindestraße,Familienname,,225,automatisch
01999,Lorsbachstraße,Frohnhausen,Gemeindestraße,"Person, Mann, Deutscher, Direktor, Kruppscher Beamter",,225,automatisch
02000,Lortzingstraße,Südviertel,Gemeindestraße,"Person, Mann, Deutscher, Komponist, Librettist, Schauspieler, Sänger, Dirigent",,225,automatisch
02034,Loskamp,Altenessen-Nord,Gemeindestraße,Flurname,,225,automatisch
02001,Lotharstraße,Rüttenscheid,Gemeindestraße,Männlicher Vorname,,225,automatisch
02002,Lothringenstraße,Heisingen,Gemeindestraße,Stadt und Ort,Elsaßstraße,225,automatisch
01916,Lothumweg,Kupferdreh,Gemeindestraße,"Person, Mann, Deutscher, Jurist",,225,automatisch
02003,Ludgerusstraße,Werden,Gemeindestraße,"Person, Mann, Niederländer, Missionar, Bischof",,226,automatisch
02004,Ludscheidtstraße,Fischlaken; Kupferdreh,Gemeindestraße,Hofname,,226,automatisch
02005,Ludwigstraße,Werden,Gemeindestraße,"Person, Mann, Deutscher, Bürgermeister",,226,automatisch
02006,Lübecker Straße,Frohnhausen,Gemeindestraße,Stadt und Ort,,226,automatisch
02007,Lüderitzwiese,Karnap,Gemeindestraße,"Person, Mann, Deutscher, Kolonialpionier",,226,automatisch
02008,Luegstraße,Huttrop,Gemeindestraße,Hofname,,226,automatisch
02009,Lührmannstraße,Rüttenscheid; Margarethenhöhe,Gemeindestraße,"Person, Mann, Deutscher, Mäzen",,226,automatisch
02010,Lührmannwald,Rüttenscheid; Margarethenhöhe,Gemeindestraße,"Person, Mann, Deutscher, Mäzen",,226,automatisch
02012,Lüneburger Straße,Frohnhausen,Gemeindestraße,Stadt und Ort,,226,automatisch
02028,Lüningshove,Frillendorf,Gemeindestraße,"Flurname, Hofname",,226,automatisch
02013,Lünschermannborn,Karnap,Gemeindestraße,Lagebezeichnung,,227,automatisch
02033,Lürshöhe,Fischlaken,Gemeindestraße,Volkstum,Ludgerusstraße,227,automatisch
02014,Lürsweg,Fischlaken,Gemeindestraße,Volkstum,Ludgerusstraße,227,automatisch
02015,Lüschershofstraße,Bergeborbeck,Gemeindestraße,Kotten,,227,automatisch
02016,Lütkenbrauk,Vogelheim,Gemeindestraße,Flurname,,227,automatisch
02017,Lützowstraße,Nordviertel,Gemeindestraße,"Person, Mann, Deutscher, Offizier, Kriegserinnerung",,227,automatisch
02019,Lunemannsiepen,Kray,Gemeindestraße,Flurname,,227,automatisch
02020,Lunerkamp,Frillendorf,Gemeindestraße,Flurname,,227,automatisch
02042,Lunkegarten,Überruhr- Holthausen,Gemeindestraße,Flurname,,227,automatisch
02027,Luppostraße,Überruhr- Hinsel,Gemeindestraße,"Person, Mann, Deutscher",,227,automatisch
02021,Luthestraße,Dellwig,Gemeindestraße,Hofname,,227,automatisch
02022,Lutterbecks Busch,Schuir,Gemeindestraße,Flurname,,227,automatisch
02023,ch - Hof Lutterbeck Luziusstroße - Luciuskirche Luziusstraße,Werden,Gemeindestraße,Kirche und Kloster,,227,unsicher
02024,Lydiastraße,Rüttenscheid,Gemeindestraße,Weiblicher Vorname,,228,automatisch
01995,Lysegang,Ostviertel,Gemeindestraße,Hofname,,228,automatisch
02060,Maasstraße,Fischlaken,Gemeindestraße,Hofname,,228,automatisch
02062,Mählerweg,Huttrop; Steele,Gemeindestraße,"Person, Mann, Deutscher, Bürger",,228,automatisch
02061,Märkische Straße,Freisenbruch,Gemeindestraße,Stadt und Ort,,229,automatisch
02063,Magdalenenstraße,Rüttenscheid,Gemeindestraße,Weiblicher Vorname,,229,automatisch
02064,Magdeburger Knie,Frohnhausen,Gemeindestraße,Stadt und Ort,,229,automatisch
02065,Mahlstraße,Bochold,Gemeindestraße,Mühle,,229,automatisch
03717,Mainstraße,Kettwig,Gemeindestraße,Gewässer,,229,automatisch
02067,Mainzer Straße,Frohnhausen,Gemeindestraße,Stadt und Ort,,229,automatisch
02068,Mallinckrodtplatz,Altenessen-Nord,Gemeindestraße,"Person, Mann, Deutscher, Kaufmann, Industrieller, Platz",,229,automatisch
02069,Mallinckrodtstraße,Altenessen-Nord,Gemeindestraße,"Person, Mann, Deutscher, Kaufmann, Industrieller",Mallinckrodtplatz,229,automatisch
02071,Malvenhang,Bredeney,Gemeindestraße,Botanik,Baumblüte,229,automatisch
03283,Malzweg,Schönebeck,Gemeindestraße,"Botanik, Getreide",,229,automatisch
02191,Manderscheidtstraße,Frillendorf; Stoppenberg,Gemeindestraße,Familienname,,229,automatisch
02072,Manfredstraße,Rüttenscheid,Gemeindestraße,Männlicher Vorname,,229,automatisch
02073,Mannesstraße,Karnap,Gemeindestraße,"Person, Mann, Deutscher, Schankwirt, Volksmund",,229,automatisch
02074,Manteuffelstraße,Südostviertel,Gemeindestraße,"Person, Mann, Deutscher, Generalfeldmarschall, Kriegserinnerung",,229,automatisch
02075,Margaretenstraße,Holsterhausen; Frohnhausen,Gemeindestraße,"Person, Frau, Deutsche, Familie Krupp, Ehrenbürgerin",,230,automatisch
02076,Kruppsche Margrefstraße,Fischlaken,Gemeindestraße,Hofname,,230,automatisch
03280,Maria-Berns-Straße,Altenessen-Nord,Gemeindestraße,"Person, Frau, Deutsche, Politikerin",,230,automatisch
02044,Mariannenbahn,Horst,Gemeindestraße,Bergbau,,230,automatisch
00959,Maria-Weber-Weg,Katernberg,Gemeindestraße,"Person, Frau, Deutsche, Gewerkschafterin",,230,automatisch
00578,Marie-Juchacz-Straße,Überruhr-Hinsel,Landstraße,"Person, Frau, Deutsche, Politikerin, Begründerin der Arbeiterwohlfahrt",,230,automatisch
02192,Marienberghang,Kupferdreh,Gemeindestraße,Nummerierungsbezirk,Marienbergstraße,230,automatisch
02078,Marienbergstraße,Kupferdreh,Gemeindestraße,Nummerierungsbezirk,,230,automatisch
02079,Mariengarten,Karnap,Gemeindestraße,Kirche und Kloster,,230,automatisch
02080,Markt - Markt mit altem Rathaus Marienstraße,Kray,Gemeindestraße,"Person, Frau, Deutsche",,231,unsicher
02082,Markgrafenstraße,Südostviertel,Autobahn; Gemeindestraße,Adelstand,Hohenzollernstraße,231,automatisch
02083,Markscheide,Altendorf,Gemeindestraße,Essener Geschichte und Örtlichkeit,,231,automatisch
02084,Markt,Stadtkern,Gemeindestraße,Essener Geschichte und Ortlichkeit,,231,automatisch
02090,Marktstraße,Borbeck-Mitte; Bergeborbeck,Gemeindestraße,Lagebezeichnung,,231,automatisch
02085,Markuspfad,Bredeney,Gemeindestraße,Flurname,,231,automatisch
02185,Marsweg,Überruhr-Hinsel,Gemeindestraße,Planet,,231,automatisch
02087,Marthastraße,Rüttenscheid,Gemeindestraße,Weiblicher Vorname,,231,automatisch
00719,Martin-Kremmer-Straße,Stoppenberg,Gemeindestraße,"Person, Mann, Deutscher, Architekt",,231,automatisch
03718,Martin-Luther-Platz,Kettwig,Gemeindestraße,"Person, Mann, Deutscher, Reformator, Platz",,232,automatisch
02088,Martin-Luther-Straße,Frohnhausen; Holsterhausen,Hauptstraße,"Person, Mann, Deutscher, Reformator",,232,automatisch
02089,Martinstraße,Rüttenscheid,Landstraße,Männlicher Vorname,,232,automatisch
03286,Martin-Vollmar-Straße,Altendorf,Gemeindestraße,"Person, Mann, Deutscher, Pfarrer, (",,232,unsicher
02091,Maßmannweg,Bergerhausen,Gemeindestraße,"Person, Mann, Deutscher, Hochschullehrer, Kulturwissenschaftler",,232,automatisch
02531,Mathiashof,Stoppenberg,Gemeindestraße,Männlicher Vorname,,232,automatisch
02133,Mathilde-Kaiser-Straße,Huttrop,Gemeindestraße,"Person, Frau, Deutsche, Politikerin",,232,automatisch
02092,Mathildenstraße,Rüttenscheid,Gemeindestraße,Weiblicher Vorname,,232,automatisch
02093,Matthäuskirchstraße,Bochold,Gemeindestraße,Kirche und Kloster,,232,automatisch
02094,Mattheyweg,Stadtwald; Rellinghausen,Gemeindestraße,"Person, Mann, Deutscher, Landgeometer",,232,automatisch
02095,Matthias-Erzberger-Straße,Schonnebeck,Kreisstraße,"Person, Mann, Deutscher, Politiker",,232,automatisch
03282,Matthias-Lambertz-Weg,Dellwig,Gemeindestraße,"Person, Mann, Deutscher, Pfarrer",,233,automatisch
02098,Mausegattstraße,Rellinghausen,Gemeindestraße,Bergbau,,233,automatisch
02099,Max-Dreger-Weg,Stadtwald,Gemeindestraße,"Person, Mann, Deutscher, Kruppscher Beamter, Siedlung",,233,automatisch
02100,Max-Fiedler-Straße,Südviertel,Gemeindestraße,"Person, Mann, Deutscher, Dirigent, Komponist, Pianist",,233,automatisch
01645,Max-Keith-Straße,Bergerhausen,Gemeindestraße,"Person, Mann, Deutscher, Unternehmer",,233,automatisch
02101,Max-Reger-Straße,Südviertel,Gemeindestraße,"Person, Mann, Deutscher, Musiker, Komponist",,233,automatisch
02102,Maxstraße,Stadtkern; Westviertel,Gemeindestraße,"Person, Mann, Deutscher, Kaufmann, Essener Geschichte und Ortlichkeit",,233,automatisch
02103,Maybachstraße,Bredeney,Gemeindestraße,"Person, Mann, Deutscher, Kraftwagenkonstrukteur",,233,unsicher
02104,Mayskamp,Bedingrade; Gerschede,Gemeindestraße,Flurname,,233,automatisch
02105,Mechtenbergstraße,Kray,Gemeindestraße,"Hofname, Flurname",,233,automatisch
02106,Mechtildisstraße,Stadtkern,Gemeindestraße,"Person, Frau, Deutsche, Äbtissin, Essener Geschichte und Örtlichkeit",,234,automatisch
02180,Meckenstocker Höfe,Bredeney,Gemeindestraße,Hofname,,234,automatisch
02107,Meckenstocker Weg,Bredeney,Gemeindestraße,Hofname,,234,automatisch
02108,Mecklenbecksweg,Fulerum,Gemeindestraße,"Person, Mann, Deutscher, Ackerwirt",,234,automatisch
02183,Mecklingsbank,Horst,Gemeindestraße,Bergbau,Zeche Eiberg,234,automatisch
02109,Meerbeckshofstraße,Stoppenberg,Gemeindestraße,Hofname,,234,automatisch
02110,Meerbruchstraße,Katernberg,Gemeindestraße,Gemeinheit,,234,automatisch
02187,Meerkamp,Katernberg,Gemeindestraße,Kotten,,235,automatisch
02111,Meersternweg,Karnap,Gemeindestraße,Kirche und Kloster,Mariengarten,235,automatisch
02112,Meinertstraße,Altenessen- Süd,Gemeindestraße,Kotten,,235,automatisch
02113,Meisenburgstraße,Schuir; Bredeney; Kettwig,Landstraße,"Flurname, Familienname",,235,automatisch
02194,Meisenweg,Burgaltendorf,Gemeindestraße,Zoologie,,235,automatisch
02114,Meißelstraße,Nordviertel,Gemeindestraße,Industrie und Wirtschaft,,235,automatisch
02115,Meißener Straße,Frohnhausen,Gemeindestraße,Stadt und Ort,,235,automatisch
02181,Meistersingerstraße,Kray; Leithe,Gemeindestraße,Meistersinger,,235,automatisch
03719,Meistersweg,Kettwig,Gemeindestraße,Lagebezeichnung,,235,automatisch
02116,Melanchthonstraße,Holsterhausen,Gemeindestraße,"Person, Mann, Deutscher, Philologe, Philosoph, Humanist, Theologe, Reformator",,235,automatisch
02117,Mellinghofer Straße,Altendorf,Gemeindestraße,Stadt und Ort,,235,automatisch
02118,Mellisaue,Delllwig,Gemeindestraße,Hofname,,235,automatisch
02119,Memelstraße,Heisingen,Gemeindestraße,Stadt und Ort,Elsaßstraße,235,automatisch
02186,Memmertweg,Margarethenhöhe,Gemeindestraße,Insel,,236,automatisch
03724,Mendener Straße,Kettwig,Landstraße,Stadt und Ort,,236,automatisch
02121,Menshausenstraße,Holsterhausen,Gemeindestraße,"Person, Mann, Deutscher, Kruppscher Beamter, Siedlung",,236,automatisch
02122,Mentingsbank,Überruhr- Hinsel,Gemeindestraße,Bergbau,,236,automatisch
02123,Mentorstraße,Rellinghausen,Gemeindestraße,Bergbau,,236,automatisch
02124,Menzelstraße,Holsterhausen,Gemeindestraße,"Person, Mann, Deutscher, Maler, Graphiker, Malerviertel-Holsterhausen",,236,automatisch
02125,Meppener Straße,Frohnhausen,Gemeindestraße,Stadt und Ort,,236,automatisch
01933,Mercatorstraße,Altendorf,Gemeindestraße,"Person, Mann, Deutscher, Geograph, Kartograph",,236,automatisch
02126,Mergelweg,Freisenbruch,Gemeindestraße,Geologie,,236,automatisch
02184,Merkurstraße,Überruhr- Hinsel,Gemeindestraße,Planet,,236,automatisch
02127,Merziger Aue,Leithe,Gemeindestraße,Stadt und Ort,,236,automatisch
01600,Messeallee,Rüttenscheid,Gemeindestraße,Lagebezeichnung,,236,automatisch
02128,Messelstraße,Huttrop,Gemeindestraße,"Person, Mann, Deutscher, Architekt",,236,automatisch
02129,Messings Garten,Frohnhausen,Gemeindestraße,Lagebezeichnung,,236,automatisch
02130,Mettenstraße,Steele,Gemeindestraße,Lagebezeichnung,,236,automatisch
02131,Metzendorfstraße,Margarethenhöhe,Gemeindestraße,"Person, Mann, Deutscher, Architekt",,236,unsicher
02132,Metzer Straße,Südostviertel,Gemeindestraße,"Stadt und Ort, Kriegserinnerung",,237,automatisch
02134,Mevissenstraße,Altenessen- Nord,Gemeindestraße,"Person, Mann, Deutscher, Unternehmer, Politiker",,237,automatisch
02135,Meybuschhof,Katernberg,Gemeindestraße,Hofname,,237,automatisch
00971,Meyer-Schwickerath-Straße,Westviertel,Gemeindestraße,"Person, Mann, Deutscher, Mediziner, Hochschullehrer, Forscher",,237,automatisch
02136,Michaelstraße,Südostviertel,Gemeindestraße,"Kirche und Kloster, Männlicher Vorname",,237,automatisch
02137,Middeldorper Weg,Katernberg,Gemeindestraße,Hofname,,237,automatisch
02198,Mielesheide,Schuir,Gemeindestraße,Kotten,,237,automatisch
02200,Mierendorffweg,Horst,Gemeindestraße,"Person, Mann, Deutscher, Politiker, Sozialwissenschaftler, Schriftsteller",,238,automatisch
02139,Milendonkweg,Bochold,Gemeindestraße,Familienname,,238,automatisch
02140,Milkdelle,Haarzopf,Gemeindestraße,Flurname,,238,automatisch
02190,Minnesängerstraße,Freisenbruch,Gemeindestraße,Minnesänger,,238,automatisch
03726,Mintarder Weg,Kettwig,Gemeindestraße,Stadt und Ort,,238,automatisch
02141,Mintropstraße,Werden; Heidhausen,Gemeindestraße,"Person, Mann, Deutscher, Maler, Graphiker",,238,automatisch
02142,Mittelstraße,Westviertel,Gemeindestraße,Lagebezeichnung,,238,automatisch
02143,Mittwegstraße,Ostviertel,Gemeindestraße,"Essener Geschichte und Örtlichkeit, Familienname",,238,automatisch
02199,Mitzmannweg,Bochold,Gemeindestraße,Hofname,Termiedenhof,238,automatisch
02144,Möbiusstraße,Altendorf,Gemeindestraße,"Person, Mann, Deutscher, Mathematiker, Astronom",,238,automatisch
02145,Möllenberg,Werden,Gemeindestraße,"Flurname, Mühle",,238,automatisch
02195,Mölleneystraße,Burgaltendorf,Landstraße,"Person, Mann, Deutscher, Mediziner",,239,automatisch
02188,Möllershus,Byfang,Gemeindestraße,Kotten,,239,automatisch
02146,Möllhoven,Bedingrade; Borbeck-Mitte,Gemeindestraße,Bauerschaft,,239,automatisch
02147,Möllhover Winkel,Bedingrade,Gemeindestraße,Bauerschaft,,239,automatisch
02148,Möllneyer Ufer,Kupferdreh,Gemeindestraße,"Flurname, Familienname",,239,automatisch
02149,Möllneys Nocken,Kupferdreh,Gemeindestraße,Flurname,,239,unsicher
02182,Mönkhoffs Busch,Überruhr- Holthausen,,Flurname,,239,unsicher
02150,Mönkhoffstraße,Überruhr- Holthausen,Gemeindestraße,Hofname,,239,automatisch
02151,Mörgekenweg,Kray,Gemeindestraße,Flurname,,240,automatisch
02152,Mörikestraße,Südviertel; Holsterhausen,Gemeindestraße,"Person, Mann, Deutscher, Lyriker, Erzähler, Übersetzer",,240,automatisch
02153,Möserstraße,Frohnhausen,,"Gemeindestraße, Str.-Gr.: Person, Mann, Deutscher, Politiker, Publizist, Historiker",,240,unsicher
02154,Mövenstraße,Borbeck- Mitte,Gemeindestraße,Hofname,,240,automatisch
02155,Mohnblüte,Schonnebeck,Gemeindestraße,Botanik,Irispfad,240,automatisch
02156,Moltkeplatz,Südostviertel,Gemeindestraße,"Person, Mann, Deutscher, Graf, Generalfeldmarschall, Platz",,240,automatisch
02157,Moltkestraße,Bergerhausen; Huttrop; Südostviertel; Südviertel,Kreisstraße,"Person, Mann, Deutscher, Graf, Generalfeldmarschall",Moltkeplatz,240,automatisch
02158,Mommsenstraße,Frohnhausen,Gemeindestraße,"Person, Mann, Deutscher, Historiker, Hochschullehrer, Politiker",,240,automatisch
03720,Montebruchstraße,Kettwig,Gemeindestraße,Hofname,,240,automatisch
02159,Moorenstraße,Rüttenscheid,Gemeindestraße,"Person, Mann, Deutscher, Mediziner",,241,automatisch
02160,Moosstraße,Bedingrade,Gemeindestraße,Lagebezeichnung,,241,automatisch
02161,Morgensteig,Kray; Schonnebeck,Gemeindestraße,Flurname,,241,automatisch
02162,Moritzstraße,Rüttenscheid,Gemeindestraße,Männlicher Vorname,,241,automatisch
02163,Morsehofstraße,Südostviertel,Gemeindestraße,Hofname,,241,automatisch
02189,Morungenweg,Freisenbruch,Gemeindestraße,"Person, Mann, Deutscher, Minnesänger",,241,automatisch
02164,Mosebachstraße,Bochold,Gemeindestraße,"Person, Mann, Deutscher, Direktor, Bergbau",,241,automatisch
03721,Moselstraße,Kettwig,Gemeindestraße,Gewässer,,241,automatisch
02165,Mozartstraße,Südviertel,Gemeindestraße,"Person, Mann, Österreicher, Komponist",,241,automatisch
02166,Mühlenaue,Bochold,Gemeindestraße,Gewässer,,241,automatisch
03722,Mühlendycksweg,Kettwig,Gemeindestraße,Familienname,Rehfußhang,241,automatisch
02167,Mühlengrund,Bochold,Gemeindestraße,Lagebezeichnung,Mühlenaue,241,automatisch
02197,Mühlenhang,Burgaltendorf,Gemeindestraße,Lagebezeichnung,Mühlenweg,241,automatisch
02168,Mühlenkamp,Kray,Gemeindestraße,Flurname,,241,automatisch
02196,Mühlenweg,Burgaltendorf,Gemeindestraße,Lagebezeichnung,,241,automatisch
03284,Mühlmannsbank,Heisingen,Gemeindestraße,Bergbau,,242,automatisch
02169,Mülheimer Straße,Frohnhausen,Landstraße,Stadt und Ort,,242,automatisch
02170,Müller-Breslau-Straße,Rüttenscheid,Landstraße,"Person, Mann, Deutscher, Bauingenieur, Hochschullehrer",,242,automatisch
02171,Müllerstraße,Holsterhausen,Gemeindestraße,"Person, Mann, Deutscher, Maler, Malerviertel-Holsterhausen",,242,unsicher
02172,Münchener Straße,Frohnhausen; Holsterhausen,Gemeindestraße,Stadt und Ort,,242,automatisch
02173,Münsterhausen,Bochold,Gemeindestraße,Lehngut,Haus-Berge-Straße,242,automatisch
02174,Münstermannstraße,Gerschede,Gemeindestraße,Kotten,,242,automatisch
02175,Münstersteinbruch,Holsterhausen,Gemeindestraße,Lagebezeichnung,,242,automatisch
03725,Münzenbergerplatz,Kettwig,Gemeindestraße,"Person, Mann, Deutscher, Pfarrer, Platz",,242,automatisch
02176,Münzstraße,Bochold,Gemeindestraße,Lehngut,,242,automatisch
02177,Muldeweg,Bergerhausen,Gemeindestraße,Gewässer,,242,automatisch
02178,Munscheidstraße,Kray; Leithe,Gemeindestraße,"Person, Mann, Deutscher, Fabrikant",,242,automatisch
02179,Musebrink,Altenessen-Nord,Gemeindestraße,Flurname,,243,automatisch
00966,Museumsplatz,Südviertel,Gemeindestraße,"Lagebezeichnung, Platz",,243,automatisch
02220,Naatlandstraße,Altendorf,Gemeindestraße,"Essener Geschichte und Ortlichkeit, Flurname",,243,automatisch
02221,Nachbarnweg,Schonnebeck,Gemeindestraße,Lagebezeichnung,,243,automatisch
02222,Nagelstraße,Altenessen- Süd,Gemeindestraße,Industrie und Wirtschaft,,243,automatisch
03727,Nahestraße,Kettwig,Gemeindestraße,Gewässer,,243,automatisch
02223,Narjesstraße,Kupferdreh,Gemeindestraße,"Person, Mann, Deutscher, Industrieller",,243,automatisch
02224,Narzissenweg,Bredeney,Gemeindestraße,Botanik,Baumblüte,243,automatisch
02287,Natorpstraße,Ostviertel,Gemeindestraße,"Person, Mann, Deutscher, Lehrer",,243,automatisch
02225,Nebenbankstraße,Rellinghausen,Gemeindestraße,Bergbau,,243,automatisch
03728,Neckarstraße,Kettwig,Gemeindestraße,Gewässer,,243,automatisch
02227,Nedelmannstraße,Ostviertel,Gemeindestraße,Familienname,,243,automatisch
02228,Neißestraße,Bergerhausen,Gemeindestraße,Gewässer,,243,automatisch
02229,Nekesweg,Bergerhausen,Gemeindestraße,Familienname,,243,automatisch
02230,Nelkengarten,Bredeney; Rüttenscheid,Gemeindestraße,Botanik,Baumblüte,243,automatisch
02282,Neptunstraße,Überruhr- Hinsel,Gemeindestraße,Planet,,243,automatisch
02231,Netheweg,Bergerhausen,Gemeindestraße,Gewässer,,243,automatisch
02233,Nettelnbusch,Kray,Gemeindestraße,Hofname,,243,automatisch
02281,Netzestraße,Bergerhausen,Gemeindestraße,Gewässer,,244,automatisch
02234,Neue Heimat,Frintrop,Gemeindestraße,Siedlung,,244,automatisch
02235,Neue Liebe,Steele,Gemeindestraße,Lebensgefühl,Neuland,244,automatisch
02236,Neuessener Straße,Altenessen-Nord,Gemeindestraße,Industrie und Wirtschaft,,244,automatisch
02237,Neuhof,Katernberg,Gemeindestraße,Lagebezeichnung,,244,automatisch
02238,Neuholland,Steele,Gemeindestraße,Industrie und Wirtschaft,,244,automatisch
02239,Neukircher Mühle,Werden,Gemeindestraße,Mühle,,244,automatisch
02240,Neukircher Straße,Werden,Gemeindestraße,Stadt und Ort,,244,automatisch
02241,Neukölnstraße,Gerschede,Gemeindestraße,Bergbau,,244,automatisch
02242,Neuland,Steele,Gemeindestraße,Industrie und Wirtschaft,,245,automatisch
02243,Neulengrund,Haarzopf,Gemeindestraße,Hofname,,245,automatisch
02244,Neustraße,Borbeck-Mitte; Bergeborbeck,Gemeindestraße,Lagebezeichnung,,245,automatisch
02245,Neulengrund - Neulenhof Neuweselstraße,Borbeck- Mitte,Gemeindestraße,Bergbau,,245,automatisch
02246,Neuwiedweg,Gerschede,Gemeindestraße,"Stadt und Ort, Siediung",Biebergweg,245,automatisch
02247,Nibelungenplatz,Kray,Gemeindestraße,"Sage, Platz",,245,automatisch
02248,Nibelungenweg,Kray,Gemeindestraße,Sage,Nibelungenplatz,246,automatisch
02249,Nieberdingstraße,Holsterhausen,Gemeindestraße,"Person, Mann, Deutscher, Jurist, Politiker",,246,automatisch
02290,Niebuhrstraße,Frohnhausen,Gemeindestraße,"Person, Mann, Deutscher, Historiker",,246,unsicher
02250,Niederfeldstraße,Altendorf,Gemeindestraße,"Essener Geschichte und Örtlichkeit, Flurname",,246,automatisch
02251,Niederstraße,Nordviertel,Gemeindestraße,Essener Geschichte und Ortlichkeit,,246,automatisch
02252,Niederweniger Straße,Kupferdreh; Byfang,Kreisstraße,Stadt und Ort,,246,automatisch
02253,Niegischstraße,Altenessen- Süd,Gemeindestraße,"Person, Mann, Deutscher, Direktor",,246,automatisch
02254,Niehammerstraße,Stoppenberg; Katernberg,Gemeindestraße,Kotten,,246,automatisch
02284,Niehusmannskamp,Altenessen-Süd,Gemeindestraße,Essener Geschichte und Örtlichkeit,,246,automatisch
01886,Niekämperweg,Schonnebeck,Gemeindestraße,Familienname,,246,automatisch
02255,Nienhausenstraße,Altenessen-Süd,Gemeindestraße,"Person, Mann, Deutscher, Bürgermeister",,246,automatisch
02256,Nienhuser Busch,Katernberg,Gemeindestraße,Hofname,,246,automatisch
02257,Nienkampstraße,Altenessen-Süd,Gemeindestraße,Flurname,,246,automatisch
02258,Nierenhofer Straße,Kupferdreh; Byfang,Landstraße,Stadt und Ort,,247,automatisch
02259,Niermanns Weg,Fischlaken,Gemeindestraße,Hofname,,247,automatisch
03441,Niersstraße,Bergerhausen,Gemeindestraße,Gewässer,,247,automatisch
02260,Niersteiner Straße,Frohnhausen,Gemeindestraße,Stadt und Ort,,247,automatisch
02289,Niesertweg,Frohnhausen,Gemeindestraße,"Person, Mann, Deutscher, Historiker",,247,automatisch
02270,Nietzscheweg,Freisenbruch,Gemeindestraße,"Person, Mann, Staatenloser, Philosoph",,247,automatisch
02288,Nikolaus-Groß-Straße,Horst,Gemeindestraße,"Person, Mann, Deutscher, Gewerkschafter, Widerstandskämpfer",,247,automatisch
02261,Nikolausstraße,Stoppenberg,Gemeindestraße,Lagebezeichnung,,247,automatisch
02262,Nobermanns Hude,Altenessen-Süd,Gemeindestraße,Hofname,,247,unsicher
02263,Nockwinkel,Überruhr-Hinsel,Gemeindestraße,Flurname,,247,automatisch
02264,Nöckersberg,Byfang,Gemeindestraße,Kotten,,247,automatisch
02265,Nöckersleite,Byfang,Gemeindestraße,Kotten,,248,automatisch
02266,Nöggerathstraße,Altendorf; Frohnhausen; Schönebeck,Gemeindestraße,"Person, Mann, Deutscher, Mineraloge, Geologe",,248,automatisch
02267,Nöttelhof,Bergerhausen,Gemeindestraße,Hofname,,248,automatisch
02268,Nootstraße,Altenessen- Süd,Gemeindestraße,"Person, Mann, Deutscher, Bürgermeister",,248,automatisch
02269,Norbertstraße,Bredeney; Rüttenscheid,Landstraße; Hauptstraße,Männlicher Vorname,,248,unsicher
02283,deutet also so viel wie „das Licht des Nordens“ Norderneyweg,Margarethenhöhe,Gemeindestraße,Insel,,248,unsicher
02271,Nordhofstraße,Westviertel,Gemeindestraße,Essener Geschichte und Örtlichkeit,,248,automatisch
02272,Nordlandaue,Gerschede,Gemeindestraße,Siedlung,,248,automatisch
02285,Nordlandring,Gerschede,Gemeindestraße,Siedlung,Nordlandaue,248,automatisch
02273,Nordschleswigstraße,Heisingen,Gemeindestraße,Stadt und Ort,Elsaßstraße,248,automatisch
02274,Nordsternstraße,Altenessen- Nord,Gemeindestraße,Bergbau,,249,automatisch
02275,Nordstraße,Steele,Gemeindestraße,Lagebezeichnung,,249,automatisch
02286,Nothofsbusch,Stoppenberg,Gemeindestraße,Flurname,,249,automatisch
02276,Nottebaumskamp,Leithe; Steele,Gemeindestraße,Flurname,,249,automatisch
02277,Nottekampsbank,Heisingen,Gemeindestraße,Bergbau,,249,automatisch
02278,Nottekampstraße,Rellinghausen,Gemeindestraße,Bergbau,,249,automatisch
02279,Nottekampswinkel,Heisingen,Gemeindestraße,Lage-bezeichnung,Nottekampsbank,249,unsicher
02280,Nünningstraße,Frillendorf,Gemeindestraße,Hofname,,249,automatisch
01556,Nussbaumweg,Heisingen,Gemeindestraße,Lagebezeichnung,,250,automatisch
02310,Oberdorfstraße,Altendorf; Frohnhausen,Gemeindestraße,Lagebezeichnung,,250,automatisch
02335,Obere Aue,Heisingen,Gemeindestraße,Flurname,,250,automatisch
02311,et Obere Fuhr,Bergerhausen,Gemeindestraße,Lagebezeichnung,,250,unsicher
02312,Oberer Pustenberg,Heidhausen,Gemeindestraße,Volkstum,,250,automatisch
02313,Oberer Schloßhang,Borbeck-Mitte,Gemeindestraße,Lagebezeichnung,Schloßstraße,250,automatisch
02314,Oberhauser Straße,Bedingrade; Frintrop,Kreisstraße,Stadt und Ort,,250,automatisch
02315,Oberhofstraße,Rellinghausen,Gemeindestraße,"Essener Geschichte und Örtlichkeit, Hofname",,250,automatisch
02316,Oberholzweg,Altenessen- Süd,Gemeindestraße,Kotten,,250,automatisch
03733,Oberlehberg,Kettwig,Gemeindestraße,Kotten,,250,unsicher
02317,Obernitzstraße,Südostviertel; Huttrop,Gemeindestraße; Str.- Sa E,,,250,automatisch
02318,Oberscheidtstraße,Fulerum,Gemeindestraße,Hofname,,251,automatisch
02319,Oberschlesienstraße,Huttrop,Landstraße,Stadt und Ort,,251,automatisch
02320,Oberstraße,Rellinghausen; Stadtwald,Gemeindestraße,Lagebezeichnung,,251,unsicher
02321,Obringer Voerde,Karnap,Gemeindestraße,Flurname,,251,automatisch
02322,Ocklenburgs Ried,Schonnebeck,Gemeindestraße,Kotten,,251,automatisch
02323,Odastraße,Rüttenscheid,Gemeindestraße,Weiblicher Vorname,,251,automatisch
03731,Oefte,Kettwig; Heidhausen,Gemeindestraße,Nummerierungsbezirk,,251,automatisch
02325,Oelberg,Katernberg,Gemeindestraße,Industrie und Wirtschaft,,252,automatisch
03267,Ofenbank,Horst,Gemeindestraße,Siedlung,,252,automatisch
02352,Ofterdingenstraße,Freisenbruch,Gemeindestraße,Literarisches Werk,,252,automatisch
02327,Ohmstraße,Altendorf,Gemeindestraße,"Person, Mann, Deutscher, Physiker",,252,automatisch
02328,Olbrichstraße,Huttrop,Gemeindestraße,"Person, Mann, Österreicher, Architekt",,252,automatisch
02329,Olgastraße,Rüttenscheid,Gemeindestraße,Weiblicher Vorname,,252,automatisch
02330,Onckenstraße,Altendorf; Frohnhausen,Landstraße,"Person, Mann, Deutscher, Historiker",,252,automatisch
02353,Op de Heie,Schönebeck,Gemeindestraße,Lagebezeichnung,,252,automatisch
01136,Opernptatz,Südviertel,Gemeindestraße,"Lagebezeichnung, Platz",,252,automatisch
02331,Ophoffsfeld,Schonnebeck,Gemeindestraße,Flurname,,252,automatisch
02332,Ophoffstraße,Schonnebeck,Gemeindestraße,Hofname,,252,automatisch
02354,Ortelweg,Leithe,Gemeindestraße,"Personenfigur, Meistersinger",,253,automatisch
01280,Oskar-Pannen-Straße,Bergeborbeck,Gemeindestraße,"Person, Mann, Deutscher, Geistlicher, Pfarrer",,253,automatisch
02326,Oskarstraße,Rüttenscheid,Gemeindestraße,Männlicher Vorname,,253,automatisch
02333,Oslenderstraße,Kupferdreh,Gemeindestraße,"Person, Mann, Deutscher, Geistlicher",,253,unsicher
02334,Osnabrücker Straße,Frohnhausen,Gemeindestraße,Stadt und Ort,,253,automatisch
02506,Ostendeweg,Bochold,Gemeindestraße,Stadt und Ort,,253,automatisch
02336,Osterkamp,Kray,Gemeindestraße,Flurname,,253,automatisch
02337,Ostermannstraße,Nordviertel,Gemeindestraße,"Person, Mann, Deutscher, Kaufmann, Industrieller, Essener Geschichte und Örtlichkeit",,253,automatisch
02338,Osterweg,Steele,Gemeindestraße,"Person, Mann, Deutscher, Geistlicher",,253,automatisch
02339,Ostfeldstraße,Stadtkern; Westviertel,Landstraße,"Essener Geschichte und Örtlichkeit, Flurname",,253,automatisch
02340,Ostpreußenstraße,Heisingen,Gemeindestraße,Stadt und Ort,Elsaßstraße,253,automatisch
03275,Ostropweg,Bredeney,Gemeindestraße,"Person, Mann, Deutscher, Landwirt",,253,automatisch
02341,Oststraße,Bergerhausen,Gemeindestraße,Lagebezeichnung,,253,automatisch
02355,Ostuferstraße,Bergeborbeck,Gemeindestraße,Lagebezeichnung,,254,automatisch
02342,Otmarstraße,Rüttenscheid,Gemeindestraße,Männlicher Vorname,,254,automatisch
02343,"sagenhaft"" Ottenkämperweg",Katernberg,Gemeindestraße,Kotten,,254,unsicher
01558,Ottenkampshof,Katernberg,Gemeindestraße,Kotten,,254,automatisch
02344,Ottilienstraße,Westviertel,Landstraße,"Person, Frau, Deutsche, Essener Geschichte und Örtlichkeit",,254,automatisch
02345,Otto-Beyer-Straße,Bochold,Gemeindestraße,"Person, Mann, Deutscher, Industrieller, Kruppscher Beamter, Siedlung",,254,automatisch
02357,Otto-Brenner-Straße,Borbeck-Mitte; Bochold,Kreisstraße,"Person, Mann, Deutscher, Gewerkschafter, Politiker",,254,automatisch
02346,Otto-Schnabel-Weg,Stadtwald,Gemeindestraße,"Person, Mann, Deutscher, Kruppscher Beamter, Siedlung",,254,automatisch
02347,Ottostraße,Kray; Leithe,Gemeindestraße,"Person, Mann, Deutscher, Landwirt",,254,automatisch
02348,Ottweilerweg,Leithe,Gemeindestraße,Stadt und Ort,,254,automatisch
02349,Overbeckstraße,Holsterhausen,Gemeindestraße,"Person, Mann, Deutscher, Maler, Zeichner, Illustrator, Malerviertel- Holsterhausen",,254,automatisch
02350,Overbergstraße,Nordviertel,Gemeindestraße,Hofname,Hofterbergstraße,254,automatisch
02356,Overhammshof,Fischlaken,Gemeindestraße,Hofname,,254,automatisch
02351,Overrathstraße,Frohnhausen,Gemeindestraße,Hofname,,255,automatisch
02472,Palantweg,Gerschede,Gemeindestraße,"Person, Mann, Deutscher, Adelstand",,255,automatisch
02381,Palmbuschweg,Altenessen- Süd,Gemeindestraße,Flurname,,255,automatisch
02382,Palmstraße,Frillendorf,Gemeindestraße,"Person, Mann, Deutscher, Buchhändler",,255,automatisch
02383,Papenberghang,Bergerhausen,Gemeindestraße,Flurname,,255,automatisch
02384,Papestraße,Holsterhausen,Gemeindestraße,"Person, Mann, Deutscher, Jurist, Adelstand",,256,automatisch
02385,Pappelweg,Bochold,Gemeindestraße,Botanik,,256,automatisch
02386,Parkweg,Leithe,Gemeindestraße,Lagebezeichnung,Volksgartenweg,256,automatisch
02387,Pasbachstraße,Altenessen- Nord,Gemeindestraße,"Person, Mann, Deutscher, Förster",,256,automatisch
02388,Paßstraße,Steele,Gemeindestraße,Lagebezeichnung,,256,automatisch
02389,Pastoratsberg,Heidhausen,Gemeindestraße,Kirche und Kloster,,256,automatisch
02390,Pastor-Fliedner-Weg,Karnap,Gemeindestraße,"Person, Mann, Deutscher, Geistlicher",,256,automatisch
02391,Pastorsacker,Werden,Gemeindestraße,Lagebezeichnung,,256,automatisch
00975,Pater-Christoph-Höttges-Platz,Südostviertel,Gemeindestraße,"Person, Mann, Deutscher, Geistlicher, Platz",,256,automatisch
02392,Pattbergstraße,Werden,Gemeindestraße,Flurname,,256,automatisch
02393,Paul-Brandi-Straße,Margarethenhöhe,Gemeindestraße,"Kosu Pauline - Zeche Pauline Person, Mann, Deutscher, Bankdirektor, Beigeordneter",,256,automatisch
02474,Paul-Goerens-Straße,Frohnhausen,Gemeindestraße,"Person, Mann, Deutscher, Metallograph, Ingenieur",,257,unsicher
02394,Pauline,Heidhausen,Gemeindestraße,Bergbau,,257,automatisch
02395,Paulinenstraße,Rüttenscheid,Gemeindestraße,Weiblicher Vorname,,257,automatisch
01140,Paul-Klinger-Straße,Westviertel,Gemeindestraße,"Person, Mann, Deutscher, Schauspieler, Synchronsprecher",,257,automatisch
01551,Paul-Reichardt-Straße,Bochold,Gemeindestraße,"Person, Mann, Deutscher, Direktor",,257,automatisch
02396,Paulstraße,Nordviertel,Gemeindestraße,"Person, Mann, Apostel",,257,automatisch
02397,Pausmühlenhegge,Gerschede,Gemeindestraße,"Essener Geschichte und Örtlichkeit, Lagebezeichnung",,258,automatisch
02398,Pausmühlenkamp,Gerschede,Gemeindestraße,Essener Geschichte und Örtlichkeit,,258,automatisch
02399,Pausmühlenstraße,Borbeck-Mitte; Gerschede,Gemeindestraße,Essener Geschichte und Örtlichkeit,,258,automatisch
00989,Pausstraße,Gerschede,Gemeindestraße,"Essener Geschichte und Ortlichkeit, Hofname",,258,automatisch
02401,Peanstraße,Altenessen- Süd,Gemeindestraße,"Person, Mann, Deutscher, Bürgermeister",,258,automatisch
02402,Peenestraße,Bergerhausen,Gemeindestraße,Gewässer,,258,unsicher
02403,Pelmanstraße,Rüttenscheid; Holsterhausen,Gemeindestraße,"Person, Mann, Deutscher, Mediziner",,258,automatisch
02404,Pelzstraße,Frohnhausen,Gemeindestraße,"Person, Mann, Deutscher, Betriebsführer, Kruppscher Beamter, Siedlung",,258,automatisch
02405,Pestalozziweg,Katernberg,Gemeindestraße,"Person, Mann, Schweizer, Pädagoge",,258,automatisch
02477,Peter-Burggraf-Weg,Horst,Gemeindestraße,"Person, Mann, Deutscher, Bergmann, Widerstandskämpfer",,258,automatisch
00964,Peter-Reise-Weg,Borbeck- Mitte,Gemeindestraße,"Person, Mann, Deutscher, Politiker",,258,automatisch
02406,Peterstraße,Nordviertel,Gemeindestraße,"Person, Mann, Deutscher, Pfarrer, Essener Geschichte und Örtlichkeit",Beisingstraße,258,automatisch
02407,Pettenkoferstraße,Holsterhausen,Gemeindestraße,"Person, Mann, Deutscher, Chemiker, Hygieniker",,258,automatisch
02408,Petzelsberg,Heisingen,Kreisstraße,Flurname,,259,automatisch
02409,Pfalzgräfinstraße,Steele,Gemeindestraße,"Person, Frau, Deutsche, Prinzessin, Äbtissin",,259,automatisch
01874,Pfarrer-Wolfgang-Lüthgen-Platz,Huttrop,Gemeindestraße,"Person, Mann, Deutscher, Pfarrer, Platz",,259,automatisch
02410,Pfarrstraße,Dellwig; Frintrop,Gemeindestraße,Kirche und Kloster,,259,automatisch
02411,Pfeifferstraße,Schonnebeck,Gemeindestraße,"Person, Mann, Deutscher, Politiker, Bürgermeister",,259,automatisch
02412,Pferdebahnstraße,Nordviertel; Westviertel,Kreisstraße,Lagebezeichnung,,259,automatisch
02413,Pferdebrink,Dellwig,Gemeindestraße,Flurname,,259,automatisch
02414,Pferdemarkt,Stadtkern,Gemeindestraße,Essener Geschichte und Örtlichkeit,,259,automatisch
02415,Pfingstborn,Katernberg,Gemeindestraße,Kirche und Kloster,,259,automatisch
02416,Pfingstfeldwende,Frohnhausen,Gemeindestraße,Flurname,,259,automatisch
02417,Phoenixhütte Pflanzstraße,Bedingrade,Gemeindestraße,Kirche und Kloster,,260,automatisch
02418,Philippinenstraße,Rüttenscheid,Gemeindestraße,Weiblicher Vorname,,260,automatisch
02419,Philippstraße,Altenessen- Süd; Stoppenberg,Gemeindestraße,"Person, Mann, Deutscher, Bürger",,260,automatisch
02421,Philosophenweg,Freisenbruch,Gemeindestraße,Lagebezeichnung,,260,automatisch
01545,Phönixberg,Kupferdreh,Gemeindestraße,Lagebezeichnung,Phoenixhütte,260,automatisch
02420,Phoenixhütte,Kupferdreh,Gemeindestraße,Industrie und Wirtschaft,,260,automatisch
02422,Pielstickerstraße,Altenessen- Süd,Gemeindestraße,"Person, Mann, Deutscher, Mediziner",,260,automatisch
02423,Pieperstraße,Frohnhausen,Gemeindestraße,"Person, Mann, Deutscher, Prokurist, Kruppscher Beamter, Siedlung",,260,automatisch
03734,Pierburger Saum,Kettwig; Werden,Gemeindestraße,Lagebezeichnung,,260,automatisch
02424,Pilgrimsteig,Rellinghausen; Stadtwald,Gemeindestraße,Essener Geschichte und Örtlichkeit,,260,automatisch
02425,Pilotystraße,Holsterhausen,Gemeindestraße,"Person, Mann, Deutscher, Hochschullehrer, Maler, Malerviertel- Holsterhausen",,260,automatisch
02473,Pinxtenweg,Steele,Gemeindestraße,Hofname,,261,automatisch
02426,Pirolstraße,Stadtwald,Gemeindestraße,Zoologie,,261,automatisch
02427,Plänkerweg,Katernberg,Gemeindestraße,"Person, Mann, Deutscher, Ackersmann, Familienname",,261,automatisch
02428,Pläßweidenweg,Horst,Gemeindestraße,Lagebezeichnung,,261,automatisch
02429,Planckstraße,Holsterhausen,Gemeindestraße,"Person, Mann, Deutscher, Jurist, Politiker",,261,automatisch
02430,Plantenbergstraße,Huttrop,Gemeindestraße,Hofname,,261,automatisch
02431,Plaßhofsbankstraße,Kray,Gemeindestraße,Bergbau,,261,automatisch
02475,Platanenweg,Stadtwald,Gemeindestraße,Botanik,,261,automatisch
02432,Plattenweiler,Werden,Gemeindestraße,Flurname,,261,automatisch
01549,Platz Werdener Feintuchwerke,Werden,Gemeindestraße,"Industrie und Wirtschaft, Platz",,261,automatisch
02433,Pleskengarten,Leithe,Gemeindestraße,Kotten,,261,automatisch
02434,Plümers Kamp,Steele,Gemeindestraße,Flurname,,261,automatisch
02471,Plutoweg,Überruhr-Hinsel,Gemeindestraße,Planet,,261,automatisch
02435,Pörtgenweg,Altenessen-Süd,Gemeindestraße,Kotten,,261,automatisch
02436,Pörtingsiepen,Fischlaken,Gemeindestraße,Bergbau,,262,automatisch
02437,Pollerbecks Brink,Schönebeck,Gemeindestraße,Flurname,,262,automatisch
02438,Pollerbergstraße,Frohnhausen,Gemeindestraße,Hofname,,262,automatisch
02439,Pollstraße,Schönebeck,Gemeindestraße,Hofname,,263,automatisch
02440,Pookweg,Bochold,Gemeindestraße,"Person, Mann, Deutscher, Verwalter",,263,automatisch
02441,Porschekanzel,Stadtkern,Gemeindestraße,"Person, Mann, Deutscher, Kraftfahrzeugkonstrukteur",Porscheplatz und Am Porscheplatz,263,unsicher
02402,Porscheplatz,Stadtkern,Gemeindestraße,"Person, Mann, Deutscher, Kraftfahrzeugkonstrukteur, Platz",Porschekanzel und Am Porscheplatz,263,unsicher
02443,Portendieckstraße,Schonnebeck; Kray,Hauptstraße,Wasserburg,,263,automatisch
02444,Porthofplatz,Werden,Gemeindestraße,"Essener Geschichte und Ortlichkeit, Platz",,263,automatisch
02445,Porthofstraße,Werden,Gemeindestraße,Essener Geschichte und Ortlichkeit,Porthofplatz,264,automatisch
02446,Poschfüerhöhe,Steele,Gemeindestraße,Volksmund,,264,automatisch
02447,Posener Straße,Frohnhausen,Gemeindestraße,Stadt und Ort,,264,automatisch
02448,Postreitweg,Frohnhausen,Gemeindestraße,Lagebezeichnung,,264,automatisch
02449,Poststraße,Kupferdreh,Kreisstraße,Lagebezeichnung,,264,unsicher
02451,Pothsberg,Byfang; Kupferdreh,Gemeindestraße,Lagebezeichnung,,264,automatisch
02452,Potsdamer Straße,Frohnhausen,Gemeindestraße,Stadt und Ort,,264,automatisch
02453,Pottgießerstraße,Frohnhausen,Gemeindestraße,Hofname,,264,automatisch
02454,Potthoffs Börde,Bergerhausen,Gemeindestraße,Kotten,,264,automatisch
03736,Prälatenweg,Kettwig,Gemeindestraße,Lagebezeichnung,,264,automatisch
01601,Prager Straße,Rüttenscheid,Gemeindestraße,Stadt und Ort,,265,automatisch
02455,Pramenweg,Kray,Gemeindestraße,Lagebezeichnung,,265,automatisch
02456,Pregelstraße,Bergerhausen,Gemeindestraße,Gewässer,,265,automatisch
02457,Preisstraße,Bochold,Gemeindestraße,Lagebezeichnung,,265,automatisch
02458,Preutenborbeckstraße,Heidhausen,Gemeindestraße; _,Hofname,,265,automatisch
02459,Priehlbachtal,Kupferdreh,Gemeindestraße,Gewässer,,265,automatisch
02460,Priembergweg,Kupferdreh,Gemeindestraße,Hofname,,265,automatisch
02461,Priemhauser Weg,Kupferdreh,Gemeindestraße,Flurname,,265,unsicher
02462,Prinz-Adolf-Straße,Bredeney,Gemeindestraße,"Person, Mann, Deutscher, General, Adelstand, Ballonfahrer",,265,automatisch
02463,Prinzenstraße,Borbeck- Mitte; Bergeborbeck,Gemeindestraße,Adelstand,,265,automatisch
00974,Prinz-Friedrich-Platz,Kupferdreh,Gemeindestraße,"Bergbau, Platz",Prinz- Friedrich-Straße,266,automatisch
02464,Prinz-Friedrich-Straße,Kupferdreh,Gemeindestraße,Bergbau,,266,automatisch
02465,Prinz-Wilhelm-Damm,Kupferdreh,Gemeindestraße,"Person, Mann, Deutscher, Prinz, Offizier, Eisenbahnwesen",,266,automatisch
03735,Promenadenweg,Kettwig,Gemeindestraße,Lagebezeichnung,,266,automatisch
02466,Propsteistraße,Werden,Gemeindestraße,Kirche und Kloster,,266,automatisch
02467,Prosperstraße,Dellwig,Landstraße,Bergbau,,266,automatisch
02468,Provesthöhe,Kupferdreh,Gemeindestraße,Hofname,,267,automatisch
02476,Püttmannweg,Bedingrade,Gemeindestraße,Kotten,,267,automatisch
02469,Pützstraße,Frohnhausen,Gemeindestraße,"Person, Mann, Deutscher, Pädagoge, Historiker",,267,automatisch
02470,Pustenbergstiege,Werden,Gemeindestraße,Lagebezeichnung,,267,automatisch
00829,Quartiersbogen,Westviertel,Gemeindestraße,Lagebezeichnung,,267,automatisch
02500,Quellenbliek,Bredeney,Gemeindestraße,Gewässer,,267,automatisch
02501,Quellstraße,Dellwig,Gemeindestraße,Gewässer,,267,automatisch
02502,Querschlagstraße,Altenessen-Nord,Gemeindestraße,Bergbau,,267,automatisch
02503,Querstraße,Katernberg,Gemeindestraße,Lagebezeichnung,,267,automatisch
02540,Raadter Straße,Haarzopf,Landstraße,Stadt und Ort,,267,automatisch
02541,Rabenhorst,Bedingrade; Borbeck-Mitte,Gemeindestraße,Flurname,,267,automatisch
02542,Rademachers Weg,Freisenbruch; Horst,Gemeindestraße,Hofname,,267,unsicher
02543,Radhoffstraße,Altenessen- Süd,Gemeindestraße,"Person, Mann, Deutscher, Bürgermeister",,267,automatisch
02544,Raffaelstraße,Holsterhausen,Gemeindestraße,"Person, Mann, Italiener, Maler, Malerviertel-Holsterhausen",,268,automatisch
02689,Raffelberger Straße,Frohnhausen,Gemeindestraße,Stadt und Ort,,268,automatisch
02546,Rahmannstraße,Deltwig,Gemeindestraße,Hofname,,268,automatisch
02547,Rahmbruchsweg,Stoppen- berg,Gemeindestraße,Flurname,,268,automatisch
02548,Rahmdörne,Altenessen-Nord,Gemeindestraße,Fiurname,,268,automatisch
02549,Rahmfeld,Altenessen- Süd,Gemeindestraße,Flurname,,268,automatisch
02550,Rahmheide,Altenessen-Süd,Gemeindestraße,Gemeinheit,,268,automatisch
02551,Rahmstraße,Altenessen- Süd; Stoppenberg,Gemeindestraße,Gemeinheit,,268,automatisch
02552,Raiffeisenweg,Gerschede,Gemeindestraße,"Person, Mann, Deutscher, Kommunalbeamter, Siedlung",,268,automatisch
02553,Ramachersfeld,Katernberg,Gemeindestraße,Kotten,,268,automatisch
02554,Ramers Kamp,Altenessen- Süd; Stoppenberg,Gemeindestraße,Flurname,,268,automatisch
02555,Rankestraße,Froehnhausen,Gemeindestraße,"Person, Mann, Deutscher, Historiker",,268,automatisch
02683,Rappenweg,Bedingrade,Gemeindestraße,Zoologie,,269,automatisch
02556,Rathenaustraße,Stadtkern,Gemeindestraße,"Person, Mann, Deutscher, Schriftsteller, Industrieller, Politiker",,269,automatisch
02557,Rathgeberhof,Kupferdreh,Gemeindestraße,Hofname,,269,automatisch
02558,Ratsherrnweg,Rüttenscheid,Gemeindestraße,Lagebezeichnung,,269,automatisch
02559,Rauchstraße,Dellwig,Gemeindestraße,Lagebezeichnung,,269,automatisch
02560,Rauensiepenstraße,Rellinghausen,Gemeindestraße,Bergbau,,269,automatisch
02561,Rauhhölterberg,Steele,Gemeindestraße,Lagebezeichnung,,269,automatisch
02562,Raumerstraße,Frohnhausen,Gemeindestraße,"Person, Mann, Deutscher, Jurist, Historiker, Politiker",,269,automatisch
02563,Rausenbergerstraße,Bredeney,Gemeindestraße,"Person, Mann, Deutscher, Konstrukteur, Prokurist, Kruppscher Beamter",,269,automatisch
02564,Rauterstraße,Ostviertel,Gemeindestraße,"Person, Mann, Deutscher, Kaufmann, Stadtverordneter",,269,automatisch
02565,Rebenlaube,Bredeney,Gemeindestraße,Botanik,Baumblüte,270,automatisch
02568,Rebenranke,Fischlaken,Gemeindestraße,Botanik,,270,unsicher
02679,Rebstock,Fischlaken,Gemeindestraße,Botanik,Rebenranke,270,automatisch
02567,Rechtstraße,Borbeck-Mitte,Gemeindestraße,Essener Geschichte und Örtlichkeit,,270,automatisch
02568,Reckhammerweg,Nordviertel,Gemeindestraße,Lagebezeichnung,Walkmühlenstraße,270,unsicher
02569,Reckmannshof,Bredeney,Gemeindestraße,Hofname,,270,automatisch
02570,Reckstraße,Frintrop,Gemeindestraße,Lagebezeichnung,,270,automatisch
02571,Redtenbacherstraße,Bredeney,Gemeindestraße,"Person, Mann, Deutscher, Maschinenbauingenieur",,270,automatisch
02680,Regenbogenweg,Fulerum,Gemeindestraße,Bergbau,,270,automatisch
02572,Regenweg,Dellwig,Gemeindestraße,Lagebezeichnung,,270,automatisch
02573,Reginenstraße,Rüttenscheid,Gemeindestraße,Weiblicher Vorname,,270,automatisch
03737,Rehfußhang,Kettwig,Gemeindestraße,,,270,automatisch
02574,Rehmanns Hof,Kupferdreh,Gemeindestraße,,,271,automatisch
02575,Rehstraße,Heisingen,Gemeindestraße,Zoologie,,271,automatisch
02576,Reibenkamp,Freisenbruch,Gemeindestraße,Flurname,,271,automatisch
02577,Reickskamp,Schonnebeck,Gemeindestraße,Flurname,,271,automatisch
02578,Reineke-Fuchs-Straße,Haarzopf,Gemeindestraße,Zoologie,,271,automatisch
02526,Reinhold-Unterberg-Weg,Gerschede,Gemeindestraße,"Person, Mann, Deutscher, Geistlicher",,271,automatisch
02677,Reinmarweg,Freisenbruch,Gemeindestraße,"Person, Mann, Deutscher, Minnesänger",,271,automatisch
02579,Rellinghauser Straße,Südviertel; Rüttenscheid; Huttrop; Bergerhausen; Rellinghausen,Hauptstraße,Stadt und Ort,,271,automatisch
02580,Rembrandtstraße,Holsterhausen,Gemeindestraße,"Person, Mann, Niederländer, Maler, Malerviertel-Holsterhausen",,271,automatisch
02581,Renatastraße,Rüttenscheid,Gemeindestraße,Weiblicher Vorname,,272,automatisch
02582,Rengsdorfer Heim,Gerschede,Gemeindestraße,"Stadt und Ort, Siedlung",,272,automatisch
02583,Renteilichtung,Rellinghausen; Stadtwald,Gemeindestraße,Lagebezeichnung,,272,automatisch
02584,Renzelweg,Freisenbruch,Gemeindestraße,Kotten,,272,automatisch
02585,Resedapfad,Schonnebeck,Gemeindestraße,Lagebezeichnung,Irispfad,272,automatisch
02586,Residenzaue,Borbeck-Mitte,Gemeindestraße,Lagebezeichnung,,272,automatisch
02587,Reuenberg,Bedingrade; Dellwig; Gerschede,Landstraße,Flurname,,272,automatisch
02678,Reuenthalweg,Freisenbruch,Gemeindestraße,"Person, Mann, Deutscher, Minnesänger",,272,automatisch
02588,Reulsbergweg,Kupferdreh; Byfang,Gemeindestraße,Hofname,,272,automatisch
02589,Rheinelbeweg,Kray,Gemeindestraße,Bergbau,,272,automatisch
02591,Rheinische Straße,Westviertel,Gemeindestraße,Essener Geschichte und Örtlichkeit,Rheinischer Platz,272,automatisch
02590,Rheinischer Platz,Westviertel,Gemeindestraße,"Essener Geschichte und Ortlichkeit, Platz",,273,automatisch
03738,Rheinstraße,Kettwig,Gemeindestraße,Gewässer,,273,automatisch
02593,Ribbeckstraße,Stadtkern; Östviertel,Gemeindestraße,"Person, Mann, Deutscher, Lehrer, Stadtarchivar, Historiker, Essener Geschichte und Örtlichkeit",,273,automatisch
02594,Richard-Wagner-Straße,Südviertel; Rüttenscheid,Kreisstraße,"Person, Mann, Deutscher, Komponist, Dramatiker, Dichter, Schriftsteller, Theaterregisseur, Dirigent",,273,automatisch
02595,Richterstraße,Altendorf,Gemeindestraße,"Person, Mann, Deutscher, Ressortleiter, Kruppscher Beamter, Siedlung",,273,automatisch
02596,Richtstraße,Dellwig; Frintrop,Gemeindestraße,Lagebezeichnung,,273,automatisch
02597,Riddershofstraße,Kray,Gemeindestraße,Hofname,,273,automatisch
02676,Ridderweg,Kray,Gemeindestraße,"Hofname, Familienname",Riddershofstraße,273,automatisch
02534,Riedheim,Schonnebeck,Gemeindestraße,Botanik,,273,automatisch
02681,Riedingerstraße,Nordviertel,Gemeindestraße,"Person, Mann, Deutscher, Unternehmer, Ballonfahrer",,273,unsicher
02600,Riehlstraße,Frohnhausen,Gemeindestraße,"Person, Mann, Deutscher, Journalist, Novellist, Kulturhistoriker",,274,unsicher
02601,Riekenbank,Schönebeck,Gemeindestraße,Bergbau,,274,automatisch
02602,Riemannstraße,Altendorf,Gemeindestraße,"Person, Mann, Deutscher, Mathematiker",,274,automatisch
02603,Rieselshof,Borbeck-Mitte,Gemeindestraße,Kotten,,274,automatisch
02604,Riesweg,Stadtwald; Rellinghausen,Gemeindestraße,Flurname,,274,automatisch
03739,Rinderbachstraße,Kettwig,Gemeindestraße,Gewässer,,274,automatisch
00587,Rindersberger Mühle,Kettwig,Gemeindestraße,Mühle,,274,automatisch
03740,Ringstraße,Kettwig,Landstraße,Lagebezeichnung,,275,automatisch
02606,Riprechtborn,Rüttenscheid,Gemeindestraße,Hofname,,275,automatisch
02607,Ripshorster Straße,Dellwig,Gemeindestraße,Lehngut,,275,automatisch
02608,Rittergasse,Werden,Gemeindestraße,Lagebezeichnung,,275,automatisch
02685,Robert-Feulgen-Straße,Werden,Gemeindestraße,"Person, Mann, Deutscher, Mediziner, Forscher",,275,automatisch
02609,Robert-Koch-Straße,Holsterhausen,Hauptstraße,"Person, Mann, Deutscher, Mediziner, Mikrobiologe",,275,automatisch
02610,Robert-Schmidt-Straße,Huttrop,Gemeindestraße,"Person, Mann, Deutscher, Verbandsdirektor, Beigeordneter",,275,automatisch
02611,Robert-Schmohl-Platz,Margarethenhöhe,Gemeindestraße,"Person, Mann, Deutscher, Architekt, Prokurist, Kruppscher Beamter, Platz",,275,automatisch
02613,Rodberger Straße,Kupferdreh,Kreisstraße,Honnschaft,,276,automatisch
02614,Rodemannskamp,Altenessen- Süd,Gemeindestraße,Hof-name,,276,automatisch
02615,Rodemannstraße,Altenessen- Süd,Gemeindestraße,Hofname,,276,automatisch
02616,Rodenseelstraße,Kray; Leithe; Freisenbruch,Kreisstraße,Hofname,,276,automatisch
02617,Röckenstraße,Katernberg,Gemeindestraße,Hofname,,276,automatisch
02618,Röhrkestraße,Stoppenberg,Gemeindestraße,Flurname,,276,automatisch
02619,Römerstraße,Altendorf,Gemeindestraße,"Person, Mann, Deutscher, Politiker",,276,automatisch
02684,Römlingweg,Überruhr- Holthausen,Gemeindestraße,Familienname,,276,automatisch
02620,Röntgenplatz,Altendorf,Gemeindestraße,"Person, Mann, Deutscher, Physiker, Platz",,276,automatisch
02621,Röntgenstraße,Altendorf,Gemeindestraße,"Person, Mann, Deutscher, Physiker",Röntgenplatz,276,automatisch
02623,Rötterhoven,Bedingrade,Gemeindestraße,Lagebezeichnung,Rötterhoverbaum,276,automatisch
02624,Rötterhoverbaum,Bedingrade,Gemeindestraße,Lagebezeichnung,,276,automatisch
02625,Röttgersbank,Altenessen- Nord,Gemeindestraße,Bergbau,,277,automatisch
02626,Roggenstraße,Bochold,Gemeindestraße,Botanik,,277,automatisch
02627,Rolandstraße,Südviertel,Gemeindestraße,"Essener Geschichte und Örtlichkeit, Flurname",,277,automatisch
00820,Rolf-Dieter-Koch-Weg,Stoppenberg,Gemeindestraße,"Person, Mann, Deutscher, Ausschußvorsitzender",,277,automatisch
02628,Rollstraße,Dellwig,Gemeindestraße,Eisenbahnwesen,,277,automatisch
03742,Rombecker Weg,Kettwig,Gemeindestraße,,,277,automatisch
02629,Rombergweg,Huttrop,Gemeindestraße,Flurname,,277,automatisch
02630,Rondell,Werden,Gemeindestraße,Lagebezeichnung,,278,automatisch
02631,Roonstraße,Stoppenberg,Gemeindestraße,"Person, Mann, Deutscher, Graf, Generalfeldmarschall",,278,automatisch
02632,Rosastraße,Rüttenscheid,Gemeindestraße,Weiblicher Vorname,,278,unsicher
02633,Xh KIT gi ? f Er Roßkothen - Roßkothenhof um 1939 Rosestraße,Steele,Gemeindestraße,Familienname,,278,unsicher
02661,Rosiepeweg,Freisenbruch,Gemeindestraße,"Hofname, Familien-name",,278,automatisch
02688,Rossenrayweg,Bochold,Gemeindestraße,Industrie und Wirtschaft,,278,automatisch
02634,Roßkothenweg,Haarzopf,Gemeindestraße,Lehngut,,278,automatisch
02635,Roßstraße,Bedingrade,Gemeindestraße,Zoologie,,279,automatisch
00831,Roswithastraße,Rüttenscheid,Gemeindestraße,Weiblicher Vorname,,279,automatisch
02636,Rotemühle,Heisingen,Gemeindestraße,"Essener Geschichte und Örtlichkeit, Mühle, Volksmund",,279,automatisch
02638,Rottekamp,Altenessen- Nord,Gemeindestraße,Flurname,,279,automatisch
02639,Rotthauser Straße,Kray,Landstraße,Stadt und Ort,,279,automatisch
02687,Rottmannshof,Haarzopf,Gemeindestraße,Kotten,,279,automatisch
02640,Rottstraße,Stadtkern,Gemeindestraße,Essener Geschichte und Örtlichkeit,Brandstraße,279,automatisch
02641,Rubensstraße,Holsterhausen,Hauptstraße,"Person, Mann, Flämischer Maler, Malerviertel-Holsterhausen",,279,automatisch
02686,Rudolf-Heinrich-Straße,Borbeck-Mitte,Gemeindestraße,"Person, Mann, Deutscher, Bürgermeister",,279,automatisch
02642,Rudolfstraße,Leithe,Gemeindestraße,"Person, Mann, Deutscher, Friseurmeister",,279,automatisch
02643,Rübezahlstraße,Rellinghausen,Gemeindestraße,Bergbau,,280,automatisch
02644,Rüdesheimer Platz,Frohnhausen,Gemeindestraße,"Stadt und Ort, Platz",,280,automatisch
02645,Rüdesheimer Straße,Frohnhausen,Landstraße,Stadt und Ort,Rüdesheimer Platz,280,automatisch
02682,Rüenkermesweg,Leithe,Gemeindestraße,Flurname,,280,automatisch
02646,Rüggenhofer Weg,Kray,Gemeindestraße,Flurname,,280,automatisch
02647,Rüggenkamp,Stoppenberg,Gemeindestraße,Flurname,,280,automatisch
02648,Rühlestraße,Holsterhausen,Gemeindestraße,"Person, Mann, Deutscher, Mediziner",,280,automatisch
02649,Rüpingsweg,Überruhr-Hinsel; Überruhr-Holthausen,Gemeindestraße,Kotten,,280,automatisch
02650,Rürupstraße,Schonnebeck,Gemeindestraße,"Person, Mann, Deutscher, Bergmann, Syndikatsdirektor, Landtagsabgeordneter, Stadtverordneter, Gewerk-schafter",,280,automatisch
02651,Rüscherie,Holsterhausen,Gemeindestraße,Kotten,,280,automatisch
02652,Rüselstraße,Altendorf,Gemeindestraße,Hofname,,280,automatisch
02653,Rüstermark,Stadtwald,Gemeindestraße,Gemeinheit,,280,automatisch
02654,Rüttelskamp,Bredeney,Gemeindestraße,Flurname,,280,automatisch
02675,Rüttenscheider Stern,Rüttenscheid,Gemeindestraße,"Bauer-schaft, Lagebezeichnung, Platz",,281,automatisch
02656,Rüttenscheider Straße,Rüttenscheid; Südviertel,Gemeindestraße,Bauerschaft,,281,automatisch
02657,Ruhlandplatz,Borbeck- Mitte,Gemeindestraße,"Person, Mann, Deutscher, Betriebsführer, Kruppscher Beamter, Siedlung, Platz",,281,automatisch
02658,Ruhrallee,Südostviertel; Bergerhausen; Huttrop,Bundesstraße; Hauptstraße,Gewässer,,281,automatisch
02659,Ruhrau,Horst,Kreisstraße,Flurname,,281,automatisch
02660,Ruhrbruchshof,Steele,Gemeindestraße,Hofname,,281,automatisch
02662,Ruhrglasstraße,Karnap,Hauptstraße; Gemeindestraße,Industrie und Wirtschaft,,282,unsicher
02663,Ruhrland,Werden,Gemeindestraße,Siedlung,,282,automatisch
01546,Ruhrlandbogen,Kupferdreh,Gemeindestraße,Lagebezeichnung,,282,automatisch
03743,Ruhrstraße,Kettwig,Gemeindestraße,Lagebezeichnung,,282,unsicher
02665,Ruhrtalstraße,Kettwig; Werden,Landstraße,Flurname,,282,automatisch
01616,Ruhrwinkel,Kupferdreh,Gemeindestraße,Siedlung,,282,automatisch
02666,Rullichstraße,Altendorf,Gemeindestraße,"Essener Geschichte und Örtlichkeit, Hofname",,282,automatisch
02667,Rumpstraße,Heisingen,Gemeindestraße,Bergbau,,282,automatisch
02668,Ruschenfeld,Schuir,Gemeindestraße,Hofname,,283,automatisch
02669,Ruschenfeld,Schuir,Gemeindestraße,Hofname,,283,unsicher
02670,Ruschenfeld,Schuir,Gemeindestraße,Hofname,,283,automatisch
02671,Ruschenstraße,Bredeney,Gemeindestraße,"Person, Mann, Deutscher, Landwirt, Beigeordneter",,283,automatisch
02672,Ruthertal,Schuir; Werden,Gemeindestraße,Flurname,,283,automatisch
02673,Rutherweg,Schuir; Werden,Gemeindestraße,Flurname,,283,automatisch
02674,Ruthstraße,Rüttenscheid,Gemeindestraße,Weiblicher Vorname,,283,automatisch
02710,N) Saal,Werden,Gemeindestraße,Hofname,,283,automatisch
02711,Saalestraße,Bergerhausen,Gemeindestraße,Gewässer,,283,automatisch
02712,Saarbrücker Straße,Südostviertel; Huttrop,Gemeindestraße,"Stadt und Ort, Kriegserinnerung",,283,automatisch
02713,Saarplatz,Bergerhausen,Gemeindestraße,"Gewässer, Platz",,283,automatisch
02714,Saarstraße,Bergerhausen,Gemeindestraße,Gewässer,Saarplatz,283,automatisch
02715,Saatbruchstraße,Schonnebeck,Landstraße,Gemeinheit,,284,automatisch
02716,Sabinastraße,Rüttenscheid; Bergerhausen,Gemeindestraße,Weiblicher Vorname,,284,automatisch
02717,Sachsenring,Freisenbruch; Horst,Kreisstraße,Volksstamm,,284,automatisch
02718,Sachsenstraße,Südviertel,Gemeindestraße,Volksstamm,,284,automatisch
02719,Sälzerstraße,Altendorf,Gemeindestraße,Industrie und Wirtschaft,,284,automatisch
02720,Sagenberg,Überruhr-Hinsel,Gemeindestraße,"Sage, Volksmund",,284,automatisch
02725,Salierweg,Überruhr-Hinsel,Gemeindestraße,Volksstamm,Bruktererhang,284,automatisch
02722,Salzmarkt,Stadtkern,Gemeindestraße,"Lagebezeichnung, Platz",Markt,284,automatisch
02723,Sammelband,Kray,Gemeindestraße,Bergbau,,284,automatisch
02724,Samoastraße,Gerschede,Gemeindestraße,Insel,,284,unsicher
01541,Sandmannweg,Katernberg,Gemeindestraße,"Sage, Siedlung",,285,automatisch
02726,Sandstraße,Kupferdreh,Gemeindestraße,Lagebezeichnung,,285,automatisch
02729,Sarnsbank,Heidhausen,Gemeindestraße,Bergbau,,285,automatisch
02730,Sartoriusstraße,Rellinghausen,Gemeindestraße,"Person, Mann, Deutscher, Bürgermeister",,285,automatisch
03003,Saturnstraße,Überruhr- Hinsel,Gemeindestraße,Planet,,285,automatisch
02731,Savelshang,Werden,Gemeindestraße,"Person, Mann, Deutscher, Abt",Bedastraße,285,automatisch
02732,Savignystraße,Holsterhausen,Gemeindestraße,"Person, Mann, Deutscher, Jurist",,285,automatisch
02733,Schacht Jakob,Heisingen,Gemeindestraße,Bergbau,,285,automatisch
02508,Schacht Neu-Cöln,Borbeck- Mitte; Bergeborbeck,Gemeindestraße,"Bergbau, Neustraße (tlw.)",,285,unsicher
03023,Schacht-Franz-Straße,Schönebeck,Gemeindestraße,Bergbau,,285,automatisch
02734,Schacht-Kronprinz-Straße,Schönebeck,Gemeindestraße,Bergbau,,286,automatisch
02736,Schadowstraße,Holsterhausen,Gemeindestraße,"Person, Mann, Deutscher, Maler, Malerviertel-Holsterhausen",,286,automatisch
02737,Schäferstraße,Südviertel,Gemeindestraße,"Person, Mann, Deutscher, Bauunternehmer, Essener Geschichte und Ortlichkeit",,286,automatisch
02738,Schäpenkamp,Steele,Gemeindestraße,Flurname,,286,automatisch
02739,Schaffelhofer Weg,UÜberruhr-Holthausen,Gemeindestraße,Kotten,,286,automatisch
02740,Schafskanzel,Kupferdreh,Gemeindestraße,Lagebezeichnung,,286,automatisch
02741,Schalker Straße,Katernberg,Kreisstraße,Stadt und Ort,,286,automatisch
02742,Schangstraße,Heisingen,Gemeindestraße,"Person, Mann, Deutscher, Lehrer",,286,automatisch
02743,Schaphausstraße,Heidhausen,Gemeindestraße,"Person, Mann, Deutscher, Bürgermeister",,286,automatisch
02744,Scharnhorststraße,Nordviertel,Gemeindestraße,"Person, Mann, Deutscher, General, Kriegserinnerung",,286,automatisch
02745,Scharpenhang,Kupferdreh,Gemeindestraße,Flurname,,286,automatisch
02746,Scharweg,Heisingen,Gemeindestraße,Industrie und Wirtschaft,,287,automatisch
02747,Schatzreichstraße,Rellinghausen,Gemeindestraße,Bergbau,,287,automatisch
02748,Schauinsland,Schuir,Gemeindestraße,Lagebezeichnung,,287,automatisch
03025,Scheckenstraße,Bedingrade,Gemeindestraße,Zoologie,,287,automatisch
02749,Schederhofstraße,Holsterhausen; Südviertel; Westviertel,Gemeindestraße,Hofname,,287,automatisch
02750,Scheebredde,Byfang,Gemeindestraße,Flurname,,287,automatisch
02751,Scheidtmanntor,Steele,Gemeindestraße,Familienname,,287,automatisch
02752,Scheidtstraße,Fulerum,Gemeindestraße,Hofname,,287,automatisch
02753,Scheinstraße,Schönebeck,Gemeindestraße,Lagebezeichnung,,288,automatisch
02754,Schellenbergstraße,Rellinghausen,Gemeindestraße,"Essener Geschichte und Örtlichkeit, Rittersitz",,288,automatisch
02806,Schellingweg,Freisenbruch,Gemeindestraße,"Person, Mann, Deutscher, Philosoph",,288,automatisch
02755,Schellstraße,Stadtwald,Gemeindestraße,Familienname,,288,automatisch
02756,Schemmannsfeld,Frintrop,Gemeindestraße,Flurname,,288,automatisch
02757,Scheppener Weg,Fischlaken,Gemeindestraße,Hofname,,288,automatisch
02758,Scheppmannskamp,Dellwig,Gemeindestraße,Flurname,,289,automatisch
02759,Schetters Busch,Schonnebeck,Gemeindestraße,Hofname,,289,automatisch
02760,Schichtstraße,Altenessen- Nord,Gemeindestraße,Bergbau,,289,automatisch
02761,Schichtstraße,Altenessen- Nord,Gemeindestraße,Bergbau,,289,automatisch
02762,Schiefenberg,Heidhausen,Gemeindestraße,Flurname,,289,automatisch
02763,Schienenspur,Dellwig,Gemeindestraße,Eisenbahnwesen,,289,automatisch
02764,Schildberg,Dellwig; Frintrop,Gemeindestraße,Flurname,,289,automatisch
02765,Schilfstraße,Dellwig,Gemeindestraße,Botanik,,289,automatisch
03745,Schillerstraße,Kettwig,Gemeindestraße,"Person, Mann, Deutscher, Dichter, Philosoph, Historiker",,290,automatisch
02767,Schimmelhofer Ring,Frillendorf,Gemeindestraße,Hofname,,290,automatisch
03007,Schimmelsfeld,Frillendorf,Gemeindestraße,Flurname,,290,automatisch
02768,Schinkelstraße,Südostviertel; Huttrop,Gemeindestraße,"Person, Mann, Deutscher, Architekt, Stadtplaner, Maler, Grafiker, Bühnenbildner",,290,automatisch
02769,Schirnbecker Teiche,Freisenbruch,Gemeindestraße,Gewässer,,290,unsicher
02770,Schlackenstraße,Vogelheim; Altenessen-Süd,Gemeindestraße,Lagebezeichnung,,290,automatisch
02771,Schlägelstraße,Katernberg,Gemeindestraße,"Industrie und Wirtschaft, Bergbau",,290,automatisch
03746,Schlatterstraße,Kettwig,Gemeindestraße,Industrie und Wirtschaft,,290,automatisch
02772,Schleifkottenweg,Margarethenhöhe,Gemeindestraße,Lagebezeichnung,,290,automatisch
02773,Schlenhofstraße,Nordviertel,Gemeindestraße,"Essener Geschichte und Örtlichkeit, Hofname",,290,automatisch
02774,Schlenterstraße,Frintrop,Gemeindestraße,"Person, Mann, Deutscher, Pfarrer",,291,automatisch
02775,Schlettweg,Überruhr- Hinsel,Gemeindestraße,"Person, Mann, Deutscher, Prediger",,291,automatisch
02776,Schleuse,Werden,Gemeindestraße,Gewässer,,291,automatisch
03035,ne eh Schloßstraße - Wasserschloss Borbeck Schliemannstraße,Frohnhausen,Gemeindestraße,"Person, Mann, Deutscher, Kaufmann, Altertumsforscher",,291,unsicher
02777,Schliepersberg,Kupferdreh,Gemeindestraße,Lagebezeichnung,,291,automatisch
02735,Schliepershang,Kupferdreh,Gemeindestraße,Lagebezeichnung,Schliepersberg,291,automatisch
02778,Schliepmühle,Margarethenhöhe,Gemeindestraße,Mühle,Schleifkottenweg,291,automatisch
02779,Schlingmannsweg,Fulerum; Haarzopf,Gemeindestraße,Familienname,,291,automatisch
02780,Schloßaue,Borbeck-Mitte,Gemeindestraße,Wasserschloss,Schloßstraße,291,automatisch
02782,Schloßgarten,Borbeck- Mitte,Gemeindestraße,Wasserschloss,,291,automatisch
02783,Schloßstraße,Borbeck- Mitte; Bedingrade; Frintrop,Hauptstraße,Wasserschloss,,291,automatisch
02784,Schloßwiese,Borbeck- Mitte,Gemeindestraße,Wasserschloss,,292,automatisch
02785,Schluchtstraße,Schönebeck,Gemeindestraße,Lagebezeichnung,,292,automatisch
03030,Schlütersbusch,Burgaltendorf,Gemeindestraße,Flurname,,292,automatisch
02786,Schlüterstraße,Huttrop,Gemeindestraße,"Person, Mann, Deutscher, Architekt, Bildhauer",,292,automatisch
02787,Schlusenkamp,Altenessen- Süd,Gemeindestraße,Flurname,,292,automatisch
03747,Schmachtenbergstraße,Kettwig,Gemeindestraße,Hofname,,292,unsicher
02788,Schmale Straße,Borbeck- Mitte,Gemeindestraße,Lagebezeichnung,,292,automatisch
03266,Schmelze,Horst,Gemeindestraße,Lagebezeichnung,,292,automatisch
02790,Schmemannstraße,Altenessen-Süd,Gemeindestraße,Industrie und Wirtschaft,,292,automatisch
02791,a ı Schmettaustraße,Südostviertel,Gemeindestraße,"Person, Mann, Deutscher, Graf, Oberst, Kriegserinnerung",,293,unsicher
03008,Schmetterlingweg,Horst,Gemeindestraße,Zoologie,,293,automatisch
03028,Schmetzweg,Altenessen- Süd,Gemeindestraße,"Person, Mann, Deutscher, Bauunternehmer, Beigeordneter",,293,automatisch
02792,Schmiedekottenweg,Heisingen,Gemeindestraße,Kotten,,293,automatisch
02793,Schmiedestaße,Westviertel,Gemeindestraße,Essener Geschichte und Örtlichkeit,,293,automatisch
03009,Schmielfeld,Frillendorf,Gemeindestraße,Flurname,,293,automatisch
02794,Schmitzstraße,Altendorf,Gemeindestraße,"Person, Mann, Deutscher, Pfarrer",,293,automatisch
03026,Schnabelstraße,Rellinghausen,Gemeindestraße,Industrie und Wirtschaft,,293,automatisch
02795,Schniedtkamp,Katernberg,Gemeindestraße,Flurname,,293,automatisch
02841,Schnieringshof,Altenessen- Nord,Gemeindestraße,Kotten,,293,automatisch
02796,Schnieringstraße,Altenessen-Nord,Gemeindestraße,Kotten,Schnieringshof,293,automatisch
02797,Schnieringstraße,Altenessen-Nord,Gemeindestraße,Kotten,Schnieringshof,293,unsicher
02798,Schnitterweg,Frintrop; Bedingrade,Gemeindestraße,Lagebezeichnung,,293,automatisch
02799,Schnorrstraße,Holsterhausen,Gemeindestraße,"Person, Mann, Deutscher, Maler, Malerviertel-Holsterhausen",,294,automatisch
02800,Schnütgenstraße,Steele,Gemeindestraße,"Person, Mann, Deutscher, Theologe, Priester, Kunstsammler",,294,automatisch
02801,Schnurstraße,Bergeborbeck,Gemeindestraße,Essener Geschichte und Ortlichkeit,,294,automatisch
02802,Schnutenhausstraße,Huttrop,Gemeindestraße,Hofname,,294,automatisch
02803,Schockenhecke,Karnap,Gemeindestraße,Flurname,,294,automatisch
02804,Schockenhecke,Karnap,Gemeindestraße,Flurname,,294,automatisch
02805,Schölerpad,Altendorf; Bochold,Gemeindestraße,Essener Geschichte und Örtlichkeit,,294,automatisch
02807,Schöllerskampstraße,Kray,Gemeindestraße,Flurname,,295,automatisch
02808,Schönaichstraße,Altendorf,Gemeindestraße,"Person, Mann, Deutscher, Adelstand, Oberbergamtsdirektor",,295,automatisch
02972,Schöne Aussicht,Burgaltendorf,Gemeindestraße,Lagebezeichnung,,295,automatisch
02809,Schönebecker Straße,Schönebeck,Gemeindestraße,Bauerschaft,,295,automatisch
02810,Schöngelegen,Margarethenhöhe,Gemeindestraße,Bergbau,,295,automatisch
02811,Schönleinstraße,Holsterhausen; Rüttenscheid,Gemeindestraße,"Person, Mann, Deutscher, Mediziner",,295,automatisch
02812,Schönscheidts Hof,Kray,Gemeindestraße,Hofname,,295,automatisch
02813,Schönscheidtstraße,Kray; Steele,Hauptstraße,Hofname,Schönscheidts Hof,296,automatisch
03033,Schollbraukring,Altenessen- Süd,Gemeindestraße,Flurname,,296,automatisch
02814,Schollenbroich,Kray,Gemeindestraße,Flurname,,296,automatisch
02815,Schongauerstraße,Holsterhausen,Gemeindestraße,"Person, Mann, Deutscher, Maler, Kupferstecher, Malerviertel- Holsterhausen",,296,automatisch
02816,Schonnebeckhöfe,Katernberg; Schonnebeck,Kreisstraße; Hauptstraße; Gemeindestraße,Hofname,,296,automatisch
02817,Schonnefeldstraße,Altenessen-Süd,Gemeindestraße,Hofname,,296,automatisch
02872,19874 (Große Schopenhauerweg,Freisenbruch,Gemeindestraße,"Person, Mann, Deutscher, Philosoph, Autor, Hochschullehrer",,296,unsicher
02818,Schornstraße,Südviertel,Gemeindestraße,Familienname,,296,automatisch
02820,Schrägbauweg,Kray,Gemeindestraße,Bergbau,,296,automatisch
02822,Schreibzeile,Kray; Leithe,Gemeindestraße,Lagebezeichnung,,297,automatisch
02823,Schroertal,Kupferdreh,Gemeindestraße,Kotten,,297,automatisch
02824,Schubertstraße,Südviertel,Gemeindestraße,"Person, Mann, Österreicher, Komponist",,297,automatisch
02825,Schürenbergstraße,Ostviertel,Gemeindestraße,"Person, Mann, Deutscher, Bauunternehmer, Stadtverordneter",,297,automatisch
03001,Schürenfeld,Altenessen- Nord,Gemeindestraße,Flurname,,297,automatisch
02826,Schürfacker,Bergerhausen,Gemeindestraße,Bergbau,,297,automatisch
02827,Schürmannstraße,Bergerhausen,Gemeindestraße,Hofname,,297,automatisch
02828,Schützdellerweg,Werden,Gemeindestraße,Kotten,,297,automatisch
02829,Schützenbahn,Stadtkern; Ostviertel; Nordviertel,Landstraße,Essener Geschichte und Ortlichkeit,,297,automatisch
02830,Schützkamp,Überruhr- Holthausen,Gemeindestraße,Lagebezeichnung,,297,automatisch
02831,Schuirweg,Schuir; Werden,Landstraße,Honnschaft,,297,automatisch
02833,Schulkirchweg,Bergerhausen,Gemeindestraße,Kirche und Kloster,,298,automatisch
03748,Schulstraße,Kettwig,Gemeindestraße,Lagebezeichnung,,298,automatisch
02835,Schultenkamp,Stoppenberg,Gemeindestraße,Flurname,,298,automatisch
02836,Schultenweg,Freisenbruch,Gemeindestraße,Hofname,,298,automatisch
02837,Schulte-Pelkum-Straße,Huttrop,Gemeindestraße,"Person, Mann, Deutscher, Stadtdechant",,298,automatisch
02838,Schulzstraße,Huttrop,Gemeindestraße,"Person, Mann, Deutscher, Kaufmann",,298,automatisch
03630,Schumannstraße,Kettwig,Gemeindestraße,"Person, Mann, Deutscher, Komponist, Pianist",,299,automatisch
02839,Schurenstraße,Altenessen- Nord,Gemeindestraße,Gewässer,,299,automatisch
02840,Schwaigerstraße,Frohnhausen,Gemeindestraße,"Person, Mann, Deutscher, Betriebsführer, Kruppscher Beamter, Siedlung",,299,automatisch
02842,Schwanenbuschstraße,Huttrop,Gemeindestraße,Lagebezeichnung,,299,automatisch
02843,Schwanenkampstraße,Westviertel,Gemeindestraße,Freigut,,299,automatisch
02844,Schwanhildenhöhe,Stoppenberg,Gemeindestraße,"Person, Frau, Äbtissin",,299,automatisch
02845,Schwanhildenstraße,Stoppenberg,Gemeindestraße,"Person, Frau, Äbtissin",Schwanhildenhöhe,299,unsicher
02846,Schwarzbachstraße,Kray,Gemeindestraße,Gewässer,,300,automatisch
02847,Schwarze Horn,Stadtkern,Gemeindestraße,Lagebezeichnung,,300,unsicher
02849,Schwarze Meer,Stadtkern,Gemeindestraße,"Essener Geschichte und Örtlichkeit, Flurname",,300,automatisch
02850,Schwarze Straße,Altenessen- Süd,Gemeindestraße,Volksmund,,300,automatisch
02848,Schwarze-Lenen-Weg,Stadtwald,Gemeindestraße,"Person, Frau, Deutsche, Wirtin",,300,automatisch
03029,Schwarzensteinweg,Burgaltendorf,Gemeindestraße,Familienname,,300,automatisch
02851,Schwelmhöfe,Kray,Gemeindestraße,Familienname,,300,automatisch
02852,Schweriner Straße,Frohnhausen,Gemeindestraße,Stadt und Ort,,300,automatisch
02853,Schwermannstraße,Kupferdreh,Gemeindestraße,"Person, Mann, Deutscher, Geistlicher",,300,automatisch
02854,Sedanstraße,Südostviertel,Gemeindestraße,Kriegserinnerung,,300,automatisch
02855,Seestraße,Frintrop,Gemeindestraße,Gewässer,,300,automatisch
02856,Segerothstraße,Nordviertel; Westviertel,Landstraße,"Flurname, Essener Geschichte und Ortlichkeit",,300,automatisch
02857,Seibertzstraße,Frohnhausen,Gemeindestraße,"Person, Mann, Deutscher, Jurist, Historiker",,301,automatisch
02858,SeidIstraße,Huttrop,Gemeindestraße,"Person, Mann, Deutscher, Architekt",,301,automatisch
02859,Seippelweg,Bredeney,Gemeindestraße,"Person, Mann, Deutscher, Beigeordneter",,301,automatisch
03005,Selbachstraße,Überruhr- Hinsel,Gemeindestraße,"Person, Mann, Deutscher, Beigeordneter",,301,automatisch
02860,Sellscheidt,Fischlaken,Gemeindestraße,Kotten,,302,automatisch
02861,Selmastraße,Stadtkern,Gemeindestraße,"Person, Frau, Deutsche, Essener Geschichte und ÖOrtlichkeit",,302,automatisch
02862,Seminarstraße,Huttrop,Gemeindestraße,Lagebezeichnung,,302,automatisch
02863,Semperstraße,Huttrop; Südostviertel,Gemeindestraße,"Person, Mann, Deutscher, Architekt, Kunsthistoriker",,302,automatisch
03749,Sengelmannsweg,Kettwig,Gemeindestraße,Lehngut,,302,automatisch
03750,Sengenholzer Weg,Kettwig,Gemeindestraße,Hofname,,302,automatisch
02864,Serlostraße,Altendorf,Gemeindestraße,"Person, Mann, Deutscher, Ministerialdirektor",,302,automatisch
02866,Sessenbergstraße,Ost-viertel,Gemeindestraße,"Essener Geschichte und Örtlichkeit, Flurname",,302,automatisch
02867,Seumannstraße,Altenessen- Süd; Stoppenberg,Gemeindestraße,Hofname,,302,automatisch
02868,Sevenarstraße,Ostviertel,Gemeindestraße,"Essener Geschichte und Örtlichkeit, Familienname",,303,automatisch
02869,Severinstraße,Ostviertel,Gemeindestraße,"Essener Geschichte und Örtlichkeit, Familienname",,303,automatisch
02870,Sevinghauser Weg,Freisenbruch,Gemeindestraße,Stadt und Ort,,303,automatisch
02871,Sibyllastraße,Rüttenscheid,Gemeindestraße,Weiblicher Vorname,,303,automatisch
00718,Siebrechtweg,Altenessen- Nord,Gemeindestraße,"Person, Mann, Deutscher, Gerichtsassessor",,303,automatisch
02875,Siegfriedstraße,Kray,Gemeindestraße,Sage,,303,automatisch
02876,Sieglindenstraße,Kray,Gemeindestraße,Sage,,303,automatisch
02066,Siegstraße,Bergerhausen,Gemeindestraße,Gewässer,,303,automatisch
02878,Siemensstraße,Altendorf,Gemeindestraße,"Person, Mann, Deutscher, Erfinder, Elektrotechniker, Industrieller",,303,automatisch
02879,Siepenblick,Huttrop,Gemeindestraße,Lagebezeichnung,Siepenstraße,303,automatisch
02880,Siepenstraße,Huttrop; Bergerhausen,Gemeindestraße,Botanik,,303,automatisch
02881,Siepmanns Kamp,Frohnhausen,Gemeindestraße,Kotten,,304,automatisch
02882,Sigambrerweg,Karnap,Gemeindestraße,Volksstamm,,304,automatisch
02874,In der Nähe der Arminiusgarten! Sigsfeldstraße,Nordviertel,Gemeindestraße,"Person, Mann, Deutscher, Erfinder, Ballonfahrer",,304,unsicher
02883,Silberbankstraße,Rellinghausen,Gemeindestraße,Bergbau,,304,automatisch
02884,Silberstraße,Ostviertel,Gemeindestraße,Essener Geschichte und Örtlichkeit,,304,automatisch
02885,Simonaue,Werden,Gemeindestraße,"Person, Frau, Deutsche, Sozialhelferin",,304,automatisch
02886,Simsonstraße,Holsterhausen,Gemeindestraße,"Person, Mann, Deutscher, Jurist, Politiker",,304,automatisch
02887,Singscheider Höhe,Kupferdreh,Gemeindestraße,Flurname,,304,automatisch
02889,Singscheider Weg,Kupferdreh,Gemeindestraße,Lehngut,,304,automatisch
02890,Skagerrakstraße,Südviertel,Gemeindestraße,Kriegserinnerung,,304,automatisch
02892,Söllingstraße,Ostviertel,Gemeindestraße,"Person, Mann, Deutscher, Kaufmann, Stadtverordneter, Ehrenbürger",,304,automatisch
03024,Söllockweg,Dellwig,Gemeindestraße,Flurname,,305,automatisch
02893,Soester Straße,Kray,Gemeindestraße,Stadt und Ort,,305,automatisch
02894,Sollwiesenbusch,Kupferdreh,Gemeindestraße,Flurname,,305,automatisch
02895,Sommerburgstraße,Margaretenhöhe,Kreisstraße,Flurname,,305,automatisch
03752,Sommersberg,Kettwig,Gemeindestraße,Lagebezeichnung,,305,automatisch
02896,Sonderfeld,Überruhr-Hinsel,Gemeindestraße,Flurname,,305,automatisch
02909,Sonderwerkstraße,Fulerum,Gemeindestraße,Bergbau,,305,automatisch
03036,Soniusweg,Heisingen,Gemeindestraße,"Person, Mann, Deutscher, Abt",,305,automatisch
02897,Sonnenblick,Margarethenhöhe,Gemeindestraße,Lagebezeichnung,,305,automatisch
02898,Sonnenscheinsweg,Haarzopf,Gemeindestraße,Kotten,,305,automatisch
02899,Sonnenstraße,Heisingen,Gemeindestraße,Lagebezeichnung,,305,automatisch
01609,Sonnenweg,Katernberg,Gemeindestraße,Lagebezeichnung,,305,automatisch
02900,Sophienstraße,Rüttenscheid,Gemeindestraße,Weiblicher Vorname,,305,automatisch
02901,Spakenbroich,Karnap,Gemeindestraße,Flurname,,305,automatisch
02902,Spanierwehr,Karnap,Gemeindestraße,Kriegserinnerung,,305,automatisch
00955,Spechtweg,Burgaltendorf,Gemeindestraße,Zoologie,Amselweg,306,automatisch
02904,Sperberstraße,Stadtwald,Gemeindestraße,Zoologie,,306,automatisch
02949,Spervogelweg,Freisenbruch,Gemeindestraße,"Person, Mann, Deutschen, Minnesängerr",,306,unsicher
03002,Spieckermannstraße,Fulerum,Gemeindestraße,Behandigungsgut,,306,automatisch
02907,Spiekbank,Heisingen,Gemeindestraße,Bergbau,,306,automatisch
03011,Spiekeroogweg,Margarethenhöhe,Gemeindestraße,Insel,,306,automatisch
03012,Spielkampshof,Haarzopf; Margarethenhöhe,,Hofname,,306,unsicher
02908,Spielkampsweg,Haarzopf,Gemeindestraße,Hofname,Spielkampshof,307,automatisch
02910,Spillenburgstraße,Bergerhausen; Huttrop; Steele,Gemeindestraße,Mühle,,307,automatisch
02911,Spillheide,Heidhausen,Gemeindestraße,Kotten,,307,automatisch
02912,Spindelgang,Werden,Gemeindestraße,Industrie und Wirtschaft,,307,automatisch
03027,Spindelmannstraße,Altenessen-Süd,Gemeindestraße,"Person, Mann, Deutscher, Kaufmann",,307,automatisch
03013,Spinozastraße,Freisenbruch,Gemeindestraße,"Person, Mann, Niederländer, Philosoph",,308,automatisch
02913,Spittlerstraße,Frohnhausen,Gemeindestraße,"Person, Mann, Deutscher, Historiker",,308,automatisch
02914,Sponheuerstraße,Altenessen-Süd,Gemeindestraße,Kotten,,308,automatisch
02915,Spreestraße,Bergerhausen,Gemeindestraße,Gewässer,,308,automatisch
03753,Springberg,Kettwig,Gemeindestraße,Flurname,,308,automatisch
03004,Springhoffsfeld,Überruhr- Hinsel,Gemeindestraße,Hofname,,308,automatisch
02916,Springloh,Heisingen,Gemeindestraße,Flurname,,308,automatisch
02917,Springmannstraße,Stoppenberg,Gemeindestraße,"Person, Frau, Deutsche, Siedlung",,309,automatisch
02918,Spritzenstraße,Altenessen- Nord,Gemeindestraße,Lagebezeichnung,,309,automatisch
02727,St. Annental,Bergerhausen; Rellinghausen,Gemeindestraße,Kirche und Kloster,,309,automatisch
02728,St.-Ingbert-Höhe,Leithe,Gemeindestraße,Stadt und Ort,Merziger Aue,309,automatisch
02919,Stadtfeld,Altenessen-Süd,Gemeindestraße,Flurname,,309,automatisch
02921,Stadtwaldplatz,Stadtwald,Landstraße,"Lagebezeichnung, Platz",,309,automatisch
02922,Stadtwaldwende,Stadtwald,Gemeindestraße,Lagebezeichnung,,309,automatisch
02923,Staelsfeld,Heisingen,Gemeindestraße,Flurmame,,310,automatisch
02924,Stahlstraße,Westviertel,Gemeindestraße,Essener Geschichte und Ortlichkeit,,310,automatisch
02925,Stakenholt,Altenessen- Nord,Gemeindestraße,Flurname,,310,automatisch
02926,Stankeitstraße,Altenessen- Süd,Gemeindestraße,"Person, Mann, Deutscher, Bürgermeisten",,310,automatisch
02927,Stapenhorststraße,Altenessen-Nord,Gemeindestraße,"Person, Mann, Deutscher, Direktor",,310,automatisch
02928,Stattropstraße,Huttrop,Gemeindestraße,Behandigungsgut,,310,automatisch
03014,Stauderstraße,Katernberg; Altenessen-Süd,Landstraße,Stauderstraße - Stauderbrauerei vor dem Ersten Weltkrieg Familiename,,310,automatisch
02929,Stauseebogen,Heisingen,Gemeindestraße,Lagebezeichnung,,311,automatisch
02930,Steegstraße,Bochold,Gemeindestraße,Lagebezeichnung,,311,automatisch
00338,Steeler Bergstraße,Steele,Gemeindestraße,Lagebezeichnung,,311,automatisch
02932,Steeler Pfad,Kray; Steele,Gemeindestraße,Lagebezeichnung,Steeler Straße,311,automatisch
02933,Steeler Platz,Steele,Gemeindestraße,"Lagebezeichnung, Platz",Steeler Straße,311,automatisch
02934,Steeler Straße,Stadtkern; Ostviertel; Südostviertel; Huttrop; Steele,Landstraße; Gemeindestraße,Stadt und Ort,,311,unsicher
02935,Steigerstraße,Altenessen- Nord,Gemeindestraße,Bergbau,,311,automatisch
02937,Steille Straße,Margarethenhöhe,Gemeindestraße,Lagebezeichnung,,312,automatisch
02936,Steiler Garten,Schonnebeck,Gemeindestraße,Lagebezeichnung,,312,automatisch
02938,Steinbeck,Heidhausen; Werden,Gemeindestraße,Familiename,,312,automatisch
02939,Steinberg,Bredeney,Gemeindestraße,Flurname,,312,automatisch
02940,Steinbrink,Bochold,Gemeindestraße,Flurname,,312,automatisch
02941,Steinerweg,Altenessen-Nord,Gemeindestraße,Kotten,,312,automatisch
03032,Steingatt,Burgaltendorf,Gemeindestraße,Bergbau,,312,automatisch
02942,Steingröverstraße,Stoppenberg,Gemeindestraße,"Person, Mann, Deutscher, Bergwerksdirektor, Kruppscher Beamter, Stadtverordneter, Siedlung",,312,automatisch
02943,Steinhagen,Steele,Gemeindestraße,Flurname,,312,automatisch
02944,Steinhausenstraße,Holsterhausen,Gemeindestraße,"Person, Mann, Deutscher, Maler, Lithograf, Malerviertel-Holsterhausen",,312,automatisch
02945,Steinkuhle,Bergerhausen,Gemeindestraße,Lagebezeichnung,,312,automatisch
02946,Steinland,Kray,Gemeindestraße,Flurname,,312,automatisch
02947,Steinmannshofstraße,Schonnebeck,Gemeindestraße,Hofname,,312,automatisch
02948,& Steinmetzstraße,Südostviertel,Gemeindestraße,"Person, Mann, Deutscher, Generalfeldmarschall",,313,unsicher
03006,Steinpfad,Gerschede,Gemeindestraße,Volksmund,,313,automatisch
03285,Steinplatz,Südviertel,Gemeindestraße,"Industrie und Wirtschaft, Platz",,313,automatisch
02950,Steins Feld,Haarzopf,Gemeindestraße,Flurname,,313,automatisch
02951,Steinstraße,Südviertel,Gemeindestraße,Essener Geschichte und Örtlichkeit,,313,automatisch
03754,Steinweg,Kettwig,Gemeindestraße,Lagebezeichnung,,313,automatisch
02952,Stemmering,Heisingen,Gemeindestraße,Flurname,,313,automatisch
03015,Stenkamps Busch,Bedingrade; Frintrop,Gemeindestraße,Behandigungsgut,,313,automatisch
03016,Stensbeckhof,Bedingrade,Gemeindestraße,Behandigungsgut,,314,automatisch
02953,Stensstraße,Margarethenhöhe,Gemeindestraße,Hofname,,314,automatisch
02954,Stenzelstraße,Frohnhausen,Gemeindestraße,"Person, Mann, Deutscher, Geschichtsforscher",,314,automatisch
01613,Stephan-Tembories-Ring,Heidhausen,Gemeindestraße,"Person, Mann, Deutscher, Theologe",,314,automatisch
02955,Stephensonstraße,Frohnhausen,Gemeindestraße,"Person, Mann, Engländer, Konstrukteur, Eisenbahnwesen",,314,automatisch
02956,Sterkrader Straße,Altendorf,Gemeindestraße,Stadt und Ort,,314,automatisch
02957,Sternstraße,Burgaltendorf,Gemeindestraße,Lagebezeichnung,Am Stern,314,automatisch
01610,Sterntalerweg,Katernberg,Gemeindestraße,Märchen,,314,automatisch
03017,Stettiner Straße,Frohnhausen,Gemeindestraße,Stadt und Ort,,314,automatisch
02958,Steubenstraße,Südostviertel,Gemeindestraße,"Person, Mann, Deutscher, Offizier",,314,automatisch
02959,Stevens Kamp,Huttrop,Gemeindestraße,Familienname,,315,automatisch
02960,Stiege,Schonnebeck,Gemeindestraße,Lagebezeichnung,,315,automatisch
02961,Stiege,Schonnebeck,Gemeindestraße,Lagebezeichnung,,315,unsicher
02962,Stiege,Schonnebeck,Gemeindestraße,Lagebezeichnung,,315,unsicher
02963,Stiftbusch,Stadtwald,Gemeindestraße,Botanik,,315,automatisch
02964,Stiftmühlenbrink,Stadtwald,Gemeindestraße,Mühle,,315,automatisch
02965,Stiftplatz,Rellinghausen,Gemeindestraße,"Essener Geschichte und Örtlichkeit, Platz",,315,automatisch
02966,Stiftsdamenwald,Stoppenberg,Gemeindestraße,Flurname,,315,automatisch
02967,Stiftstraße,Stadtwald,Gemeindestraße,Essener Geschichte und Örtlichkeit,Stiftplatz,315,automatisch
01098,Stiller Weg,Margarethenhöhe,Gemeindestraße,Lagebezeichnung,,315,automatisch
02968,Stinnesstraße,Karnap,Hauptstraße,"Person, Mann, Deutscher, Reeder, Industrieller",,315,automatisch
02969,Stobbestraße,Holsterhausen,Gemeindestraße,"Person, Mann, Deutscher, Rechtshistoriker",,315,automatisch
03022,Stockkampweg,Frintrop,Gemeindestraße,Kotten,,315,automatisch
02970,Stocksiepen,Bredeney,Gemeindestraße,Flurname,,316,automatisch
03010,Stöckmannweg,Frintrop,Gemeindestraße,Familienname,,316,automatisch
03018,Stoetzelweg,Schönebeck,Gemeindestraße,"Person, Mann, Deutscher, Bergmann",,316,automatisch
02971,Stolbergstraße,Borbeck- Mitte; Bergeborbeck,Kreisstraße; Gemeindestraße,"Person, Mann, Deutscher, Graf, Dichter",,316,automatisch
03019,Stolzingweg,Leithe,Gemeindestraße,"Person, Mann, Deutscher, Meistersinger",,316,automatisch
02973,Stoppenberger Platz,Stoppenberg,Gemeindestraße,"Bauerschaft, Platz",,316,automatisch
02974,Stoppenberger Straße,Nordviertel; Ostvierte!; Stoppenberg,Landstraße,Bauerschaft,Stoppenberger Platz,316,automatisch
02975,Stornefranzstraße,Heisingen,Gemeindestraße,Bergbau,,316,automatisch
00709,Storpplatz,Südostviertel,Gemeindestraße,"Kotten, Platz",,316,automatisch
02976,Storpstraße,Südostviertel,Gemeindestraße,Kotten,,316,automatisch
02977,Stotznocken,Werden,Gemeindestraße,Flurname,,317,automatisch
03677,Strängerstraße,Kettwig,Gemeindestraße,"Person, Mann, Deutscher, Schornsteinfeger",,317,automatisch
01602,Straßburger Straße,Rüttenscheid,Gemeindestraße,Stadt und Ort,,317,automatisch
02978,Stratmanns Hang,Gerschede,Gemeindestraße,Hofname,,317,automatisch
02979,Streckweg,Frintrop,Gemeindestraße,Eiienbahnwesen,,317,automatisch
02980,Strickerstraße,Vogelheim,Gemeindestraße,Industrie und Wirtschaft,,317,automatisch
02981,Strouxpfad,Stadtwald,Gemeindestraße,"Person, Mann, Deutscher, Konstrukteur, Kruppscher Beamter, Siedlung",,317,automatisch
02983,Strünksweg,Altenessen-Nord,Gemeindestraße,Kotten,,317,automatisch
02984,Stubbenkamp,Kray,Gemeindestraße,Flurname,,317,automatisch
02985,Stubertal,Fulerum; Haarzopf,Gemeindestraße,Flurname,,317,automatisch
02986,Stüfken,Fischlaken,Gemeindestraße,Flurname,,317,automatisch
02987,Stüpertweg,Bergerhausen,Gemeindestraße,Bergbau,,318,automatisch
02988,Stüvestraße,Frohnhausen,Gemeindestraße,"Person, Mann, Deutscher, Jurist, Historiker, Politiker",,318,automatisch
02989,Sturmshof,Karnap,Hauptstraße,Hofname,,318,automatisch
02990,Styrumer Straße,Altendorf,Gemeindestraße,Stadt und Ort,,318,automatisch
02991,Suarezstraße,Holsterhausen,Gemeindestraße,"Person, Mann, Deutscher, Jurist",,318,automatisch
02992,Süderichstraße,Nordviertel,Gemeindestraße,"Essener Geschichte und Örtlichkeit, Flurname",,318,automatisch
02993,Südseestraße,Gerschede,Gemeindestraße,Stadt und Ort,,318,automatisch
02994,Süthers Garten,Rüttenscheid,Gemeindestraße,"Person, Mann, Deutscher, Schmied",,318,automatisch
03034,Suitbertstraße,Überruhr- Holthausen,Gemeindestraße,Kirche und Kloster,,318,automatisch
02995,Sulterkamp,Bergeborbeck,Hauptstraße,Flurname,,318,automatisch
02996,Sulzbachtal,Leithe,Gemeindestraße,Gewässer,,318,automatisch
03020,Sunderlandstraße,Huttrop,Gemeindestraße,"Stadt und Ort, Partnerstadt",,318,automatisch
02997,Sundernholz,Stadtwald,Gemeindestraße,Botanik,,319,unsicher
02998,Sursstraße,Altendorf,Gemeindestraße,Hofname,,319,automatisch
02999,Susannastraße,Rüttenscheid,Gemeindestraße,Weiblicher Vorname,,319,automatisch
03000,Sybelstraße,Frohnhausen,Gemeindestraße,"Person, Mann, Deutscher, Historiker, Politiker",,319,automatisch
03021,Sylviastraße,Rüttenscheid,Gemeindestraße,Weiblicher Vorname,,319,unsicher
03041,Talbogen,Bredeney,Gemeindestraße,Lagebezeichnung,,319,automatisch
03042,Talstraße,Burgaltendorf,Gemeindestraße,Lagebezeichnung,,319,automatisch
03112,Tamperestraße,Steele,Gemeindestraße,"Partnerstadt, Stadt und Ort",,319,automatisch
03043,Tangabucht,Gerschede,Gemeindestraße,Stadt und Ort,,319,automatisch
03044,Tannenberg,Werden,Gemeindestraße,Flurname,,319,automatisch
03045,Tannscheidtweg,Heisingen,Gemeindestraße,Flurname,,319,automatisch
03046,Taubenstraße,Burgaltendorf,Gemeindestraße,Zoologie,,319,automatisch
03047,Taunusbogen,Bredeney,Gemeindestraße,Stadt und Ort,,319,automatisch
03048,Tauweg,Dellwig,Gemeindestraße,Lagebezeichnung,,319,automatisch
03049,Teichstraße,Stadtkern,Gemeindestraße,Essener Geschichte und Örtlichkeit,,320,automatisch
03050,Teilungsweg,Altenessen-Nord,Gemeindestraße,Lagebezeichnung,,320,automatisch
03051,Teisselsberg,Frintrop,Gemeindestraße,Flurname,,320,automatisch
03052,Teisselstraße,Frintrop,Gemeindestraße,Flurname,,320,automatisch
03053,Tempelhof,Kray,Gemeindestraße,Kotten,,320,automatisch
01131,Tenderweg,Altenessen- Süd,Gemeindestraße,Industrie und Wirtschaft,,320,automatisch
03114,Ten-Hövel-Weg,Heisingen,Gemeindestraße,"Person, Mann, Deutscher, Bürgermeister",,320,automatisch
03054,Terbeckstraße,Bergerhausen,Gemeindestraße,Hofname,Schürmannstraße,320,automatisch
03055,Termeerhöfe,Katernberg,Gemeindestraße,Hofname,,320,automatisch
03056,Termiedenhof,Bochold,Gemeindestraße,Hofname,,321,automatisch
03057,Tersteegenweg,Haarzopf,Gemeindestraße,"Person, Mann, Deutscher, Geistlicher, Schriftsteller",,321,automatisch
03105,Terwestenweg,Katernberg,Gemeindestraße,Hofname,,321,automatisch
03106,Terwestenweg,Katernberg,Gemeindestraße,Hofname,,321,unsicher
03107,Terwestenweg,Katernberg,Gemeindestraße,Hofname,,321,unsicher
03058,Teutoburger Weg,Kray,Gemeindestraße,Bergbau,,321,automatisch
01142,Thea-Leymann-Straße,Westviertel,Gemeindestraße,"Person, Frau, Deutsche, Dozentin",,321,automatisch
03059,Theaterplatz,Stadtkern,Gemeindestraße,"Essener Geschichte und Örtlichkeit, Platz",,322,automatisch
03060,Theklastraße,Rüttenscheid,Gemeindestraße,Weiblicher Vorname,,322,automatisch
03061,Theobaldstraße,Katernberg,Gemeindestraße,"Person, Mann, Deutscher, Bergbau",,322,automatisch
03108,Theodor-Althoff-Straße,Bredeney; Schuir,Gemeindestraße,"Person, Mann, Deutscher, Kaufmann, Industrieller",,322,automatisch
03757,Theodor-Fontane-Weg,Kettwig,Gemeindestraße,"Person, Mann, Deutscher, Schriftsteller",,322,automatisch
03109,Theodor-Hartz-Straße,Bochold,Landstraße,"Person, Mann, Deutscher, Geistlicher",,322,automatisch
00583,Theodor-Heuss-Brücke,Heisingen; Byfang,Autobahn,"Person, Mann, Politiker, Deutscher, Bundespräsident",,322,automatisch
03110,Theodor-Pyls-Straße,Stoppenberg,Gemeindestraße,"Person, Mann, Deutscher, Geistlicher",,322,automatisch
03062,Theodorstraße,Nordviertel,Gemeindestraße,"Essener Geschichte und Örtlichkeit, Männlicher Vorname",Ostermannstraße,323,automatisch
03064,Therbeckenring,Schönebeck,Gemeindestraße,Hofname,,323,automatisch
03063,Theresenstraße,Rüttenscheid,Gemeindestraße,Weiblicher Vorname,,323,automatisch
03065,Thielenplatz,Holsterhausen,Gemeindestraße,"Person, Mann, Deutscher, Politiker, Kruppscher Beamter, Platz",,323,automatisch
03758,Thiemannstraße,Kettwig,Gemeindestraße,"Person, Mann, Deutscher, Bürgermeister",,323,automatisch
03066,Thiesbürgerweg,Frohnhausen,Gemeindestraße,Kotten,,323,automatisch
03067,Thiesstraße,Altenessen- Nord,Gemeindestraße,"Person, Mann, Deutscher, Bergbau",,323,automatisch
03068,Thingstraße,Huttrop,Gemeindestraße,Volksmund,,323,automatisch
01547,Tholshof,Kupferdreh,Gemeindestraße,Hofname,,323,automatisch
03069,Tholstraße,Altendorf,Gemeindestraße,"Hofname, Essener Geschichte und Örtlichkeit",,323,automatisch
03070,Thusneldaplatz,Karnap,Gemeindestraße,"Person, Frau, Germanischer Stamm, Platz",,323,automatisch
03071,Tholstraße - Hof Thol Thusneldastraße,Karnap,Gemeindestraße,"Person, Frau, Germanischer Stamm",Thusneldaplatz,323,unsicher
00827,ThyssenKrupp Allee,Westviertel,Gemeindestraße,Industrie und Wirtschaft,,324,automatisch
03072,Tiefbaustraße,Altenessen- Nord,Gemeindestraße,Bergbau,,324,automatisch
03073,Tiefenbruchstraße,Altenessen-Süd,Gemeindestraße,Flurname,,324,automatisch
03074,Tiefer Weg,Margarethenhöhe,Gemeindestraße,Lagebezeichnung,,324,automatisch
03075,Tiegelstraße,Nordviertel,Gemeindestraße,Industrie und Wirtschaft,,324,automatisch
03076,Tiemannleite,Leithe,Gemeindestraße,Hofname,,324,automatisch
03077,Tiergarten,Werden,Gemeindestraße,Flurname,,324,automatisch
03078,Timpestraße,Karnap,Gemeindestraße,Kotten,,324,automatisch
03080,Töpferstraße,Huttrop; Bergerhausen,Landstraße,Industrie und Wirtschaft,,324,automatisch
03082,Tommesweg,Haarzopf,Gemeindestraße,Kotten,,324,automatisch
03083,Tonstraße,Bedingrade,Gemeindestraße,Lagebezeichnung,,324,automatisch
03084,Tossens Büschken,Horst; Freisenbruch,Gemeindestraße,Hofname,,325,automatisch
03085,Towersgarten,Werden,Gemeindestraße,Flurname,,325,automatisch
03086,Tränke,Altenessen-Nord,Gemeindestraße,Gewässer,,325,automatisch
03087,Trappenbergstraße,Bredeney; Stadtwald,Gemeindestraße,Flurname,,325,automatisch
03088,Trautes Heim,Margarethenhöhe,Gemeindestraße,Lebensgefühl,,325,automatisch
03089,Treibweg,Überruhr-Hinsel,Gemeindestraße,Lagebezeichnung,,325,automatisch
03091,Trentelgasse,Stadtkern,Gemeindestraße,Essener Geschichte und Örtlichkeit,,325,automatisch
02051,Treidelplatz,Werden,Gemeindestraße,Essener Geschichte und Ortlichkeit,,325,automatisch
03092,Trierer Straße,Frohnhausen,Gemeindestraße,Stadt und Ort,,325,automatisch
03093,Triftstraße,Bedingrade; Gerschede,Gemeindestraße,Lagebezeichnung,,325,automatisch
03094,Troststraße,Bochold,Gemeindestraße,Lebensgefühl,,325,automatisch
02533,Tuchmacherplatz,Kettwig,Gemeindestraße,"Industrie und Wirtschaft, Platz",,325,automatisch
03095,Tuchmachersteig,Werden,Gemeindestraße,Industrie und Wirtschaft,,325,automatisch
03081,Tübbingweg,Kray,Gemeindestraße,Industrie und Wirtschaft,,326,automatisch
03096,Tüschener Weg,Heidhausen,Gemeindestraße,Lagebezeichnung,,326,automatisch
03097,Tulpenweg,Rüttenscheid; Bredeney,Gemeindestraße,Botanik,Blumenkamp,326,automatisch
03098,Tunnelstraße,Dellwig,Gemeindestraße,Lagebezeichnung,,326,automatisch
03100,Turmstraße,Stadtkern; Westviertel,Gemeindestraße,Essener Geschichte und Örtlichkeit,,326,automatisch
03101,Turnerweg,Stoppenberg,Gemeindestraße,Siedlung,,327,automatisch
03102,Tuttmannstraße,Stoppenberg,Gemeindestraße,Hofname,,327,automatisch
03103,Twentmannstraße,Altenessen-Süd; Stoppenberg,Gemeindestraße,Behandigungsgut,,327,automatisch
03104,Twingenbergplatz,Huttrop,Gemeindestraße,"Person, Mann, Deutscher, Platz",,328,automatisch
03140,Überruhrstraße,Überruhr- Hinsel; Überruhr-Holthausen; Burgaltendorf,Landstraße; Gemeindestraße,Lagebezeichnung,,328,automatisch
03142,Ückendorfer Straße,Katernberg,Kreisstraße; Gemeindestraße,Bauerschaft,,328,automatisch
01883,Uferpromenade,Altendorf,Gemeindestraße,Lagebezeichnung,,328,automatisch
03143,Uhdestraße,Holsterhausen,Gemeindestraße,"Person, Mann, Deutscher, Kavallerieoffizierr, Maler, Malerviertel- Holsterhausen",,328,automatisch
03760,nn Uhlandstraße,Kettwig,Gemeindestraße,"Person, Mann, Deutscher, Dichter, Germanist",,328,unsicher
03145,Uhlenbank,Überruhr- Holthausen,Gemeindestraße,Bergbau,,328,automatisch
03146,Uhlendahlweg,Horst,Gemeindestraße,Flurname,,328,automatisch
03147,Uhlenhautstraße,Frohnhausen,Gemeindestraße,"Person, Mann, Deutscher, Ingenieur, Kruppscher Beamter, Siedlung",,328,automatisch
03148,Uhlenkruggarten,Stadtwald,Gemeindestraße,Lagebezeichnung,,328,automatisch
03149,Uhlenstraße,Heisingen,Gemeindestraße,Kotten,,328,automatisch
03141,Ulmengarten,Stadtwald,Gemeindestraße,Botanik,Ulmenhof,328,automatisch
03164,Ulmenhang,Stadtwald,Gemeindestraße,Botanik,Ulmenhof,328,automatisch
03151,Ulmenhof,Stadtwald,Gemeindestraße,"Botanik, Siedlung",,328,automatisch
03152,Ulmenstraße,Stadtwald,Gemeindestraße,Botanik,,329,automatisch
03153,Umstraße,Werden; Fischlaken,Gemeindestraße,Lagebezeichnung,,329,automatisch
03166,Universitätsstraße,Nordviertel,Gemeindestraße,Essener Geschichte und Örtlichkeit,,329,automatisch
03155,Unsuhrstraße,Altenessen- Süd,Landstraße,Flurname,,329,automatisch
03156,Unterbergstraße,Kray,Gemeindestraße,Hofname,,329,automatisch
03157,Unterdorfstraße,Altendorf,Gemeindestraße,Lagebezeichnung,Oberdorfstraße,329,automatisch
03158,Untere Fuhr,Bergerhausen,Gemeindestraße,Lagebezeichnung,,329,automatisch
03159,Unterer Pustenberg,Werden,Gemeindestraße,Lagebezeichnung,Oberer Pustenberg,329,automatisch
03160,Unterer Schloßhang,Borbeck-Mitte,Gemeindestraße,Lagebezeichnung,,329,automatisch
03761,Unterlehberg,Kettwig,Gemeindestraße,Kotten,,329,automatisch
00701,Unterm Sternenzelt,Rüttenscheid,Gemeindestraße,Lebensgefühl,,330,automatisch
03161,Unterstraße,Frintrop,Hauptstraße,Flurname,,330,automatisch
03163,Uranusstraße,Überruhr- Hinsel,Gemeindestraße,Planet,,330,automatisch
03165,Urbachstraße,Werden,Gemeindestraße,"Person, Mann, Deutscher, Maler",,330,automatisch
03162,Ursulastraße,Rüttenscheid,Gemeindestraße,Weibliche Vornamen,,330,automatisch
03262,Vaestestraße,Burgaltendorf,Gemeindestraße,Hofname,,330,automatisch
03200,Valentinenstraße,Rüttenscheid,Gemeindestraße,Weiblicher Vorname,,330,automatisch
03201,Varnhorststraße,Stadtkern; Ostviertel,Landstraße,"Essener Geschichte und Örtlichkeit, Familienname",,330,automatisch
03259,Veddershang,Huttrop,Gemeindestraße,Kotten,,330,automatisch
03202,Veitstraße,Holsterhausen,Gemeindestraße,"Person, Mann, Deutscher, Maler, Malerviertel-Holsterhausen",,330,automatisch
03204,Velberter Straße,Werden; Heidhausen; Fischlaken,Bundesstraße,Stadt und Ort,,330,unsicher
03203,Velberter Sträßchen,Werden,Gemeindestraße,Stadt und Ort,,330,unsicher
03257,Veldeckestraße,Freisenbruch,Gemeindestraße,"Person, Mann, Deutscher, Dichter, Minnesänger",,330,automatisch
03205,Veledastraße,Borbeck-Mitte,Gemeindestraße,Volkstum,,331,automatisch
03206,Velthover Winkel,Bedingrade,Gemeindestraße,Hofname,,331,automatisch
03258,Venusweg,Überruhr-Hinsel,Gemeindestraße,Planet,,331,automatisch
03208,Vereinstraße,Stadtkern,Gemeindestraße,Essener Geschichte und Örtlichkeit,,331,automatisch
03209,Veronikastraße,Rüttenscheid,Gemeindestraße,Weiblicher Vorname,,331,automatisch
03210,Verreshöhe,Stadtwald,Gemeindestraße,"Person, Mann, Deutscher, Konstrukteur, Kruppscher Beamter, Siedlung",,331,automatisch
02530,riahain - Ehemalige Zeche Victoria Mathias 1920 Victoriahain,Stoppenberg,Gemeindestraße,Bergbau,,332,unsicher
03229,Viefhaushof,Schonnebeck,Gemeindestraße,Hofname,,332,automatisch
03213,Viehauser Berg,Fischlaken; Werden,Gemeindestraße,Hofname,,332,automatisch
03214,Viehofer Platz,Stadtkern,Gemeindestraße,"Essener Geschichte und Örtlichkeit, Hofname, Platz",,332,automatisch
03215,Viehofer Straße,Stadtkern,Gemeindestraße,Essener Geschichte und Örtlichkeit,Viehofer Platz,332,automatisch
03216,Viereichenhöhe,Rellinghausen,Gemeindestraße,Botanik,,332,automatisch
03217,Vierhandbank,Kray,Gemeindestraße,Bergbau,,332,automatisch
03218,Viermännerhöfe,Katernberg,Gemeindestraße,Hofname,,333,automatisch
03219,Vieselmanns Ried,Dellwig,Gemeindestraße,Hofname,,333,automatisch
03220,Vietingstraße,Freisenbruch,Gemeindestraße,Hofname,,333,automatisch
03221,Viktoriastraße,Katernberg,Gemeindestraße,"Bergbau, Weiblicher Vorname",,333,automatisch
03222,Villenweg,Steele,Gemeindestraße,Volksmund,,333,automatisch
03223,Vinckestraße,Borbeck- Mitte,Gemeindestraße,"Person, Mann, Deutscher, Staatsbeamter",,333,automatisch
03224,Vinzenzstraße,Stoppenberg,Gemeindestraße,"Lagebezeichnung, Männlicher Vorname",,333,automatisch
03225,Virchowstraße,Holsterhausen; Rüttenscheid,Gemeindestraße,"Person, Mann, Deutscher, Mediziner, Archäologe, Politiker",,333,automatisch
03227,Vittinghoffstraße,Stadtwald,Gemeindestraße,Familienname,,334,automatisch
03260,Vöcklinger Hang,Rüttenscheid,Gemeindestraße,Flurname,,334,automatisch
03228,Vöcklinghauser Straße,Rüttenscheid,Gemeindestraße,Hofname,,334,automatisch
03230,Vogelheimer Straße,Vogelheim; Altenessen-Nord; Altenessen-Sügd,Landstraße,Bauerschaft,,334,automatisch
03231,Vogelsangsberg,Kray,Gemeindestraße,Flurname,Brandhoffs Delle,334,automatisch
03232,Vogenbeck,Frohnhausen,Gemeindestraße,Flurname,,334,automatisch
03233,Vogtei,Werden; Fischlaken,Gemeindestraße,Essener Geschichte und Örtlichkeit,,334,automatisch
03762,Volckmarstraße,Kettwig,Gemeindestraße,"Person, Mann, Deutscher, Industrieller",,334,automatisch
03263,Volkeningstraße,Ostviertel,Gemeindestraße,"Person, Mann, Deutscher, Kaufmann, Stadtverordneter",,334,automatisch
03234,Volksgartenweg,Leithe,Gemeindestraße,Lagebezeichnung,,335,automatisch
03235,Vollbergwinkel,Heisingen,Gemeindestraße,Flurname,,335,automatisch
03255,Vollmerskamp,Huttrop,Gemeindestraße,Flurname,,335,automatisch
03236,Vollmerstraße,Huttrop,Gemeindestraße,Hofname,,335,automatisch
03237,Von-Bergmann-Straße,Stoppenberg,Gemeindestraße,"Person, Mann, Deutscher, Mediziner",,335,automatisch
03238,Von-Bodenhausen-Weg,Stadtwald,Gemeindestraße,"Person, Mann, Deutscher, Jurist, Kunsthistoriker, Unternehmer, Manager, Kruppscher Beamter, Siedlung",,335,automatisch
03239,Vondernstraße,Dellwig,Gemeindestraße,Lehngut,,335,automatisch
03240,i & KEN wre Vondernstraße - Haus Vondern Von-der-Tann-Straße,Südostviertel,Gemeindestraße,"Person, Mann, Deutscher, General",,335,unsicher
03256,Von-der-Vogelweide-Straße,Freisenbruch,Gemeindestraße,"Person, Mann, Deutscher, Lyriker, Minnesänger",,336,automatisch
03241,Von-Einem-Straße,Rüttenscheid,Gemeindestraße,"Person, Mann, Deutscher, Generaloberst",,336,unsicher
03242,Vonnemanns Wiese,Dellwig,Gemeindestraße,Hofname,,336,automatisch
03243,Von-Oerdingen-Weg,Stadtwald,Gemeindestraße,"Person, Mann, Deutscher, Kruppscher Beamter, Siedlung",,336,automatisch
03264,Von-Ossietzky-Ring,Horst,Gemeindestraße,"Person, Mann, Deutscher, Journalist, Schriftsteller, Widerstandskämpfer",,336,automatisch
03244,Von-Schirp-Straße,Werden,Gemeindestraße,"Person, Mann, Deutscher, Bürgermeister",,336,automatisch
03245,Von-Schmoller-Straße,Südviertel,Gemeindestraße,"Person, Mann, Deutscher, Nationalökonom",,336,automatisch
03246,Von-Seeckt-Straße,Rüttenscheid,Gemeindestraße,"Person, Mann, Deutscher, Generaloberst",,336,automatisch
03247,Vorrathstraße,Ostviertel,Gemeindestraße,Hofname,,336,automatisch
03248,Voßbergring,Heisingen,Gemeindestraße,Flurname,,336,automatisch
03249,Voßbusch,Bredeney,Gemeindestraße,Flurname,,336,unsicher
03261,Vosselerweg,Altenessen- Süd,Gemeindestraße,Flurname,,336,automatisch
03250,Voßhegge,Heisingen,Gemeindestraße,"Flurname, Bergbau",,337,automatisch
03251,Voßkühlerstraße,Frohnhausen,Gemeindestraße,"Essener Geschichte und Örtlichkeit, Flurname",,337,automatisch
03252,Voßnacker Weg,Kupferdreh,Gemeindestraße,Bauerschaft,,337,automatisch
03254,Vryburg,Horst,Gemeindestraße,Burg,,337,automatisch
01598,Wacholder Hecken,Bredeney,Gemeindestraße,Flurname,,337,automatisch
03290,Wachtstraße,Borbeck-Mitte,Gemeindestraße,Essener Geschichte und Örtlichkeit,,337,automatisch
03291,Wackenberg,Leithe,Gemeindestraße,Stadt und Ort,,337,automatisch
03292,Wackerbeckstraße,Altenessen-Nord,Gemeindestraße,Kotten,,337,automatisch
03293,Wächtlerstraße,Südostviertel,Gemeindestraße,"Person, Mann, Deutscher, Pfarrer",,337,automatisch
03294,Wagenfuhr,Schonnebeck,Gemeindestraße,Hofname,,337,automatisch
03295,Waisenhausbrink,Steele,Gemeindestraße,Lagebezeichnung,,337,automatisch
03296,Waisenstraße,Altenessen- Süd,Gemeindestraße,Lagebezeichnung,,338,automatisch
03298,Waldeck,Bredeney,Gemeindestraße,Lagebezeichnung,,338,automatisch
03299,Waldemey,Karnap,Gemeindestraße,Flurname,,338,automatisch
03300,Waldfrieden,Bredeney,Gemeindestraße,Lagebezeichnung,,338,automatisch
03301,Wäaldlehne,Margarethenhöhe,Gemeindestraße,Botanik,,338,automatisch
03302,Waldsaum,Stadtwald,Gemeindestraße,Lagebezeichnung,,338,automatisch
03303,Waldthausenstraße,Ostviertel,Gemeindestraße,"Essener Geschichte und Örtlichkeit, Familienname",,338,automatisch
03304,Waldtrautstraße,Bredeney,Gemeindestraße,"Person, Frau, Deutsche, Familie Krupp",Arnoldstraße,338,automatisch
03305,Waldweg,Freisenbruch,Gemeindestraße,Botanik,,338,automatisch
03306,Walkmühlenstraße,Vogelheim,Gemeindestraße,"Industrie und Wirtschaft, Mühle",,338,automatisch
03307,Walkürenweg,Kray,Walkmühle —— 2 | 20. November 1937: Walkürenweg,,,338,unsicher
00525,Wallmannaue,Stoppenberg,Gemeindestraße,Hofname,,339,automatisch
03316,Wallneyer Straße,Schuir,Gemeindestraße,Hofname,,339,automatisch
03308,Wallotstraße,Huttrop,Gemeindestraße,"Person, Mann, Deutscher, Architekt",,339,automatisch
03309,Wallstraße,Bochold; Borbeck-Mitte,Gemeindestraße,Lagebezeichnung,,339,automatisch
03310,Walmanger,Borbeck-Mitte,Gemeindestraße,Botanik,,339,automatisch
03311,Walpurgisstraße,Rüttenscheid,Gemeindestraße,Weiblicher Vorname,,339,automatisch
03444,Walter-Hohmann-Straße,Südviertel,Gemeindestraße,"Person, Mann, Deutscher, Stadtbaurat, Ingenieur",,339,automatisch
03312,Walter-Sachsse-Weg,Bredeney,Gemeindestraße,"Person, Mann, Deutscher, Bürgermeister",,340,automatisch
03313,Wandastraße,Rüttenscheid,Gemeindestraße,Weiblicher Vorname,,340,automatisch
03448,„Wendin“ Wangeroogeweg,Margarethenhöhe,Gemeindestraße,Insel,,340,unsicher
03314,Warndtleite,Leithe,Gemeindestraße,Botanik,,340,automatisch
03315,Warthestraße,Bergerhausen,Gemeindestraße,Gewässer,,340,automatisch
03325,Wasserschnepfe,Heisingen,Gemeindestraße,Bergbau,,340,automatisch
03318,Waterfohrplatz,Frillendorf,Gemeindestraße,"Hofname, Platz",,340,automatisch
03319,Waterfohrstraße,Frillendorf,Gemeindestraße,Hofname,Waterfohrplatz,341,automatisch
03320,Waterloostraße,Nordviertel,Gemeindestraße,Stadt und Ort,,341,automatisch
03321,Wattenbachstraße,Frohnhausen,Gemeindestraße,"Person, Mann, Deutscher, Historiker",,341,automatisch
03322,Wattenscheider Straße,Kray; Leithe,Kreisstraße,Stadt und Ort,,341,automatisch
03323,1975 wurde Wattenscheid nach Bochum eingemeindet Weberplatz,Stadtkern,Gemeindestraße,"Essener Geschichte und Örtlichkeit, Platz",,341,unsicher
03324,Weberstraße,Stadtkern,Gemeindestraße,Essener Geschichte und Örtlichkeit,,341,automatisch
03326,Wechselpfad,Heisingen,Gemeindestraße,Lagebezeichnung,,341,automatisch
03447,Weckenkamp,Katernberg,Gemeindestraße,Flurname,,341,automatisch
03327,Weddigenstraße,Bredeney,Gemeindestraße,"Person, Mann, Deutscher, Kapitänleutnant, U-Boot-Kommandant",,341,automatisch
03328,Weg am Berge,Freisenbruch; Horst,Gemeindestraße,Flurname,,341,automatisch
03331,Weg zur Platte,Bredeney,Gemeindestraße,Flurname,,342,automatisch
03329,Wegenerstraße,Rüttenscheid,Gemeindestraße,"Person, Mann, Deutscher, Geophysiker, Polarforscher",,342,automatisch
03330,Wegmannstraße,Horst,Gemeindestraße,"Person, Mann, Deutscher, Lehrer",,342,automatisch
03332,Wehmenkamp,Rüttenscheid,Gemeindestraße,Flurname,,342,automatisch
03333,Wehnertweg,Stadtwald,Gemeindestraße,"Person, Mann, Deutscher, Schlosser, Kruppscher Beamter, Siedlung",,342,unsicher
03334,Wehrstraße,Rellinghausen,Gemeindestraße,Essener Geschichte und Örtlichkeit,,342,automatisch
03335,Weichselstraße,Bergerhausen,Gemeindestraße,Gewässer,,342,automatisch
03336,Weidenbruch,Bredeney,Gemeindestraße,Botanik,,342,automatisch
03337,Weidenstraße,Gerschede,Gemeindestraße,Essener Geschichte und Örtlichkeit,,342,automatisch
03338,Weidepfad,Schonnebeck,Gemeindestraße,Lagebezeichnung,,342,automatisch
03339,Weidkamp,Borbeck- Mitte; Bergeborbeck,Kreisstraße; Gemeindestraße,"Essener Geschichte und Örtlichkeit, Kotten, Gemeinheit",,342,automatisch
03403,Weigelwerkstraße,Altenessen- Süd,Gemeindestraße,Industrie und Wirtschaft,,343,automatisch
03340,Weiglestraße,Südviertel,Gemeindestraße,"Person, Mann, Deutscher, Geistlicher",,343,automatisch
03341,Weinberg,Werden; Fischlaken,Gemeindestraße,Flurname,,343,automatisch
03342,Weißbachstraße,Huttrop,Gemeindestraße,"Person, Mann, Deutscher, Architekt, Hochschullehrer",,343,automatisch
03450,Weißdornweg,Schuir,Gemeindestraße,Botanik,,343,automatisch
03343,Weißenburgstraße,Südostviertel,Gemeindestraße,"Stadt und Ort, Kriegserinnerung",,343,automatisch
03344,Weizenstraße,Bochold,Gemeindestraße,"Essener Geschichte und Örtlichkeit, Botanik",,343,automatisch
03345,Welkerhude,Altenessen- Nord,Gemeindestraße,Kotten,,343,automatisch
03346,Welterstraße,Frohnhausen,Gemeindestraße,"Person, Mann, Deutscher, Pädagoge, Historiker",,343,automatisch
03347,Wendelinstraße,Leithe,Gemeindestraße,"Person, Mann, Ire, Heiliger",,343,automatisch
03348,Wendersbachweg,Bedingrade,Gemeindestraße,Flurname,,343,automatisch
03349,Wendtwiese,Kray,Gemeindestraße,Lagebezeichnung,,343,automatisch
03350,Weneswaldstraße,Rellinghausen,Gemeindestraße,Bergbau,,344,automatisch
03351,Wengestraße,Schonnebeck,Gemeindestraße,"Person, Mann, Deutscher, Geistlicher",,344,automatisch
03352,Werdener Markt,Werden,Bundesstraße,Essener Geschichte und Ortlichkeit,,344,automatisch
03766,Werdener Straße,Kettwig,Landstraße,Lagebezeichnung,,344,automatisch
03353,Werdener Markt PP’ a Werderstraße,Südostviertel,Gemeindestraße,"Person, Mann, Deutscher, Graf, General",,344,unsicher
03460,Werkhausenstraße,Frintrop,Gemeindestraße,Familienname,,344,automatisch
03354,Werneraue,Horst,Gemeindestraße,Familienname,,344,automatisch
03355,Werner-Viebig-Weg,Kray,Gemeindestraße,"Person, Mann, Deutscher, Betriebsdirektor, Siedlung",,344,automatisch
03356,Werrastraße,Bergerhausen,Gemeindestraße,Gewässer,,344,automatisch
03357,Wersbaum,Katernberg,Gemeindestraße,Flurname,,344,automatisch
03358,Wertstraße,Dellwig,Gemeindestraße,Lagebezeichnung,,344,automatisch
03359,Weserstraße,Bergerhausen,Gemeindestraße,Gewässer,,344,automatisch
03360,Wesselbaumweg,Bedingrade,Gemeindestraße,"Person, Mann, Deutscher, Vollziehungsbeamter",,344,automatisch
03361,Wesselswerth,Werden,Gemeindestraße,Flurname,,345,automatisch
03362,Westbergkamp,Schonnebeck,Gemeindestraße,Flurname,Westbergstraße,345,automatisch
03363,Westbergstraße,Schonnebeck,Gemeindestraße,Flurname,,345,automatisch
03364,Westendhof,Westviertel,Gemeindestraße,Essener Geschichte und Örtlichkeit,Westendstraße,345,automatisch
03365,Westendstraße,Westviertel,Gemeindestraße,Essener Geschichte und Ortlichkeit,,345,automatisch
00533,Westerbergweg,Schönebeck,Gemeindestraße,Volkstum,,345,automatisch
03366,Westerdorfplatz,Altenessen- Süd,Gemeindestraße,"Essener Geschichte und Ortlichkeit, Hofname, Platz",,345,automatisch
03367,Westerdorfstraße,Altenessen- Süd,Gemeindestraße,"Essener Geschichte und Örtlichkeit, Hofname",Westerdorfplatz,345,automatisch
03368,Westernfeld,Bredeney,Gemeindestraße,Flurname,,345,automatisch
03369,Westerwaldstraße,Bredeney,Gemeindestraße,Stadt und Ort,,345,unsicher
03370,Westfalenstraße,Bergerhausen; Steele,Landstraße; Gemeindestraße,Stadt und Ort,,345,automatisch
03371,Westpreußenstraße,Heisingen,Gemeindestraße,Stadt und Ort,Elsaßstraße,346,automatisch
03452,Westuferstraße,Bergeborbeck,Gemeindestraße,Lagebezeichnung,Hafenstraße,346,automatisch
03372,Weubelshof,Kupferdreh,Gemeindestraße,Hofname,,346,automatisch
03373,Weuenstraße,Altendorf,Gemeindestraße,"Essener Geschichte und Örtlichkeit, Hofname",,346,automatisch
03374,Weyerstraße,Rüttenscheid,Gemeindestraße,"Person, Mann, Deutscher, Mediziner",,346,automatisch
03375,Wichteltal,Überruhr-Hinsel; Überruhr-Holthausen; Burgaltendorf,Gemeindestraße,Sage,,346,automatisch
03376,Wickenburgstraße,Frohnhausen,Landstraße,"Essener Geschichte und Örtlichkeit, Hofname",,346,automatisch
03377,Wickingstraße,Altenessen- Süd,Gemeindestraße,Industrie und Wirtschaft,,346,automatisch
03378,Wiebeanlage,Huttrop,Gemeindestraße,"Person, Mann, Deutscher, Beigeordneter",,347,automatisch
03379,Wiedbach,Bedingrade; Gerschede,Gemeindestraße,"Stadt und Ort, Gewässer, Siedlung",Bieberweg,347,unsicher
03380,Wiedfeldtstraße,Bredeney; Stadtwald; Rüttenscheid,Gemeindestraße,"Person, Mann, Deutscher, Politiker",,347,automatisch
03381,Wiehagenstraße,Vogelheim,Gemeindestraße,Bergbau,,347,automatisch
03382,Wieksiepen,Huttrop,Gemeindestraße,Flurname,,347,automatisch
03383,Wielandstraße,Borbeck- Mitte,Gemeindestraße,"Person, Mann, Deutscher, Dichter",,347,automatisch
03384,Wienenbuschstraße,Fulerum,Gemeindestraße,Flur-name,,347,automatisch
03386,Wieprechtstraße,Katernberg,Gemeindestraße,"Person, Mann, Deutscher, Schriftsteller, Dichter",,347,automatisch
03387,Wiesbadener Straße,Frohnhausen,Gemeindestraße,Stadt und Ort,,347,automatisch
03448,Wieselweg,Altenessen- Süd; Vogelheim,Gemeindestraße,"Person, Mann, Deutscher, Jäger",,347,unsicher
03388,WiesenbergstraßBe,Frohnhausen,Gemeindestraße,"Essener Geschichte und Örtlichkeit, Flurname",,348,automatisch
03389,Wiesengrund,Dellwig,Gemeindestraße,Lagebezeichnung,,348,automatisch
03390,Wiesenstraße,Südviertel,Gemeindestraße,Essener Geschichte und Örtlichkeit,,348,automatisch
03391,Wiesmannbrink,Freisenbruch,Gemeindestraße,Hofname,,348,automatisch
01542,Wiesmannskotten,Stoppenberg,Gemeindestraße,Kotten,,348,unsicher
03392,Wigstraße,Werden,Gemeindestraße,Stadt und Ort,,348,automatisch
03393,Wildbannstraße,Altenessen- Nord,Gemeindestraße,Lagebezeichnung,,348,automatisch
03394,Wildpferdehut,Altenessen- Süd,Gemeindestraße,Zoologie,Wildbannstraße,348,automatisch
03395,Wildstraße,Vogelheim,Gemeindestraße,Zoologie,,348,automatisch
03456,Wilhelm-Beckmann-Straße,Kray,Gemeindestraße,"Person, Mann, Deutscher, Gutsbesitzer, Ehrenbürger",,348,automatisch
03396,Wilhelm-Bernsau-Weg,Bredeney; Werden,Gemeindestraße,"Person, Mann, Deutscher, Beigeordneter",,348,automatisch
00837,Wilhelm-Döllken-Straße,Werden,Gemeindestraße,"Person, Mann, Deutscher, Industrieller",,348,automatisch
00835,ücke bis Heidhausen zurück zum Bahnhof” Wilhelm-Gefeller-Weg,Stoppenberg,Gemeindestraße,"Person, Mann, Deutscher, Politiker",,349,unsicher
03397,Wilhelminenstraße,Altenessen-Nord,Gemeindestraße,"Bergbau, Weiblicher Vorname",,349,automatisch
03399,Wilhelm-Meinrich-Weg,Frohnhausen,Gemeindestraße,"Person, Mann, Deutscher, Ingenieur, Kruppscher Beamter, Siedlung",,349,automatisch
03455,Wilhelm-Melchert-Straße,Werden,Gemeindestraße,"Person, Mann, Deutscher, Ratsherr",,349,automatisch
02518,Wilhelm-Nieswandt-Allee,Altenessen-Nord; Altenessen-Süd,Landstraße,"Person, Mann, Deutscher, Unternehmer, Politiker, Oberbürgermeister",,349,automatisch
03459,Wilhelm-Segerath-Straße,Frintrop,Gemeindestraße,"Person, Mann, Deutscher, Geistlicher",,349,unsicher
03400,Wilhelmshavener Straße,Karnap,Gemeindestraße,Stadt und Ort,,349,automatisch
03768,Wilhelmstraße,Kettwig,Gemeindestraße,Männlicher Vorname,,349,automatisch
02048,Wilhelm-Vogelsang-Weg,Horst,Gemeindestraße,"Person, Mann, Deutscher, Unternehmer",,349,automatisch
03402,Wilkenstraße,Frohnhausen,Gemeindestraße,"Person, Mann, Deutscher, Hochschullehrer, Bibliothekar, Historiker",,350,automatisch
03404,Willekestraße,Steele,Gemeindestraße,"Person, Mann, Deutscher, Geistlicher",,350,automatisch
02538,Willy-Brandt-Platz,Stadtkern,Gemeindestraße,"Person, Mann, Deutscher, Politiker, Bundeskanzler, Platz, (vorm.) Am Hauptbahnhof (tIw.)",,350,automatisch
03405,Wilmsweg,Bedingrade; Gerschede,Gemeindestraße,Lagebezeichnung,Stratmanns Hang,350,automatisch
03406,Wimberstraße,Heidhausen,Gemeindestraße,"Person, Mann, Deutscher, Lehrer",,350,automatisch
03407,Windhukweg,Gerschede,Gemeindestraße,Stadt und Ort,,350,automatisch
03408,Windmühlenstaße,Holsterhausen; _,Gemeindestraße,"Essener Geschichte und Örtlichkeit, Mühle",,350,automatisch
03409,Windscheidstraße,Holsterhausen,Gemeindestraße,"Person, Mann, Deutscher, Jurist",,350,automatisch
03410,Windweier,Katernberg,Gemeindestraße,Kotten,,350,automatisch
03457,Winkelskämpchen,Stoppenberg,Gemeindestraße,Flurname,,350,automatisch
03411,Winkelstraße,Margarethenhöhe,Gemeindestraße,Lagebezeichnung,,350,automatisch
03412,Winkhausstraße,Altenessen- Nord,Gemeindestraße,"Person, Mann, Deutscher, Generaldirektor, Stadtverordneter, Bergbau",,350,automatisch
03413,Wintersellweg,Schonnebeck,Gemeindestraße,Hofname,,351,automatisch
03446,Wintershove,Stoppenberg,Gemeindestraße,Hofname,,351,automatisch
03414,Wintgenhof,Fischlaken,Gemeindestraße,Hofname,,351,automatisch
03415,Wintgenstraße,Fischlaken,Gemeindestraße,Hofname,Wintgenhof,351,automatisch
00537,Wippenbeckhang,Rellinghausen,Gemeindestraße,"Lagebezeichnung, Gewässer",,351,automatisch
03417,Wisthoffweg,Frillendorf,Gemeindestraße,Hofname,,351,automatisch
03418,Wittekindstraße,Rüttenscheid; Stadtwald,Gemeindestraße,Kriegserinnerung,,352,automatisch
03420,Wittenbergstraße,Rüttenscheid; Stadtwald,Kreisstraße,Hofname,,352,automatisch
03421,Witteringstraße,Südviertel; Rüttenscheid,Kreisstraße,Hofname,,352,automatisch
03422,Wittgenbusch,Überruhr- Holthausen,Gemeindestraße,"Person, Mann, Deutscher, Geistliche",,352,automatisch
03423,Wittgenpfad,Überruhr- Holthausen,Gemeindestraße,"Person, Mann, Deutscher, Geistliche",Wittgenbusch,352,automatisch
03424,Wöhlerstraße,Holsterhausen,Gemeindestraße,"Person, Mann, Deutscher, Chemiker",,352,automatisch
03425,Woermannstraße,Karnap,Gemeindestraße,Industrie und Wirtschaft,,352,unsicher
03426,Wörthstraße,Südostviertel; Huttrop,Gemeindestraße,"Kriegserinnerung, Stadt und Ort",,353,automatisch
03427,Wohlgemuthweg,Kupferdreh,Gemeindestraße,Bergbau,,353,automatisch
03428,Wohlverwahrtstraße,Horst,Gemeindestraße,Industrie und Wirtschaft,,353,automatisch
03429,Wolbeckstraße,Altenessen- Nord,Gemeindestraße,Kotten,,353,automatisch
03430,Woldrüggen,Kray; Steele,Gemeindestraße,Botanik,,353,automatisch
03451,Wolfsbachtal,Schuir; Werden,Gemeindestraße,Flurname,,353,automatisch
03431,Wolfsbachweg,Bredeney,Gemeindestraße,Gewässer,,353,automatisch
03453,Wolfsbankring,Bochold,Gemeindestraße,Bergbau,Wolfsbankstraße,353,automatisch
03432,Wolfsbankstraße,Bochold,Gemeindestraße,"Bergbau, Industrie und Wirtschaft",,353,automatisch
03433,Wolfsdelle,Überruhr- Holthausen,Gemeindestraße,Bergbau,,354,automatisch
03434,Wolfskuhle,Steele,Gemeindestraße,Flurname,,354,automatisch
03445,Woltersberg,Gerschede,Gemeindestraße,Volkstum,Möllhoven,354,automatisch
03435,Woltmannweg,Frohnhausen,Gemeindestraße,"Person, Mann, Deutscher, Historiker",,354,automatisch
03436,Woodsiepenweg,Kray,Gemeindestraße,Flurname,,354,automatisch
03437,Wordstraße,Altendorf,Gemeindestraße,"Essener Geschichte und Örtlichkeit, Flurname",,354,automatisch
03454,Worringstraße,Burgaltendorf,Gemeindestraße,Kotten,,354,automatisch
03438,Wortbergrode,Margarethenhöhe,Gemeindestraße,Hofname,,354,automatisch
03439,Wüllnerskamp,Altenessen- Nord,Gemeindestraße,Kotten,,355,automatisch
03440,Wüstenhöferstraße,Alten-dorf; Bochold; Borbeck-Mitte,Kreisstraße; Gemeindestraße,"Person, Mann, Deutscher, Generaldirektor, Industrieller",,355,unsicher
03769,Wupperstraße,Kettwig,Gemeindestraße,Gewässer,,355,automatisch
03442,Wuppertaler Straße,Bergerhausen; Heisingen; Rellinghausen,Bundesstraße; Kreisstraße,Stadt und Ort,,355,automatisch
03443,Wusthoffstraße,Rüttenscheid,Gemeindestraße,Familienname,Riprechtborn,355,automatisch
03490,Zahnrad,Heidhausen,Gemeindestraße,Lagebezeichnung,,355,automatisch
03491,Zangenstraße,Altenessen- Süd,Gemeindestraße,Industrie und Wirtschaft,,355,automatisch
03492,Zeche Eiberg,Horst,Gemeindestraße,Bergbau,,355,unsicher
03493,208 ff Zeche Ernestine,Stoppenberg,Gemeindestraße,Bergbau,,356,unsicher
03537,Zeche Katharina,Kray,Gemeindestraße,Bergbau,,356,automatisch
03495,Zechenstraße,Bochold; Bergeborbeck,Gemeindestraße,"Essener Geschichte und Örtlichkeit, Bergbau",Carolus- Magnus-Straße,356,automatisch
03496,BET un 2 Zehntfeld,Frillendorf,,Lagebezeichnung,,357,unsicher
03497,Zeisigstraße,Stadtwald,Gemeindestraße,Zoologie,,357,automatisch
03498,Zeißbogen,Bredeney,Gemeindestraße,"Person, Mann, Deutscher, Feinmechaniker, Unternehmer",,357,automatisch
03499,Zementstraße,Kupferdreh,Gemeindestraße,Industrie und Wirtschaft,,357,unsicher
03500,Zielstraße - Lyzeum Borbeck 1913 Zerresbuschweg,Kupferdreh,Gemeindestraße,Kotten,,357,unsicher
03501,Zeunerstraße,Bredeney,Bundesstraße,"Person, Mann, Deutscher, Hochschullehrer, Physiker",,357,automatisch
03535,Ziegelbäckerweg,Bochold,Gemeindestraße,Industrie und Wirtschaft,,357,automatisch
03502,Ziegelstraße,Ostviertel,Gemeindestraße,Essener Geschichte und Örtlichkeit,,357,automatisch
03503,Zielstraße,Borbeck-Mitte,Gemeindestraße,Lagebezeichnung,,357,automatisch
03504,Zimmermannstraße,Werden; Fischlaken,Gemeindestraße,Kotten,,357,automatisch
03505,Zimmerstraße,Westviertel,Gemeindestraße,Essener Geschichte und Örtlichkeit,,357,automatisch
03533,Zindelstraße,Südviertel,Gemeindestraße,"Person, Mann, Deutscher, Architekt",,357,automatisch
03506,Zingelpfad,Kray,Gemeindestraße,Familienname,,358,automatisch
03507,Zinkstraße,Bochold,Gemeindestraße,Essener Geschichte und Örtlichkeit,Hüttenstraße,358,automatisch
03508,Zipfelweg,Bochold,Gemeindestraße,Lagebezeichnung,,358,automatisch
03509,Zirkelstraße,Altendorf,Gemeindestraße,"Person, Mann, Deutscher, Geologe, Mineraloge",,358,automatisch
03510,Zölestinstraße,Heisingen,Gemeindestraße,"Person, Mann, Deutscher, Geistlicher, Abt",,358,automatisch
03511,Zollernweg,Kray,Gemeindestraße,Bergbau,Beekerwerth,358,automatisch
03512,Zollstraße,Altendorf; Bochold,Gemeindestraße,"Person, Mann, Deutscher, Lehrer",,358,automatisch
03513,Zollvereinstraße,Katernberg,Landstraße,Bergbau,,358,automatisch
03534,Zornige Ameise,Bergerhausen,Gemeindestraße,Volksmund,,359,automatisch
03514,Zu den Brembergskotten,Kray; Leithe,Gemeindestraße,Kotten,Brembergstraße,359,automatisch
03515,Zugstraße,Dellwig,Gemeindestraße,Eisenbahnwesen,,359,automatisch
01618,Zum Felsbüschken,Kupferdreh,Gemeindestraße,Botanik,,359,automatisch
03516,Zum Gutswald,Kray,Gemeindestraße,Flurname,,359,automatisch
03517,Zum Oberhof,Kray; Steele,Gemeindestraße,Hofname,,359,automatisch
03519,Zum Timpen,Heidhausen; Kettwig,Gemeindestraße,"Flurname, Kotten",,360,automatisch
02511,Zum Wolbeckshof,Altenessen- Süd,Gemeindestraße,Hofname,,360,automatisch
03770,Zur Alten Fähre,Kettwig,Gemeindestraße,Lagebezeichnung,,360,automatisch
03520,Zur Beckhove,Kray,Gemeindestraße,Hofname,,360,automatisch
03521,Zur Eibe,Margarethenhöhe,Gemeindestraße,Botanik,,360,automatisch
00970,Zur Friedenseiche,Frintrop,Gemeindestraße,"Botanik, Platz",,360,automatisch
03522,Zur Hagelfier,Kray,Gemeindestraße,Kirche und Kloster,,360,automatisch
01145,Zur Halbinsel,Bergeborbeck,Gemeindestraße,Lagebezeichnung,,360,automatisch
01889,Zur Kammgarnspinnerei,Kettwig,Gemeindestraße,Lagebezeichnung,,360,automatisch
03771,Zur Kanzel,Kettwig,Gemeindestraße,Bergbau,,360,automatisch
03524,Zur Nieden,Altenessen- Süd,Gemeindestraße,Industrie und Wirtschaft,,361,automatisch
01132,Zur Schmiede,Altenessen- Süd,Gemeindestraße,Industrie und Wirtschaft,,361,automatisch
03525,Zur Tackenburg,Kupferdreh,Gemeindestraße,Hofname,,361,automatisch
00969,Zur Waldesquelle,Heisingen,Gemeindestraße,Lagebezeichnung,,361,automatisch
03526,Zur Wöllenbök,Heidhausen,Gemeindestraße,Hofname,,361,automatisch
03523,Zur-Linde-Weg,Huttrop,Gemeindestraße,"Person, Mann, Deutscher, Dichter, Philosoph, Schriftsteller",,361,automatisch
03527,Zweibachegge,Freisenbruch,Gemeindestraße,Gewässer,,361,automatisch
03528,Zweigertstraße,Rütten-scheid,Hauptstraße; Gemeindestraße,"Person, Mann, Deutscher, Oberbürgermeister, Ehrenbürger",,362,automatisch
03529,Zweigstraße,Borbeck-Mitte,Gemeindestraße,Lagebezeichnung,,362,automatisch
03530,Zweihonnschaftenwald,Bredeney,Gemeindestraße,Botanik,,362,unsicher
03531,Zwergstraße,Bedingrade,Gemeindestraße,Lagebezeichnung,,362,automatisch
03536,Zwinglistraße,Nordviertel,Gemeindestraße,"Person, Mann, Schweizer, Reformator",,362,automatisch
03532,Zwölfling,Stadtkern,Gemeindestraße,Essener Geschichte und Örtlichkeit,,362,automatisch
